,Open,High,Low,Close,Adj Close,Volume
2010-01-01,50.29071235468931,50.64486657781259,49.90192747329618,50.49671415301123,50.53487811814022,6442464
2010-01-04,50.759601053107005,51.081497140552806,49.861173891087006,50.38584711211402,50.3673700685128,5689323
2010-01-05,50.55453830874282,52.026009117695594,50.30298339183206,51.06093291048868,51.14271855558099,2982667
2010-01-06,52.10736930094163,53.32954768440141,52.07500245846167,52.61136002717068,52.76636718893428,2926479
2010-01-07,52.368833901724784,52.75216890528692,51.96184182669802,52.40460391272131,52.53630050561161,1468259
2010-01-08,51.92509350705403,52.720447640858424,51.78227820653164,52.19786421604611,52.428715102952694,5976581
2010-01-11,54.00876050091063,54.499332221718895,53.776015058009186,53.804474291827475,53.74973168764878,6137532
2010-01-12,54.67090161511053,55.156842083740614,54.23288247264803,54.59930628125436,54.43899547937207,7108006
2010-01-13,53.69958518581405,54.287155534657614,53.10005820896273,54.15722915559338,54.18480203067911,1579443
2010-01-14,54.35791837677985,55.068754202632554,53.771041681395815,54.727186459453314,54.51415712103409,5860772
2010-01-15,54.16960731359296,55.16242634919732,53.93351964045524,54.29116602691482,54.176530839718836,3699053
2010-01-18,53.51421129346945,54.78062958640327,53.21974457160123,53.852833533618536,53.695522974287584,1625451
2010-01-19,54.4385073513701,54.27081264302906,53.20504190454641,54.122193065458546,54.066211080563725,9336688
2010-01-20,52.14862645706131,53.23129347538287,51.775299219368776,52.23631008107472,52.03322396564906,9617469
2010-01-21,50.127840282782714,50.87115545021957,50.52063813491372,50.53878950883566,50.30218799354459,1542039
2010-01-22,49.9882409211252,50.6662646290021,49.92938296736676,50.003899239868666,50.08230235595802,9237625
2010-01-25,48.617335690680605,49.75553167758316,48.518092020977456,49.01846537980821,49.072507737062786,2343110
2010-01-26,48.99379606445274,50.16166508135,48.40307728877335,49.360109972677456,49.462956172644034,3460509
2010-01-27,48.227011542179234,49.39647229263435,47.80735435089883,48.47948315743022,48.55723767472836,8834957
2010-01-28,47.433212818297655,47.3893129895828,47.02778135600617,47.0945767163689,46.91293042908038,9449011
2010-01-29,49.000241016245084,49.421878500332085,48.40361084964953,48.587622745564424,48.48611294061141,5084110
2010-02-01,48.70499100085994,48.51668829861542,47.6427688342979,48.38924370535186,48.20997443375306,6716555
2010-02-02,48.32327660511531,49.167835621826534,47.66823901694682,48.484169170313756,48.65045648993047,1650228
2010-02-03,46.8725227830069,47.78556565419425,46.50511279016636,47.08681824437428,47.20307731981025,6960524
2010-02-04,46.61561622612893,47.20106194040204,45.96961919513713,46.56983278012307,46.43083440448827,1453192
2010-02-05,46.91539965577996,46.94385573423143,46.6816808309538,46.70815263010691,46.634031107945056,1957527
2010-02-08,46.034359905861955,46.380502002933724,44.829192627460905,45.584556312958576,45.797260686871965,5049510
2010-02-09,45.64878763681332,46.14295967521356,45.26263307894544,45.98765159157822,46.03095326902078,9829533
2010-02-10,45.00503740154143,45.46312601035493,45.17913159632009,45.41441016193339,45.551178200117356,6559548
2010-02-11,45.325617482034865,45.797986190056186,44.51017698314536,45.15011367241408,45.0438262570171,9997945
2010-02-12,44.87198895077228,44.99969856928555,44.38425798259166,44.57580432045866,44.4465580775249,7860718
2010-02-15,46.777275739937586,47.24438488293951,46.418008625628424,46.45547976524157,46.587374736671975,7178434
2010-02-16,46.63524160963083,46.825704348024985,46.282445992988656,46.46937980077761,46.555753577944145,1498909
2010-02-17,45.85166721506345,45.591994570332034,45.27673154521687,45.43906613209568,45.52130081303471,3772296
2010-02-18,46.29919629629493,47.063369896341825,45.97632790795927,46.289008304472844,46.31337233042679,4143027
2010-02-19,45.468786131968216,45.59062968036063,44.718157610614135,45.09556191477579,45.12423292570698,4836056
2010-02-22,45.755958307730126,45.50335457264411,44.870762872033445,45.33182277005452,45.43866874543339,7369134
2010-02-23,43.70087945406077,44.02483673241791,42.985731834184385,43.39954990644872,43.29973201845932,2360855
2010-02-24,41.93858254182252,42.52910613724089,41.870859806280386,42.09876111782426,42.036778465975274,5086239
2010-02-25,42.06587819488863,42.834546617974,42.29832779840309,42.323019613967354,42.48030751724727,6268038
2010-02-26,43.130352251672974,43.486075349821434,42.56742038866581,43.088883454236736,43.006525603460375,5265891
2010-03-01,43.24697137583032,44.00510626792263,42.945031729974765,43.28764899570068,43.307695320410765,5160344
2010-03-02,43.52577663283095,43.916130171563246,42.941348825774135,43.19939797358642,43.28693700209421,6196368
2010-03-03,42.58231319601412,43.534711653197725,42.18141066254291,42.9256915382711,43.14028772736075,5253621
2010-03-04,41.273614287936034,41.56199633754771,40.85514970402095,41.47456680817764,41.447729168227994,8327065
2010-03-05,40.98749775477687,41.46632463488177,40.08248991194586,40.78211986005691,40.75279461081417,8172114
2010-03-08,40.02204165753747,40.89037077181852,39.94943833799339,40.34887834937109,40.48710891782786,3040696
2010-03-09,41.284871049060314,42.01099942728933,41.324899302693645,41.43339783586398,41.559978155353214,6968597
2010-03-10,41.710065334600124,42.10789907994964,41.22231081123433,41.80441338570641,41.90101330254139,4772142
2010-03-11,40.16701414457853,40.7734035052726,39.903628030768914,40.06877049061765,40.05403705842251,3105490
2010-03-12,40.14388442998698,41.006645773731215,40.0635594344635,40.420251720286416,40.349087469474426,9653229
2010-03-15,40.35150152908422,40.15277996164661,40.01048473128755,40.06256670014408,40.10612692225302,5928335
2010-03-16,39.37169155861807,39.73447741572134,38.7624836662175,39.413041960112096,39.56132300449779,3401719
2010-03-17,40.386167544708854,40.76214368207369,39.95123172717612,40.05211550922694,40.205826500087014,7058548
2010-03-18,41.08409460578695,41.1493179037023,40.367976268708404,41.110512291996855,40.94956395602367,7927646
2010-03-19,41.879912191086056,42.878110033885925,41.34204004885985,42.06918967138702,42.03904721638536,6081787
2010-03-22,40.96182540191264,41.817778627829234,40.87402015377309,41.25736940843836,41.24281461558721,3779653
2010-03-23,40.56886789656599,41.49297390588381,40.365536297474364,40.97555429286112,41.17125983709186,7661914
2010-03-24,41.360799072493165,41.557882074013285,40.822129467492395,41.334214984538654,41.407789066827235,7617862
2010-03-25,42.004519997040674,42.5478201141889,41.65715857491057,42.337157371934985,42.29788814164312,6904944
2010-03-26,41.79467991823454,42.674549731902005,41.52365397631078,41.88538039436367,41.68686793705965,7041287
2010-03-29,41.80161974548846,41.97603967989779,41.07132820036937,41.72711867797383,41.7544020213262,3182136
2010-03-30,40.46582175913116,41.27863855703701,40.27222039647754,40.648180964241774,40.4839931958612,8984811
2010-03-31,39.22293278346562,39.78977563154804,38.73639684040423,39.47937160043507,39.611410341913896,6528950
2010-04-01,40.54082632425937,40.43158720141904,39.92709108192706,40.319294683103244,40.421108425988436,7404573
2010-04-02,42.07558200921459,41.711869158565015,41.31708037142075,41.70293197194804,41.6864631337694,8091221
2010-04-05,41.32541949911326,42.11177602711547,41.00422362796571,41.65831911064168,41.62882951128722,3376238
2010-04-06,42.39519745894932,43.52235457313283,41.98779857126227,42.68924926880767,42.85887029026143,2988527
2010-04-07,43.47461365868144,43.39631761928665,42.600553779330944,43.078282554129274,42.98715404460273,8495937
2010-04-08,42.06804124359159,42.763891790806355,42.30787374262757,42.460560059798134,42.35399253007037,5717198
2010-04-09,43.25867765673093,43.144234989019814,42.448490175137586,42.84935292558052,43.03754618361212,5408366
2010-04-12,43.974764559313144,44.877183622903054,43.55485207677009,44.41478675232046,44.55213763125495,6324172
2010-04-13,44.73822325521095,44.79772442467813,43.73761048474069,44.406357973484475,44.54873612209651,8016374
2010-04-14,45.82114422595442,46.80789216935163,45.252155269221724,45.99839888957246,45.85819292442301,7332560
2010-04-15,43.78679925307956,43.844904271561504,43.37755454020968,43.40605104575668,43.251219921714934,5942345
2010-04-16,44.093327801027286,44.70477083552125,43.841245117429025,44.25535081040588,44.04559352493979,1269432
2010-04-19,44.506725936420146,44.49258552513395,43.79598619426041,44.36979513891802,44.25312099512485,8374285
2010-04-20,43.72778901966813,44.964925651321444,43.36612635114369,44.09818504872612,44.219098079148324,4010212
2010-04-21,43.98947326293831,44.43840582708821,44.17376808462466,44.2173430855356,44.10239498126997,7318461
2010-04-22,42.48846973243579,42.319174590719314,41.53673830870475,42.25717143120869,42.3539839985119,1311968
2010-04-23,42.08903015313963,42.62280037422248,41.60352822742373,42.06489680364515,41.96053727149358,5534150
2010-04-26,42.8127472900545,42.95486561830785,42.28188941599417,42.44940663543086,42.40495892210814,7738246
2010-04-27,43.89206373394559,44.31964997689715,43.6758007962648,43.95469794044635,44.167070465539055,5648232
2010-04-28,43.785294181328304,43.830826769693445,43.218750248552496,43.46382498244668,43.35291039995628,7976117
2010-04-29,42.639154215614354,43.35290204596634,42.22955839769674,42.68272863982746,42.62996025015806,3676707
2010-04-30,42.61293461894298,42.37358308258108,42.16473749167112,42.2083688565169,42.12441099994476,3100998
2010-05-03,43.548016049527874,43.85906601370678,43.014347825559334,43.15116823449294,42.982716855598774,9452179
2010-05-04,43.35864053547767,44.07182152603538,42.8001547336193,43.507316604426606,43.50291981684787,2849489
2010-05-05,43.33688625219217,43.36530917506794,42.89090109138711,43.00495366093354,42.952784636913506,7416364
2010-05-06,43.84835739906518,43.94452114098324,43.34235065681795,43.545618354320865,43.63048314092836,6809322
2010-05-07,43.417400883885676,43.894249312904535,43.274118432252344,43.67009316394288,43.80878699848022,8325005
2010-05-10,44.777166852192515,45.338016227382084,44.20417958246443,44.66613541474974,44.685900052147,4071284
2010-05-11,43.61551283737849,44.44272195622251,43.31963248470844,43.99147958114636,43.78568586568904,5158989
2010-05-12,43.98544070248378,43.971585189084415,43.300324752954,43.69121469482256,43.74317331680521,6270266
2010-05-13,43.044488021649364,43.84299915409794,42.64206235183771,43.32650380196438,43.133870149703014,4834424
2010-05-14,41.53081135663726,42.724620127377186,41.37233080301891,41.89038611410623,41.939128227330045,7920538
2010-05-17,42.1296608217012,42.581386050175375,42.11841602138396,42.213903651444774,42.292012015955585,2196439
2010-05-18,42.567743626562425,43.28498726092555,42.369467094352366,42.50235618389864,42.373900304485595,8417513
2010-05-19,42.836793812678714,42.828371808109694,42.16308347395161,42.534866900815075,42.67070036012676,6677669
2010-05-20,42.72914871677573,42.37401119454537,41.99168890678594,42.327677027713904,42.50167981451552,6544923
2010-05-21,40.89016037398348,41.106935771663885,40.33089390649283,40.93970354593746,41.06788042088664,6857385
2010-05-24,40.190009098050275,40.88598756324749,40.075518831718526,40.54645548344607,40.46743416801408,4947135
2010-05-25,40.43158229308001,40.40786149062943,39.91883751454631,40.23113822719327,40.26599569729448,1244985
2010-05-26,39.50768807477554,39.456437379816926,39.32150698150084,39.45625821824562,39.61992875463892,1110295
2010-05-27,39.281389050732,40.04197034294455,39.1439743185639,39.32236976685359,39.25185088737654,5586739
2010-05-28,39.6021720787962,40.42476645254376,39.29625063033726,39.753817883942105,39.881041161583454,8262497
2010-05-31,41.66939985385812,42.28598880747204,41.31452915538749,41.66740104542661,41.46301208114186,6549318
2010-06-01,41.734288432200835,42.00990196699808,41.43818224768709,41.869376118532415,41.66155608964459,6056332
2010-06-02,42.37100699924183,42.25580067276144,42.01042793217149,42.15432376952916,42.26380346369566,9787257
2010-06-03,42.144239993116706,42.164208149737945,41.5490115951912,42.10727511403696,42.21736356672222,6939244
2010-06-04,40.5190066157594,40.79825088485052,39.53018888428205,40.21590115901189,40.33211593925066,6327180
2010-06-07,40.25180846850969,40.96385793658834,40.009314592440795,40.216784543836646,40.3897275107108,5395472
2010-06-08,40.09342842340542,40.651461876309384,39.908208176677775,40.30441201405164,40.150411399688004,1659784
2010-06-09,43.09555128964323,42.897024010417496,41.960096543317135,42.7950513868109,42.6803542234103,5234919
2010-06-10,42.678872740353064,43.06695469981561,42.34596518992213,42.63008768230375,42.802195969854424,6269743
2010-06-11,42.70715577877131,43.2587419084018,42.44777998205938,42.959032284911345,42.82037607890837,9107891
2010-06-14,43.057815227406216,43.273705262798,42.874236570288815,42.95171777548007,43.02998837619389,3724541
2010-06-15,41.6914585134292,42.32999909645998,41.30368195651268,41.810436998134506,41.82317371157431,4664454
2010-06-16,43.27671266324182,43.598476608087935,42.90360842269863,42.980657072923506,42.801510976512795,5831205
2010-06-17,43.719115308948034,43.85678760767047,42.92046475527067,43.75998736588425,43.666018771479905,9869764
2010-06-18,44.780304517023545,44.61014769589782,43.940354416602034,44.57841657320127,44.58749818471152,5311760
2010-06-21,43.3429539321632,44.565399996028454,43.00763105554233,43.6964263786805,43.85039078801245,9554855
2010-06-22,45.03277655788049,45.336662815642995,44.491140980182706,45.12661794989057,45.220273051197964,5117881
2010-06-23,44.17502132039932,43.799268186610945,43.23612571559448,43.75216414737226,43.80549066824003,9976768
2010-06-24,44.64012406732692,44.5349002677219,43.96719812675073,44.36641850144651,44.3646584367955,4913799
2010-06-25,46.26744318852317,46.620567845269875,45.78453741803804,46.584271387530464,46.490489788203874,3280687
2010-06-28,45.41835920856068,45.978629456049646,44.748093790673025,45.621132322673745,45.44742753984139,9448503
2010-06-29,44.92878619008671,45.805713119068386,44.632278564343586,45.08223185334494,45.041241300437775,6186973
2010-06-30,45.345238854682094,45.51782879952453,44.366999892446444,45.20928047870656,44.99612708221368,8413262
2010-07-01,44.96312605508437,45.130597006917,44.21131510595897,44.73320208486433,44.60394813189776,2843681
2010-07-02,43.42557648958108,43.79377713787704,42.74466498981327,43.20993591407217,43.1807620240554,6537211
2010-07-05,43.31444824629169,43.746658424139476,42.912260508453215,43.30589614915217,43.27064739538845,3560282
2010-07-06,42.53376353074341,42.99927293004429,42.09405367947852,42.27098969570004,42.07835886429394,8101441
2010-07-07,42.71815348766393,43.5128205874317,42.768797441492495,42.771979386609196,42.81007217711672,5901951
2010-07-08,41.56491513211147,41.888253601760276,41.677667026887555,41.87995241264936,41.900760155357275,3403076
2010-07-09,43.51329342632599,44.13351966527354,43.01426038455117,43.457284077940876,43.273939666826635,8821308
2010-07-12,43.08770634647052,43.09490769945937,42.376931394643904,42.70142804587861,42.89066499785092,7007107
2010-07-13,42.655262041278036,43.24543433516666,42.02638764740315,42.40676378994691,42.23687499131475,2092886
2010-07-14,43.31575067340744,43.665651574511365,42.399463093722716,43.247678267590544,43.4011357997012,6479776
2010-07-15,42.16765777524558,42.874076442862766,41.74967270075157,42.044211211430564,41.834120379713944,2315707
2010-07-16,42.6633158590034,42.93742002684758,41.91653006462548,42.29906840630866,42.460769748206296,8038414
2010-07-19,43.571075171901896,43.85055898459969,43.51709311514857,43.633608420865066,43.424044809492415,9945352
2010-07-20,41.911713039325804,42.50635055350919,42.0131866150273,42.053522446577816,42.16194148727955,4839268
2010-07-21,42.668971143967184,43.10421680567427,41.61009131790174,42.265553565384096,42.20709642114836,3843356
2010-07-22,42.86214432371774,43.28264076541938,42.067149895936126,42.55283361990649,42.65420161852316,8266465
2010-07-23,43.20858988004733,43.446494321602486,42.70233929817681,43.36205375195777,43.319448455120266,1641471
2010-07-26,42.121965533740486,42.748007217521675,42.026158467849115,42.152500301353655,41.9716272620215,3449078
2010-07-27,40.79004374508244,41.14184472218157,40.392148870367,40.85944094854335,40.96874268878182,9124680
2010-07-28,41.11816937915839,41.414562313324836,41.19871926720533,41.40877977443422,41.23124074311015,8086211
2010-07-29,42.11528666541576,42.06993243847099,41.54280689425947,41.73316170794138,41.90932591208334,4848311
2010-07-30,41.93065311035285,42.20829742207571,42.001367419088396,42.01105181856123,41.822411288058866,5290427
2010-08-02,42.70306298067081,43.07905108680381,42.27440772471294,42.384897288332176,42.37613432855098,5648352
2010-08-03,41.47299243249734,42.013821266813004,41.474140621467654,41.732269827027665,41.82534715751749,6603832
2010-08-04,42.03212453022596,42.686906972538125,41.893761511340216,41.991920784462636,41.947092924523496,2263724
2010-08-05,41.90954388254956,42.31289652246497,41.47810997151192,42.31239051803529,42.19274524155057,4368173
2010-08-06,41.84540221898812,41.88169848908067,41.368496986886115,41.6254363602829,41.73328410353405,5464932
2010-08-09,43.58903333630539,43.72851162083077,43.40517779636732,43.518608131701626,43.64232923021781,2643323
2010-08-10,44.13040697604982,44.22547026227555,43.84456688845454,44.01983831288739,44.20590796138079,1127162
2010-08-11,42.471703687792534,42.914376098861865,42.352200683266226,42.855932075958705,42.80286147979871,2725874
2010-08-12,43.288255799301105,43.70283032146284,43.484113994217516,43.539882944866505,43.54260494274867,3676330
2010-08-13,42.22999144966215,43.0658445308408,41.85793232155498,42.592598534913165,42.53430138206611,9758449
2010-08-16,43.223828133630256,43.66002306920532,42.57236252132576,43.407080398929594,43.301636710037,1126193
2010-08-17,44.706731178270466,44.96533156016398,44.373008722187755,44.59307323821096,44.70501655060148,6118708
2010-08-18,43.857766822005125,44.12992197075952,43.40550663163003,43.79978818013323,43.7295560278999,7359152
2010-08-19,44.891026639451525,45.5752070390989,44.77073327981858,44.79056156965152,44.75837930122897,9273772
2010-08-20,45.27529318562976,46.04968662538984,44.65114380817804,45.23073975686199,45.18717063962461,9707237
2010-08-23,45.87101962015471,46.53450826620531,45.69872128969414,46.08019717713045,46.17819188922777,5331597
2010-08-24,47.7590921984504,48.32136610301813,47.74510759540225,48.00438742005837,48.204947651040605,1025294
2010-08-25,47.43952436649539,47.8884689802256,47.58871656048657,47.78639656432947,47.866083277080875,4662701
2010-08-26,47.38860357025537,47.95740154978927,46.444490385330894,47.06005766024595,47.046684413582355,7183744
2010-08-27,46.30556262038053,46.25358770722346,45.81337309827586,46.19794049089441,46.32692750364902,4153983
2010-08-30,45.12481973044196,45.679850635294144,45.2463625978077,45.409527466202945,45.47354187834966,4779445
2010-08-31,45.06698850900528,45.6302276197116,44.73466569754895,45.35982301706281,45.160516652696145,8266609
2010-09-01,46.06953846915129,46.0214008378072,45.211575537991905,45.72837225215343,45.54347579180003,1936402
2010-09-02,46.25593028880989,46.18371086361104,45.24192456597028,46.03246031175742,45.819752112430756,3645295
2010-09-03,47.03651584439469,47.621443260691514,46.77687887574514,46.887040821067416,46.86679327430774,3131910
2010-09-06,46.84002739316326,47.04241019450443,46.19005352718506,46.92743997321929,47.08035464801939,5072839
2010-09-07,48.1779238053423,49.0230672567284,47.75629429664646,48.40837131065058,48.317887917228084,7552728
2010-09-08,48.633025263339135,48.29042775350089,48.060307643906555,48.1711117376866,48.11531041004735,1629382
2010-09-09,51.22137908971727,50.99050979314474,50.21109110202227,50.918678164550194,51.12717849551755,5006249
2010-09-10,51.3672909542572,52.509760061267,51.11631550850828,51.571742772589175,51.74548975079987,8733963
2010-09-13,51.094705012490735,50.934932687023114,49.7829744478632,50.741982476446864,50.82573116070973,4810925
2010-09-14,49.955857761537885,50.51478504518238,49.557729840629065,49.69848723865972,49.5825922460618,4072542
2010-09-15,50.0045918706458,50.75525733743739,49.562844747728334,50.208356914176875,50.01607973497185,4589643
2010-09-16,49.938826188017664,50.09016704802933,49.630217442354514,50.012291389125,49.77026131737181,5792120
2010-09-17,50.434908719306904,51.723539553510236,49.78245165630904,50.753689143491066,50.55423256189762,4245082
2010-09-20,50.85561914742109,51.507480581846956,50.91607122425008,51.25432402833858,51.148020737507295,4879981
2010-09-21,51.43704031525842,52.08932209538874,50.22344288225914,51.20889237595568,51.23541349387554,7099590
2010-09-22,50.15519671186348,50.55962094010976,49.48098756587482,50.389495918161245,50.169797757656575,3615100
2010-09-23,49.21507710998238,49.73723703503692,48.63760008578365,48.90204595374936,48.72415389473567,5207673
2010-09-24,48.9634994940834,48.49575569369788,47.703767095529095,48.48292826195631,48.328306847642736,2109004
2010-09-27,48.948706458017234,49.87202281075506,48.38372995337703,49.36672431655376,49.431879552544046,3757556
2010-09-28,49.58146173453892,50.37162878409909,49.35753210865088,49.60821532095793,49.6656565737557,9453731
2010-09-29,48.68220918503023,49.29456654497265,47.967161960452366,48.389873802519915,48.414439273446334,1993328
2010-09-30,48.87125708195431,49.474022843591364,48.08493564653376,48.590451988645064,48.46921950319959,9526941
2010-10-01,49.257980310101225,49.806450909756414,48.71411543681241,49.003166628647875,48.94001119618427,9104542
2010-10-04,48.00129852226286,49.0019762164405,48.13200741765102,48.14670645272072,47.952525834352215,6187143
2010-10-05,48.28322537974414,48.52038591643016,48.115061450307806,48.32782881894022,48.19563316777205,4508739
2010-10-06,48.50538968518004,48.68860155507937,48.14044413831749,48.413434797660194,48.605977558165385,9403167
2010-10-07,47.746189284190564,47.57121362699829,46.87823541310813,47.297861760103544,47.52474569920739,2979772
2010-10-08,47.51858495115935,48.042627982325584,47.51987263244493,47.6830463807258,47.75345496943225,9323274
2010-10-11,48.679741670400155,48.650949603830114,47.428166961367765,48.271228167368,48.47243388971536,1492461
2010-10-12,49.15388582896182,49.91949777024663,48.685482798053286,49.38167667081725,49.45216501454726,4424844
2010-10-13,50.95647806508039,50.62423583654557,50.3768867604702,50.462875983126125,50.22731350482465,4137731
2010-10-14,49.27984573555372,49.791582347017865,48.47404921473798,49.11260387544301,49.35657691600879,3827585
2010-10-15,48.16699957481721,48.363717532508254,47.57202280416455,48.20217609580185,48.00886237803264,6506389
2010-10-18,48.85515206403623,49.04712593353792,47.81239608595335,48.744608623284485,48.833636654581404,8576964
2010-10-19,49.06157220544038,49.781947101029665,49.282814113734304,49.28579183447067,49.16397520002794,6030419
2010-10-20,49.603186411065295,50.621941358683195,49.581156044758096,49.82823678105069,49.77441287422172,8207294
2010-10-21,53.29325845563087,54.502679209548155,52.71176225374448,53.70836553197939,53.78674439738839,9264258
2010-10-22,53.88746056944876,55.007789512721075,53.29423183543748,54.30665330294653,54.27216170793156,7049412
2010-10-25,55.30062440264806,55.64242986298379,54.67020316092365,55.469616203401095,55.33124505968593,2431483
2010-10-26,56.747784398873726,57.0686405298742,55.58645288923103,56.45101522716827,56.3575584189138,7877389
2010-10-27,57.25317117103457,57.229719768457386,57.025275670108826,57.12980373874804,57.0392804889259,2118127
2010-10-28,56.39013452838564,57.27093279322351,56.257737851767864,56.84193175438167,57.1030203347138,2315560
2010-10-29,58.0342740653614,58.104903313803185,57.361383561385104,57.62829823514891,57.800383834534244,8950389
2010-11-01,56.99819191242046,56.92816205979908,56.67670623153673,56.882870280885314,56.85929163233611,8912425
2010-11-02,57.195814434360365,56.98400594569827,55.75499528153412,56.67344893441928,56.50332709699713,6248579
2010-11-03,56.406823810664214,57.289928567736226,56.06365796627954,56.215482646864146,56.3903218543578,8859689
2010-11-04,55.958840128324624,57.3990164882595,55.796820282777986,56.32475404652444,56.131662916829484,4563863
2010-11-05,58.636048943491744,59.08020795957421,57.56554205080848,58.66680987347192,58.49694729289075,4564222
2010-11-08,56.99571522823846,56.875926888931424,56.615736592505804,56.826941941154146,56.75080144912622,6387550
2010-11-09,56.997720754685524,57.74670399494227,56.41511283573985,57.54059939180263,57.759454023471775,9849258
2010-11-10,55.41241413342407,56.39421391606362,54.8425675124805,55.95528078088695,55.74924597744851,4365275
2010-11-11,55.09930385602894,56.56298534025429,54.893891718486344,55.51074617537149,55.301045557029624,6893641
2010-11-12,56.345843604846394,56.78700788557758,56.43440025367326,56.62709403261283,56.623682243574976,3062904
2010-11-15,56.63885356894708,57.58488492258412,56.36018969498788,56.718771311982266,56.59195411810749,9544454
2010-11-16,55.65444041373901,55.789427507546016,55.1958068561851,55.668423794326934,55.70668355614875,5281724
2010-11-17,54.582488758834444,56.059518330421106,54.64038122768771,54.980517345340935,54.95392694437441,9663804
2010-11-18,55.88062726863334,56.11253782472639,55.37495440811959,55.68751235454958,55.65129269886341,8423606
2010-11-19,55.09026513081974,55.837061319628106,53.91539085838922,54.98454298310642,54.771188094277775,5848763
2010-11-22,55.001370458488516,55.606813972124556,55.05899695585306,55.22839883296237,55.0301563242814,9143015
2010-11-23,54.76346245860432,55.99558688345895,54.49028720322832,55.30136793314015,55.47892877860853,3167067
2010-11-24,54.21530455470433,54.88714274817586,54.67671617654231,54.67716484580831,54.88815458634193,4415533
2010-11-25,56.72536639090027,57.014527731810865,56.17066431190529,56.84850619540761,56.697677747162444,5389923
2010-11-26,57.11182500525367,58.5887805207904,56.45630808685233,57.50982247799959,57.28752429861913,5528951
2010-11-29,55.37531716107435,56.53088728139598,55.19240075869829,55.512077151615955,55.26416946999399,1619694
2010-11-30,55.86879062031818,56.7150293448479,55.51915658117625,55.725928726659355,55.786278577705836,9117363
2010-12-01,55.143587174663686,55.780661354931674,54.373498658658114,55.09153952216494,55.21018092234175,3969514
2010-12-02,55.67044103440803,56.87616770131478,55.17366457495592,55.97137011723514,55.90018012553991,4814619
2010-12-03,55.033807157735495,55.28247204240312,54.44657498858692,55.20624663907641,55.30543894163419,2987450
2010-12-06,55.24461295937554,55.4879715822412,54.76689950669071,55.11890745788348,55.236288030355134,7553153
2010-12-07,56.05293296782354,56.00045168106342,55.370584206638945,55.65129199713791,55.8935656013451,6164808
2010-12-08,56.8308007160053,57.26328868354316,55.46340650188847,56.54444445158201,56.29840466743349,6238905
2010-12-09,55.43068214490189,55.765743944406715,54.34905489375884,55.37154530480021,55.201162476922484,8780226
2010-12-10,54.9127861469367,55.22799018852946,54.56080365654669,55.06444132923323,54.82685257482269,8816189
2010-12-13,54.46948367889528,55.26843685038442,53.692563676735354,54.61689327834625,54.81788013218722,4342624
2010-12-14,54.400663412393094,54.870348721028726,53.50253371847111,53.99096130604651,54.148931926406696,7463112
2010-12-15,55.26975780452971,56.21013891628077,55.310332055774886,55.783812806601574,55.82545099955224,5195380
2010-12-16,56.7648422962962,56.36490464692019,56.03993945931848,56.2161917778365,55.982143201989565,6408091
2010-12-17,55.16346117853294,55.19899406670164,54.51380591477475,54.98270508377543,54.85806608647264,5916274
2010-12-20,56.130577546414045,56.19360344732912,55.32683158407529,55.92796429110418,55.81483311995836,8508806
2010-12-21,57.540878972316214,58.42586390398758,58.05137783887769,58.07751774839079,58.11279588883758,2731471
2010-12-22,59.2621947663915,59.89764459961009,58.61210667582466,59.13738026921591,58.994293766747816,2671207
2010-12-23,57.62785806493599,58.33824251112873,56.74457561030198,57.64540756353587,57.399238536628616,7230194
2010-12-24,56.73767193345152,57.98472699917425,56.410753510766384,57.18857075094358,57.320540413205464,1159270
2010-12-27,58.22312395623696,58.906882355539445,57.73996297185187,58.48287916040418,58.36537548337728,7668470
2010-12-28,58.25383081708728,58.755191203129584,56.75111345638345,57.802606955059375,57.77507798779504,5027555
2010-12-29,58.33208396608736,58.511683010959594,58.25280776026971,58.273823643479574,58.05685075498333,6957353
2010-12-30,58.97355516024844,59.63003462057071,58.41769370906006,59.075854957182884,59.25458795407168,4511672
2010-12-31,57.67912613808756,59.10823512114131,57.26022054725216,58.17632174587877,58.214445781444226,8123648
2011-01-03,58.39319212116959,58.35369723612102,57.514683463662365,58.14419365009094,58.37769237426534,4443148
2011-01-04,55.153176797608744,55.05101989802028,54.57448982017145,54.93032357029585,54.92783608523496,2519346
2011-01-05,54.056348226294595,54.88653362650157,53.78636424674899,53.93333318923553,54.17140876759989,3024108
2011-01-06,53.71918605549288,54.07652473780252,52.75477466789797,53.70816229811634,53.91862750932018,4683364
2011-01-07,52.41826618663405,53.20567282016034,51.99359095286403,52.487776376425465,52.52790845490152,2881686
2011-01-10,54.248593029232524,54.17503625468123,53.196628596302226,54.14758494063107,54.382527758605086,7960768
2011-01-11,52.46360053371925,53.4727690887349,52.12682728407398,52.74484082294441,52.651529264307044,3097470
2011-01-12,52.79403469197669,52.6630390971612,51.626554549162506,52.3321935965214,52.26188119299567,8679530
2011-01-13,52.583548519405525,52.54884855166593,51.646012743023824,52.49033143408146,52.25175130428102,5482459
2011-01-14,53.75524463803021,54.61709974361936,53.24765447665232,53.95900198342156,54.007133902471494,5475235
2011-01-17,52.49765007526488,52.80362448988755,52.13217717911701,52.55053709251609,52.667159330650776,3471582
2011-01-18,54.069654829509474,54.15684702380129,53.18903366343133,53.741098104945024,53.88809032130888,5126660
2011-01-19,53.414771266762855,53.86539909864502,52.91499308252958,53.77872842623858,53.5904040777184,2978596
2011-01-20,52.605749457326056,52.98009388308029,52.429858359242786,52.8246170354646,52.795119279264625,1885464
2011-01-21,53.505524007298575,53.63184563852194,52.90027070889744,53.31411777000184,53.14184024233939,9753057
2011-01-24,53.342998447288,53.6366902307912,53.43810864966271,53.54057472584928,53.627378640213635,9115686
2011-01-25,53.27761825804043,53.932643559658814,51.99888542113854,52.96775510896446,52.78657698116749,7153657
2011-01-26,52.672755076795404,53.071372175651256,52.968337696103234,53.06495445422845,53.279423729040275,8530954
2011-01-27,52.98394631762322,53.21709489762648,52.02373440116095,52.707038117640664,52.565063617653706,4244056
2011-01-28,52.39171815983363,52.978220239978675,52.411223077541024,52.84795272316589,52.7377130914723,2572780
2011-01-31,53.01558938652368,53.866927923996606,53.10316385275502,53.537480657960906,53.72534706231006,5993393
2011-02-01,55.59014240173757,56.17235500040631,54.40133689827273,55.15089473438023,55.127989249771026,9275379
2011-02-02,54.028226018209864,54.114914120834925,53.86809513766857,53.940476495827355,53.68371764085246,3178271
2011-02-03,55.934654221041406,57.184588516205636,55.434758470910545,56.10090713075759,56.097869968572496,9672243
2011-02-04,53.88647637419751,54.399199806330934,53.3397013664617,54.17621659150906,53.95113788904074,8967330
2011-02-07,54.17818656356569,54.85348884288059,53.15650047347866,54.051828756747454,54.31416645297224,6887898
2011-02-08,54.67738576865802,55.26525328366764,54.48109367484389,54.667543223506,54.71571165436973,5519448
2011-02-09,55.516453272548844,55.94843320540929,53.98920337175384,54.97593235151501,54.842083888074825,9982201
2011-02-10,54.90618188846326,54.98316013798761,53.66699733382746,54.38063009196839,54.415280167586374,5912276
2011-02-11,54.34627147531105,54.77936628087728,53.24397617152263,54.199905101885086,53.970567473463134,7761569
2011-02-14,53.6729051585941,53.94435740966447,53.21277702089717,53.73430142750023,53.89544592489089,1507607
2011-02-15,53.16291282388048,53.34910999379238,52.595910370286916,53.172333930829986,53.39849078393215,1571097
2011-02-16,54.24659072550782,55.04004583979685,53.055865165331646,54.049333288124984,54.25171798348521,3129357
2011-02-17,53.99999023290966,54.790655259495324,53.45403708362662,54.433746034364,54.34760876948051,4873692
2011-02-18,53.583649583190144,54.16835781218204,53.28629732789289,53.76823369937732,53.67455229476835,2215746
2011-02-21,54.230619178677024,55.52640544291853,54.395049590457006,54.695230835084544,54.44094593085839,7402403
2011-02-22,54.560369085794534,55.40283625048328,54.59720480513681,55.02992761623512,55.11324312403895,1821258
2011-02-23,55.53031662670774,56.93402513384745,55.4368976844464,55.87018699534806,55.88968836354522,6764511
2011-02-24,56.51054124914357,57.36147310252149,56.20289739809006,56.52721309754565,56.504232734233966,6658170
2011-02-25,56.04299983253337,56.39145759027024,55.426280072475926,55.72561534689755,55.95277020398774,9228389
2011-02-28,55.17682111025633,56.165213531456736,54.242341534540756,55.19283156697455,55.00952452825082,2806231
2011-03-01,55.783363102590094,56.023048828138336,55.88932246011003,55.96752243237178,55.69309479018812,5290624
2011-03-02,56.13246935643697,56.89631212265472,55.83816240924753,56.60528995807922,56.363764498598755,8954556
2011-03-03,56.66873201191524,57.138316369598364,56.41611259029607,56.61178562438904,56.45518125579604,4064582
2011-03-04,56.49687033157429,57.014160464094296,56.36545122245586,56.7565102679718,56.49161943281741,9600553
2011-03-07,58.19503760593686,58.92541852221737,57.990106717361904,58.061572424034196,58.06322352714879,3239336
2011-03-08,58.0461393654446,58.5544397010302,57.186942660921225,57.497398295472344,57.39050514404869,9234791
2011-03-09,57.62045867473098,58.564075597606205,57.179419613468525,58.07189293691635,57.88634337144642,7693557
2011-03-10,57.563755467339355,58.293267235194826,56.87230117327809,57.89709754475643,58.04188896557336,4016032
2011-03-11,57.67576103230778,58.81657417916597,57.451141080551814,57.70681360180318,57.53626187952958,7464477
2011-03-14,59.384386730882106,59.35642766836663,58.28754962742432,58.832987714064345,58.943361400082985,9460961
2011-03-15,60.01026500941012,60.26958623666048,59.12436796967109,59.685801323326345,59.595833874506035,7298886
2011-03-16,61.00877826318283,60.952392403974926,59.469215466809594,60.526708219600955,60.53386717378609,9317333
2011-03-17,61.65385768010139,62.984870095617914,60.91585564092052,61.85958428702926,62.12797263423972,7450147
2011-03-18,62.517207601845584,62.612443143855344,61.27271385017348,61.907985388935984,61.62156910661561,6015220
2011-03-21,62.11994460342569,63.57184245904437,61.777327569135814,62.61733562050492,62.617501248039815,8988826
2011-03-22,61.7771622192922,63.34653689187403,61.27807762612403,62.33446612418545,62.5553937843272,3255888
2011-03-23,63.131856074028775,63.1146129210913,62.674070553833765,62.68602973694786,62.74117730044215,7429308
2011-03-24,63.118076716673556,63.12612425248273,62.07900031863514,62.583283942854145,62.443642184926226,7320060
2011-03-25,62.19420834358282,63.77179105043545,61.56985493518895,62.70767716812084,62.6435153846655,3639202
2011-03-28,62.84059684307394,63.790332363801156,62.392547541999015,63.33023145383172,63.44439409373723,9770024
2011-03-29,61.95550779432288,63.53245269609203,61.86042846676186,62.539408030872224,62.783819476090315,8494869
2011-03-30,64.14774813351545,65.87606864261667,63.97426481752098,64.65919256683165,64.36244978967852,5389102
2011-03-31,63.31048619745579,64.47430031182614,63.237648467707636,63.68057244560593,63.407725914678544,3839970
2011-04-01,63.081318399475016,63.420722960185806,61.84319516741512,62.49378109309217,62.38444917523104,3227883
2011-04-04,63.89307361969994,64.70464971865101,62.844602500604964,63.67928922686621,63.50912522924621,7825748
2011-04-05,64.85767338721008,65.58842242803136,63.95867467436217,64.49834918110312,64.34673348328192,5718839
2011-04-06,65.50967516281294,65.66461970095557,64.21932661891951,65.14986625842924,64.9682740353119,7141214
2011-04-07,65.8517700172698,65.87307749100663,64.67213080337984,65.80560902796749,65.60544484885611,2248925
2011-04-08,66.21237852460513,66.34979554347488,65.61713003153353,65.82075951539456,65.57763340492009,2359934
2011-04-11,65.07535811789963,65.82612390668103,64.36433467198442,64.9509024041827,65.23275952880394,3262543
2011-04-12,64.81281347275022,65.6400470413163,64.52323659178249,65.0541042226504,64.82263486566474,3562210
2011-04-13,64.48305489558402,65.36906931629785,63.518825434994135,64.40433977141225,64.21396297416078,6311738
2011-04-14,65.450690590978,65.8738387377423,65.07999585489628,65.40685676510398,65.24089715062412,6283645
2011-04-15,65.70954350639276,66.11600995505195,64.4511928961576,65.28719664387582,65.5698999155937,1418086
2011-04-18,65.1104197695231,64.72953760382518,63.35732693596353,64.48909670735728,64.65400444226965,3764978
2011-04-19,64.08089548334999,65.15722516621277,63.65826806078545,64.19510812597825,64.38108098850964,7074596
2011-04-20,64.97592427174345,65.34086278705473,63.457758885793126,64.63543684052784,64.37997061500445,2360754
2011-04-21,63.58601284701142,64.36071645992371,62.82589132197792,64.09910954799784,64.31468118320487,4441033
2011-04-22,63.65477865869691,63.673870983388866,63.16996478238506,63.30428641270539,63.246168698272406,2510067
2011-04-25,63.411876534281255,64.52723241037997,63.27904202723235,63.57537088447127,63.42458474373323,5386187
2011-04-26,63.259556822107335,64.46399462921516,62.634142830815016,63.847734715853974,63.89609942822707,7000711
2011-04-27,63.194871961234874,63.64197922279136,62.15363900535791,63.36818880075681,63.57235027279852,2430098
2011-04-28,63.063790656695645,64.14184979963028,62.80158403308995,62.92454775541246,63.09988836128707,8000442
2011-04-29,62.70284904337234,64.08768406590218,63.16504164960142,63.18399495304407,63.43041094275513,5141962
2011-05-02,62.28710332990555,62.9456241385607,61.564306465129846,61.76330787182072,62.0277364719678,1838361
2011-05-03,59.87321118569076,60.89904109849999,59.18039175183127,60.383241357718134,60.225110976045755,2273452
2011-05-04,60.20555529098338,60.25939003463023,59.477302954618395,59.69219439673967,59.64674350290942,5726678
2011-05-05,59.75266360679681,60.57482156237371,58.90805109517391,59.5061445053018,59.21731866245368,4077238
2011-05-06,59.64063370937096,60.472875103947395,58.828987498352966,59.84444933117377,60.071452289354816,6702161
2011-05-09,61.21315959688056,62.214994465412886,61.32217117342715,61.3472028083973,61.13529248560584,6421721
2011-05-10,62.53198191031895,62.54612545186426,61.47988538537759,62.23225969187329,62.45721363581111,4818044
2011-05-11,62.22574495803808,62.65455018054725,61.755654374772185,62.099718422183834,61.993768429544964,9118151
2011-05-12,62.32130778735166,62.26144420547252,61.0369398191427,62.108099474555125,62.02619975344708,4251045
2011-05-13,60.997453452548406,61.384810786434834,60.78639094641773,61.13296737019129,60.85122524170517,9377906
2011-05-16,61.12694936876178,61.14300513759669,60.30206116922375,61.14185149447287,61.03600198120574,9841326
2011-05-17,61.47705854596235,60.92839970613268,60.05965233400523,60.8805901158267,61.11702821771166,6033281
2011-05-18,60.88037184460731,62.42750150430647,60.9594618092979,61.23070593643876,60.94019526081174,7306465
2011-05-19,60.33159180718704,60.72378515697823,60.38881333312528,60.43087225316041,60.37426512806097,1816678
2011-05-20,60.72373351299596,61.786558142699164,60.47851476028004,60.97761602767556,60.69187469323851,1348632
2011-05-23,62.869341759862266,63.58726038166059,62.176042407435034,62.53775220095211,62.45703061239734,6776353
2011-05-24,62.78617481941052,63.144234593193765,61.44587272726439,62.456389312769225,62.25193247692318,2637230
2011-05-25,62.6244548829702,63.07810965912094,61.878872278970114,62.88549829514214,62.72967959706525,5607363
2011-05-26,63.07054258220717,64.52924791830334,63.021677297021384,63.603039547127224,63.843203589738394,8329178
2011-05-27,62.611381755892225,63.98828486081305,62.46223048141343,63.22921633551536,63.18878075887413,1814454
2011-05-30,63.38859625009334,64.4091121522284,62.71352966302057,63.48070607759975,63.33711144537997,4076265
2011-05-31,63.40678737086764,64.49859255918277,62.469862517175095,63.52069573865551,63.57744409789133,5379637
2011-06-01,64.26744808638747,64.88738395821731,63.10477698717519,63.645769097478315,63.41798531951741,6390391
2011-06-02,62.86216749056037,63.621700976271185,62.55364378816516,62.90015657389682,62.748813518234606,7109508
2011-06-03,62.64538468063442,63.38220427230994,62.61837410580468,62.95206400842974,62.981178058597706,5792977
2011-06-06,63.97414458038389,64.30071721368307,62.7967370854593,63.47745955994916,63.31084585498408,6993404
2011-06-07,64.94439662269568,65.04491312279534,64.37250301103984,64.95600042801819,65.072354641891,5415747
2011-06-08,66.07346663512524,67.1262039921328,65.36221375223032,65.94266851437736,65.93705765203147,1166449
2011-06-09,67.57236101601231,68.28590067755486,67.99907680068236,68.1232482321629,68.30853602165685,8321939
2011-06-10,67.22550835739762,67.82512056193538,66.4148601305045,67.3832979295488,67.6853398805076,8324051
2011-06-13,68.88967447043584,69.39704692125792,67.99112411357983,68.28301582654346,68.02067581833174,8485971
2011-06-14,68.61636628981933,69.31199844765851,68.22395321831367,68.49375509255579,68.3805109494123,8011501
2011-06-15,70.49104683868572,71.2676421595142,70.12722458346585,70.71095528604742,70.58335670458612,1058527
2011-06-16,70.10581251617405,70.59220188794968,69.61148322519014,69.93005426096626,69.68612628718728,2719305
2011-06-17,69.6850633339944,70.29901719348531,68.31063052124587,69.11772967905945,69.33220416270724,2858815
2011-06-20,68.23589468893086,69.01185130000177,68.03648974673057,68.5457342938894,68.72387005984622,1686423
2011-06-21,66.45603587050022,67.6049869697624,65.85263901142649,66.44923582985356,66.43888667423893,8771508
2011-06-22,66.55589909619218,66.06712893066629,65.24234229982241,65.95087806844677,65.97578822805559,5597669
2011-06-23,64.7918218137964,66.23238522916589,64.9536544215955,65.21914266716705,64.931881130145,3451501
2011-06-24,65.68424065754898,66.5054740414826,65.1932201427898,65.39693371391724,65.4332338203249,5035463
2011-06-27,65.9166663087603,66.00523566127914,64.60804888162751,65.76608694996835,65.95769086997647,3349110
2011-06-28,67.91282613236326,68.25208307740537,67.08265638231069,67.66965504945821,67.7196139138338,4904589
2011-06-29,68.44320821081772,68.87469898459243,68.08169242315905,68.64747614791824,68.48636489432597,5263402
2011-06-30,67.84448101663332,69.06033588459502,68.04946744988776,68.0979697525298,68.21206672434494,2689246
2011-07-01,67.47462943636503,67.94674831924713,66.55740375823109,67.22695234145543,67.13383523428077,6145431
2011-07-04,67.36085115200272,68.60708449731618,66.99541015511095,67.74626877323591,67.7766687490155,4056911
2011-07-05,66.34664846618045,66.71457749568734,65.71069494091557,66.45343282648923,66.44516958352858,6100179
2011-07-06,67.88625877960952,68.60158574245499,67.34631050328579,68.31228885261757,68.23111677604778,8213166
2011-07-07,68.83548187724475,69.57682338982244,69.27235859179456,69.51912623361282,69.6712882931006,6735438
2011-07-08,69.72675415708088,69.5222992649273,68.72888973824223,69.07734784178209,69.34251927894009,3986484
2011-07-11,67.29955764765157,68.14605245770308,66.29888193711624,67.39161057296518,67.05816532025337,9780363
2011-07-12,69.41845070356229,69.95293330872633,67.47008718004169,68.77288020740457,69.0710907767344,8098785
2011-07-13,68.19164473542224,69.60190569581275,68.49900480202658,68.68573762242593,68.69364687858291,1679405
2011-07-14,70.0731789811907,70.56007893404289,69.25473000068845,69.95095119467337,70.09136505433843,3461047
2011-07-15,67.97494943500102,69.68748260439195,68.09099655807775,68.38392079615296,68.62711081781835,4660748
2011-07-18,68.20535283693553,68.78741132484411,67.7304694680666,67.81194303347317,67.78963540804521,8748574
2011-07-19,68.22953821846913,69.10671741813347,67.40291122219227,67.84458399346532,68.0718457600257,6608557
2011-07-20,67.39273544221614,68.63562639606153,67.72377956084713,67.91896184750404,67.7000045756759,9550319
2011-07-21,68.05255010246728,67.84579521540137,66.537936612566,67.49629363629876,67.26624435456341,6828042
2011-07-22,67.73034216462409,68.21853994770444,67.41911001503637,68.14654082892024,68.25385211959166,8710635
2011-07-25,67.25794752727275,68.08081527364466,66.91327362579747,67.10631765981161,67.35470700091273,5667959
2011-07-26,67.64200032990108,67.15386043163764,66.97895330808775,66.99133543506429,67.25422697199245,4143828
2011-07-27,67.65250296264705,67.54558888532571,66.05385074690732,67.13902832705016,67.23553427411748,5264704
2011-07-28,68.29887724835575,68.4016262478793,67.44236462707472,67.68086442138289,67.69811575272291,8873996
2011-07-29,68.20448910687358,69.192222825029,67.59033120316158,68.41987655974575,68.30451591847651,8606410
2011-08-01,66.79155801251217,68.13128855603983,66.86898233067744,67.32263172818185,67.64578064026952,9210723
2011-08-02,65.40568010491505,66.03475975092594,65.0452289648579,65.8159148177202,65.69724588444379,9528206
2011-08-03,67.12165325683156,67.63075590257084,66.69724922803485,67.12098889989268,67.28488902982268,3562746
2011-08-04,67.87644705216898,68.31367414390743,67.3633653235828,67.48070017214624,67.5022817146498,8636802
2011-08-05,66.29249876411127,68.05450549671207,66.46192977945277,66.75961089586367,66.83205331350759,2131420
2011-08-08,68.55647531225438,69.33265959575823,68.08112860305661,68.33816013166016,68.26536669975006,6294977
2011-08-09,68.23959956557913,69.7448528653834,67.89500617450429,68.48123202622699,68.7995486292932,7411525
2011-08-10,69.46660050450852,70.75026602806032,68.77043783264145,69.68792647056479,69.73788039726924,4022247
2011-08-11,70.0088238005484,70.60867604973944,69.4146594581966,69.78284221224888,70.08834286363668,4781264
2011-08-12,71.82355171134813,72.14700558026894,71.85363783404726,71.87098739740483,71.51708848617945,4053316
2011-08-15,74.11337379035072,74.63580314010923,72.88929209653574,73.65372550012201,73.70725009198493,2650177
2011-08-16,72.92682568043962,74.34768075517681,72.54251407385127,73.4321586119169,73.59164363326425,3463545
2011-08-17,74.86275035192887,75.32797600781203,72.99777610607897,74.43112682314523,74.61354275616138,5665604
2011-08-18,74.4493473856483,75.8395966103437,74.21846890764655,75.10390003300435,75.40805346545443,1505193
2011-08-19,76.03183172294281,77.30877270264449,75.77903550543303,76.49992885081068,76.12079643431281,3461627
2011-08-22,75.79838360252552,76.06782826845556,74.69585055977382,75.56240265050454,75.18484011352105,7533288
2011-08-23,76.81729650325124,77.0680717259558,74.86032316017284,76.27585137077696,76.25469508935772,9491207
2011-08-24,76.979010762016,77.66733822585272,76.07997873153958,77.36167311790052,76.9975268526214,6995831
2011-08-25,75.36893977111076,76.84824301371002,75.14179112224531,75.63033089175138,75.98922143227531,4651978
2011-08-26,74.52976060018501,74.75118244280762,74.12108178129981,74.47446963935958,74.26747915215621,4452674
2011-08-29,72.04463083452904,72.58577234643212,72.08201225150208,72.46263472187346,72.44282686456287,7209563
2011-08-30,72.6700631423123,72.85074436253717,71.49203309118512,72.22062514770286,71.90367600055966,3994030
2011-08-31,73.36488571008371,73.92624014469125,71.87976489683952,72.9655646637728,72.98165241513158,6375850
2011-09-01,73.966836834931,75.1474760660358,73.74556946906247,74.49531897614281,74.40589190866005,2520247
2011-09-02,74.5428472836345,75.00971053042257,74.49566311829231,74.59681101683655,74.25714191909397,2219716
2011-09-05,76.67195168812773,77.10406640164373,75.14932238923898,76.25282382268182,76.12710142023934,1714014
2011-09-06,74.65643887314556,75.41992995338967,73.69277444371245,74.9001196247409,74.81880507401844,7609798
2011-09-07,73.41906708330608,74.59030302889661,72.80016983371456,73.22413444565971,73.58287521710905,9393510
2011-09-08,72.53753214366974,74.54666238468894,72.22375726721215,73.19598400703707,72.98216819656488,5352226
2011-09-09,73.76745275923668,74.34701285565717,72.97943990372143,73.60744671625034,73.64040784777363,4101812
2011-09-12,73.0908394844293,74.08480856157713,72.29332731838748,73.60214922843022,73.96082394616474,4285080
2011-09-13,72.03524915708417,72.617119323781,70.352381996163,71.56210438866432,71.77107947908539,6945054
2011-09-14,71.29367323910864,71.55288139880639,70.74900984164665,71.5003816094255,71.85314125529308,1693089
2011-09-15,69.91650915563176,70.89010638500079,69.25211321171099,70.22330936919462,70.55216394346917,3826935
2011-09-16,71.40389868802025,71.39742283126232,69.66742926342815,70.92037917829863,70.91296058188802,2145719
2011-09-19,70.67275073081356,72.62732350508722,70.60733971278373,71.31437468466946,71.45441889403635,3325901
2011-09-20,70.25631343542781,70.41879287524864,69.96082326160607,70.40189215861608,70.12763674894872,9102412
2011-09-21,69.7336473538653,70.68842821357319,68.86156477241211,69.91542250155335,69.8742764539377,9467479
2011-09-22,68.58713171427485,69.9039978094275,68.58042709511264,68.88360623993837,69.09646935580177,9722465
2011-09-23,69.41529631941823,69.51617791786549,68.31333003256783,68.84832440293917,68.85199768203346,3887510
2011-09-26,70.18131491406075,69.95013933137618,68.62177436488635,69.83086398371438,69.97241046961727,9502290
2011-09-27,68.27186085319138,70.21205282391392,67.87467913508954,68.87253519765282,69.04179036889495,9333226
2011-09-28,69.70198223797357,70.12301867518967,68.84345716309578,69.40397897344464,69.2328767480698,8948467
2011-09-29,68.93873743154222,69.74748100078094,68.60519588669753,68.90111861534616,69.15997968593443,7456689
2011-09-30,68.68191087856756,68.45807423726029,67.65056033910852,68.13564304335779,68.10826779829857,9538087
2011-10-03,67.80140644516224,68.71410895343276,67.66931004757997,68.05600994367721,67.85877348897962,3568929
2011-10-04,67.14761340108714,67.62363859944475,66.81203560929319,67.0481648815318,67.29316952445663,8018416
2011-10-05,66.52291768286834,66.62155712992798,65.53295429076489,66.5219128364586,66.46724433428864,8396746
2011-10-06,65.33778800956493,65.49018682709622,65.02196964171982,65.35143220414372,65.51501496760999,2178189
2011-10-07,67.28443422885127,68.47152212430835,66.73184956086256,67.34355459733408,67.3759017755504,7429167
2011-10-10,67.00936734992973,67.72952251673883,66.88602890975466,67.40621540957977,67.32658962843139,9128942
2011-10-11,67.07517750413668,66.99409362769039,65.42313034245943,66.73388716186116,66.94067973901421,2801798
2011-10-12,66.91007869145392,67.65159589111276,66.45139420426212,66.97526433286936,67.03183829287013,1874805
2011-10-13,67.50373967485302,67.91876858400073,66.78333244441434,66.89033354345251,66.817130168743,5629461
2011-10-14,66.37769513992167,66.77939384733513,66.57693946880751,66.69676120419325,66.43637562803458,1029974
2011-10-17,67.58443844640298,68.11515074951197,66.5427178408983,67.33832516451065,67.6046114157427,4023074
2011-10-18,68.72369155564405,68.285650143474,67.30661851144201,68.12323013483193,67.80677701140795,5568455
2011-10-19,67.84118769626643,67.66943626469427,67.05379553142116,67.62012624749538,67.8657139909768,9337455
2011-10-20,67.56974340779232,67.14245780340562,66.49241541008028,67.07170526712467,66.97777907383373,5044399
2011-10-21,67.26172291626182,67.93889532560078,66.75197095710371,66.824050830247,66.91716263639542,2157323
2011-10-24,64.36894021997573,64.7018282859544,63.88267026816955,64.54952692578539,64.82205485020329,3522076
2011-10-25,63.18801290745629,63.118679589715725,62.42513820199054,63.061733123860805,62.84209327924181,6868413
2011-10-26,64.01288423797837,65.0205101948315,64.26321762012836,64.4560046515793,64.4991582532713,8890969
2011-10-27,66.1753549993978,67.24460787083395,65.9910350392263,66.12836962535457,66.30323476599364,8567780
2011-10-28,65.5513907151592,66.25262041089285,65.74384566851377,65.90673084607215,66.0764959294053,6091295
2011-10-31,66.83490712018431,67.07165297128307,66.37629591169201,66.51068506940189,66.52773303139841,9943269
2011-11-01,66.88684621970039,66.90270837727873,66.0341607665836,66.8493324842194,66.9327199805113,2262328
2011-11-02,69.83140767199866,70.58392178579894,69.68070927471044,69.95561055294861,70.1357651340329,2254149
2011-11-03,70.77380025273779,71.92397836163407,70.74503606074951,71.10258272465715,71.34506218290755,9012733
2011-11-04,71.71023480791465,71.81277395847778,70.75558278927424,71.00206239345036,71.1879550918484,1409853
2011-11-07,69.47368076593709,70.53980803655816,68.73153373825586,70.0739192131239,69.97161475495356,3514637
2011-11-08,67.86959511480072,68.92711823791088,67.32413190975649,68.49487015314031,68.83510225656117,4107986
2011-11-09,68.33709721228483,68.87228677245226,68.40891252528014,68.7257310492815,68.68071754672252,4956037
2011-11-10,68.63740574799058,68.49559964066984,67.55130851576368,67.99677756427118,67.67342888596657,9691025
2011-11-11,67.24028476858186,66.73445183670017,66.32233578443169,66.60192111494747,66.51042136541712,8920355
2011-11-14,66.1871966368382,66.99438759326596,65.33363896605422,65.98274549097891,65.73714646522133,1667765
2011-11-15,65.4221905827569,66.18337139350952,64.90312906132237,64.9285947476385,64.68280275771751,1111141
2011-11-16,66.26188391101333,67.93610967617074,65.74829228417435,66.64313364298503,66.49754174780038,5445070
2011-11-17,68.1899200223009,68.72091927097287,66.84536128783326,67.55217066020846,67.25046611182478,3500341
2011-11-18,67.0888433284867,68.38352495840736,66.3571459598605,67.57159527916582,67.69897597216983,2854592
2011-11-21,68.52785972096622,70.04723782072828,68.85181524170775,69.07893667832981,68.784652729405,5578683
2011-11-22,68.64712941818642,69.57833411288229,68.07107715319238,69.1837022462514,68.97842697575068,8807855
2011-11-23,68.44978090618376,69.21207613957272,67.26720752384279,68.34981530519711,68.0715630119469,6859984
2011-11-24,70.29314074670442,70.53733778067995,69.72253648392305,69.90033664274074,69.59498941607784,6089275
2011-11-25,70.27873361663704,71.1459668318633,69.90494132791063,70.46664394669938,70.30298633978299,1209402
2011-11-28,70.12065752624976,70.50944967764043,69.22042991017408,69.4567950526469,69.50673377125973,8472794
2011-11-29,69.20296800782482,69.68455782023184,68.94084233330729,69.29385363483725,69.61585216418375,6234211
2011-11-30,67.96712724006328,68.88100109027768,68.08527162219063,68.44563264172646,68.70268476972416,5996476
2011-12-01,67.04456419708288,68.33091878288768,66.34386961694217,67.0902301710361,67.34244510690837,9477168
2011-12-02,68.2874523782011,68.12031927791996,67.48392567470427,68.04380497884172,67.823388664581,1954718
2011-12-05,70.44560619413483,70.6603186546282,68.65416031644888,69.98061887958582,69.81609947865421,3566062
2011-12-06,68.5528708682504,69.86198375737314,68.43604485095672,68.60944856604065,68.31881435660502,9320523
2011-12-07,69.32936656402994,70.04455520825152,67.85222874980647,69.1998150630052,69.39251463923553,3954522
2011-12-08,68.25747572265111,69.3259842109348,68.2602416181842,68.57656975415735,68.28156453007458,3552535
2011-12-09,68.31562908907584,68.45707732476154,67.06392700016676,68.11684163066661,68.1554609309711,6565758
2011-12-12,68.20841099501973,68.01562281906472,67.09388408867771,67.55184496670172,67.38153026419481,3245430
2011-12-13,66.1135513713244,67.8521439435799,66.52433723181335,66.71525145729589,66.5440905669135,3391633
2011-12-14,67.30750706293138,67.53818701549963,65.64518189132755,66.79117034551469,67.11893135309325,6474317
2011-12-15,66.0698149687557,66.66694970912292,65.57999759185279,65.98761748937761,66.15706036619657,8601554
2011-12-16,65.95682643032954,66.41748534085838,65.41202075204747,66.28547157543143,66.50881341799789,8141717
2011-12-19,66.8654745037666,66.28387208250444,65.51194975161397,66.26263072625626,66.3103283472326,4346201
2011-12-20,66.02909061447765,67.32412888835658,65.42787966559148,66.05107993966382,66.29613888321784,9435547
2011-12-21,64.95153553678063,65.66228419616087,64.52465337824853,65.1709135378962,65.26573105138212,4945125
2011-12-22,64.20989719589743,65.40115060159856,63.67517264229805,64.62153946760183,64.90986378434086,6517252
2011-12-23,65.07004932473723,65.50860216949346,65.28951338448593,65.40432795370157,65.26131392541065,9437027
2011-12-26,66.37155473825919,66.83343299999997,65.05154406870922,65.93264240159992,65.99548909685979,5553361
2011-12-27,65.13117735002754,66.19449444940271,63.81824249868013,64.98248441707534,65.1060364906204,5767821
2011-12-28,65.64733593211275,65.85883622557573,65.03396310106963,65.10921398277854,65.03950630361336,5748662
2011-12-29,65.53479712269674,66.05418808951734,65.7026510267111,65.8879983664243,66.13818035566787,9588403
2011-12-30,63.7591837950406,64.9934558583344,63.32517577584308,64.2459903455769,64.55424463942258,5928708
2012-01-02,64.17647179944767,65.81019047898444,64.24988431200948,64.81674779823081,64.81270938516728,3458389
2012-01-03,64.19161325025311,64.7032099315313,63.66351401151571,64.18152129955894,64.11133280812913,1509467
2012-01-04,65.42511887606055,65.91942651944595,64.60206457918252,64.77951722842607,64.76133875402064,2410346
2012-01-05,64.29338110171678,64.87453588185082,63.39454721574966,64.04365533215753,64.26956083782396,7534219
2012-01-06,62.02755979169012,63.38602622098163,62.108580653329234,62.266170491766985,62.356748109611814,7068753
2012-01-09,61.12327556091226,61.422537094070655,60.08773194080218,60.66602531415779,60.38985680643258,2833059
2012-01-10,61.083752223860486,60.90100010787235,59.81384463259112,60.74150752109315,60.767122160418175,6413836
2012-01-11,60.43715633875755,61.40662848328261,60.71339689832857,61.0286272830886,60.73404217410027,2144684
2012-01-12,60.53290189978502,60.394474133991395,59.57330573506845,60.15170791825816,60.31925170107316,4745059
2012-01-13,60.57506757000945,61.92315234016789,59.61105509174632,60.81769763730951,60.71328111495219,4673078
2012-01-16,58.768903300802265,60.08363872105626,58.370806300989045,59.18357483531452,59.16700786254515,2138812
2012-01-17,58.82116963676628,59.94500247052135,58.14965318449822,59.14489229694118,59.321545140994786,2100790
2012-01-18,57.92485026650155,58.31016117992379,57.480371446941874,57.96127335745269,57.69838931662373,3763380
2012-01-19,57.25067780528272,57.5478854026737,56.4563002164064,57.3368345099245,57.14105303526654,5786681
2012-01-20,57.16922395451815,58.280212247728905,57.365116488186914,57.41163044151489,57.35304782993565,2012593
2012-01-23,56.2077056738165,57.11515832759456,56.439531448610886,56.57861433650491,56.42580973636741,3638868
2012-01-24,56.516315988858906,56.475340400216275,55.99311756424065,56.22145605254906,56.13032187387938,5564731
2012-01-25,57.81637226770912,57.96124175127572,56.794869798479894,57.255146122037466,57.54037679616087,6969733
2012-01-26,57.02069856383763,56.751394660058935,55.746481226006985,56.70565151278831,56.890179889731215,3076111
2012-01-27,57.333787848480405,57.944285102014334,57.17005887402488,57.56874088512742,57.789748326235106,4315189
2012-01-30,56.17823674581506,56.99558611756132,55.72714883784166,56.46643129074377,56.7132204451092,4352884
2012-01-31,56.70163838113181,57.19237516300183,56.214679172207916,57.02363272893303,56.93292858951989,6045843
2012-02-01,58.0675856262469,59.644498592407444,57.806852026867396,58.4925986098649,58.37390364930186,7403624
2012-02-02,56.105891223714984,56.282742621232835,55.647894902889306,56.04835137001159,55.89929778142373,3705610
2012-02-03,55.39538160895228,55.42296880606728,54.640876433494476,55.27885337481508,55.46133821818257,9806541
2012-02-06,56.113006192556455,56.11080686328558,55.50078399042381,55.88332276226959,55.98366230899608,9020971
2012-02-07,55.908459993162964,56.56452678413337,55.614226417744526,55.70767463650057,55.560702182902205,3292326
2012-02-08,55.873189920931054,56.58368803377655,54.992168246082414,56.10621777014585,56.03720366009195,5753374
2012-02-09,55.341174502526734,56.15757660054776,55.38838195224745,55.529629843704,55.533356861371864,6659199
2012-02-10,55.84561939685854,55.66699740110211,55.56310237639309,55.643616891450876,55.659275037113325,5484982
2012-02-13,55.34817761742385,55.553566230251114,54.53989830566089,55.515336916332764,55.73114042452546,2934116
2012-02-14,56.38457049283464,57.216176179924524,56.368172249509776,56.71051623826654,56.642784675697584,6031222
2012-02-15,56.849096822977785,57.92319611509303,56.25109549048402,56.992334341841726,57.22516172317135,3130587
2012-02-16,57.09588136103281,58.37283310958465,56.979916431969485,57.357334264190904,57.32370425977628,3130304
2012-02-17,56.503754569191734,57.07165297163999,56.526809213618094,56.972854558342405,57.11322010402335,2158196
2012-02-20,56.88578605017053,57.121132058348174,56.21639164467752,56.51264559454388,56.75579369355225,5515400
2012-02-21,56.503728504055644,57.13226507940547,55.722537941095496,56.10748466699823,56.33616514260583,1540684
2012-02-22,56.21248749155479,56.96797089851612,56.06500166670458,56.5293340696505,56.27888247591807,6925023
2012-02-23,55.64711009652132,57.06711279925882,55.32692496749234,56.13574684910423,55.97054175714449,1981556
2012-02-24,56.722569085628784,56.6038691651537,55.875364739845544,56.45291896627461,56.439881404864735,8680071
2012-02-27,58.217884062117804,59.65117092607228,57.450694268180825,58.55571702519402,58.51563814890308,5504443
2012-02-28,59.32752475132457,60.347745018946455,59.40443965001489,59.45423898889969,59.53800505602745,1940118
2012-02-29,58.639935792693,60.269316972543805,58.56042641972954,59.155612717005816,59.41868308082957,9988489
2012-03-01,60.053643925803044,61.20136402994486,59.67866469031534,60.38422389944373,60.150177492478115,1880623
2012-03-02,60.35504929207175,60.439656276152014,58.8992441469624,60.00354578669615,59.97465927878765,9245856
2012-03-05,58.34587466982403,59.08097392118041,57.93580168501857,57.99281851179227,57.814439003231854,3736577
2012-03-06,56.6781351034561,57.32634243567144,56.358200809504005,57.01212946114884,57.2368185953637,8286127
2012-03-07,54.987686289122436,55.53524555594901,54.226861137504144,55.168734800396955,55.42503781103706,8679405
2012-03-08,54.44341748873385,55.61332998424155,54.57924989719342,54.84461857662962,54.83293759529914,5295775
2012-03-09,54.42295723159799,55.73060509596518,53.92843286587876,54.89043421609314,54.673073749065104,7950672
2012-03-12,57.1513507545956,57.646247000203594,56.572713832179964,56.594268788642395,56.75572921916709,5749643
2012-03-13,57.12581055604994,57.181857605187076,56.114348205178594,56.94859342268053,57.060862648840434,9633739
2012-03-14,56.80467549311448,57.66272789070887,55.697678062240634,56.75689015414564,56.67440583484292,6984573
2012-03-15,57.919619977465985,58.46470030727364,56.856421309299925,57.6136929956031,57.83689274829761,2551010
2012-03-16,55.8069641796682,55.500677534449046,54.94324752258532,55.4299549468692,55.69370834899859,1819901
2012-03-19,56.034603872914275,56.12427887593486,55.642975626075625,55.69296676525174,55.72518729022024,2568340
2012-03-20,55.94500360363849,56.81070458441495,55.451662012685546,56.49122921941267,56.52835972447131,9350913
2012-03-21,54.69527811621607,55.375223538052516,54.522337773530836,55.04004023390681,54.9285915856532,9014998
2012-03-22,56.38533976953776,57.31624384374224,56.178592706391136,56.211191537387705,56.25869338713494,2921919
2012-03-23,56.43650172585131,57.30441465496416,55.796523894578506,56.577085205156095,56.54293658941158,1238750
2012-03-26,56.73140078249347,56.99570745663433,55.64771360786185,56.18919455152927,56.07804728280949,1092469
2012-03-27,57.03743685520571,57.95977569799269,56.70799460958189,56.849373677909526,56.603321172948085,9218649
2012-03-28,59.687537996991054,59.59367437142179,58.893991114314304,59.14746379598789,59.001196766839016,2048372
2012-03-29,59.00230411578464,60.30861947584268,59.28016819664157,59.356727311320356,59.17738371964569,7283329
2012-03-30,60.066417380358594,60.15058716560598,58.94741574625765,59.63234515789466,59.6574157792351,9839078
2012-04-02,58.98886128556515,60.229916020923206,58.46389386887734,59.20038151862839,59.26057055940252,4715334
2012-04-03,58.949530054727084,58.5888626913824,57.787450595008124,58.37793440943757,58.44131633944013,4924439
2012-04-04,58.83012668629872,60.3584039515738,58.267635681198726,59.23566748625579,59.16943075584875,5979487
2012-04-05,58.42606811036363,58.662536820603414,57.40120240464843,58.406980920620896,58.36097358620346,2305753
2012-04-06,58.848607338510725,58.887661195103775,57.7855906834187,58.50594441811426,58.70149376798379,5268374
2012-04-09,57.977474494089556,58.93370938285729,58.040872508467075,58.05568423162311,58.041886028887895,1952732
2012-04-10,58.52468005315745,59.023243572533296,57.74777968304861,58.562061317643476,58.84771143550073,4697857
2012-04-11,59.49627270787561,59.63987493028654,58.43052431712274,58.923120683204395,58.88754127077066,9953418
2012-04-12,59.898445507666736,60.52143990608641,59.30952398688373,59.98805788773627,60.077788591382635,2743644
2012-04-13,59.62929586930937,60.388939725569706,58.732962229021496,59.505438749155495,59.23788027892797,7846441
2012-04-16,58.734975099146496,59.533592796558686,58.84783989730404,59.26296107413609,59.353834853855524,1458696
2012-04-17,58.710690928060345,58.37977018770733,57.24204509344923,58.31159461862777,58.516516953121915,1123935
2012-04-18,58.06626150963783,58.24198506029821,57.73956992816611,57.89469861882563,58.15085825095985,9404637
2012-04-19,58.187484970805286,58.8524345492626,57.51642171171941,58.29939637214446,58.5893312867647,9192014
2012-04-20,58.51205157812795,59.28232745260835,59.07863063960674,59.08378224906378,58.95508515436721,9632141
2012-04-23,58.295696551197175,58.60192027557356,57.1129234593852,58.189014185160126,58.23287128287293,7761714
2012-04-24,58.51011520535687,59.55868543683606,58.953068942135744,59.08601736553976,59.056898585913196,9265744
2012-04-25,59.86581758762521,60.538461092782185,60.35430129476356,60.469052484618686,60.50764231044205,2386227
2012-04-26,61.051315648682944,61.62046819214256,60.50421551779326,60.90988464811635,60.701239639475155,4383376
2012-04-27,62.42339559890168,63.925062057280364,62.34477328644469,62.81407772094839,63.03778979028162,9477107
2012-04-30,61.68520924712568,62.25605241093547,61.80166359107836,62.067685782118794,62.321895746935056,1625671
2012-05-01,61.03696114774383,61.5779658126817,60.13833026512354,60.85042833908135,60.81979724546679,5170746
2012-05-02,58.571583412287566,59.88481519648307,58.5755888116234,59.09910535045104,58.96934136302428,9829606
2012-05-03,60.39631032011554,61.1309696490108,60.581110697209446,60.6225469222142,60.40481099836423,9142110
2012-05-04,60.87448313302824,62.16391591330311,60.912388857539746,61.30430983884222,61.41696559639881,5984600
2012-05-07,61.37438036923579,61.779483155087384,60.28291869956661,61.27612242820575,61.161065380370566,6843365
2012-05-08,61.78272956511748,62.20503480534696,60.73400378654224,61.583488314799546,61.835696452146756,8765807
2012-05-09,60.752906323604066,60.49429156408636,59.60851450757103,60.485396527775144,60.58883410129703,6974098
2012-05-10,62.65034003502337,63.82953961694921,62.07949724134404,62.95854576766594,63.050267129792545,9429892
2012-05-11,62.596672822420736,63.949979245527565,62.722621943726274,63.11516420991514,63.152655952908475,7502450
2012-05-14,62.71897460669892,63.30053487705752,63.125877503986445,63.251956264794,62.96465091366512,3744996
2012-05-15,63.91058656868214,64.47651799634058,63.656334251952885,64.00512014896667,64.28157262287758,2063892
2012-05-16,65.08878654421332,65.77674257584293,63.440298578515986,64.51352664097736,64.59606362980091,6136271
2012-05-17,64.39918342793156,65.30978637877054,63.494807867630215,64.76480792553046,65.0847862201016,4876827
2012-05-18,63.69035155978238,64.6442382235709,63.36958945716949,64.00173073035911,64.0256394759524,7165272
2012-05-21,63.9857381423042,65.67441710449152,64.48808277422266,64.50059634776909,64.63611912604021,4894816
2012-05-22,66.55023658052998,67.3626855877566,66.22401053433254,66.41001810451809,66.11529679155093,8875645
2012-05-23,68.02668127914015,68.57192268885947,67.34620471843253,67.78283541094704,67.87212992685993,7684456
2012-05-24,69.60181758927503,70.51082675419862,68.60030326690051,69.40341929786041,69.58709517746263,7658164
2012-05-25,69.41737992604237,70.11103644369827,68.8160923997501,68.91960088170319,69.11155182211405,8941123
2012-05-28,67.93894402435564,68.57837176961961,66.67523126189175,67.95739332171858,68.1409541596325,9141883
2012-05-29,67.36289604170958,68.50381126740702,67.36351937544684,67.85900366189291,67.67326177992489,6464968
2012-05-30,67.65596057226016,68.46670825942691,66.70206759907985,67.94212583445558,68.26512166632521,4453726
2012-05-31,69.28807495978054,70.39900095258177,67.98559991250066,69.0637146132005,69.4057057798045,4093622
2012-06-01,67.55113260383416,68.33840849262302,66.38033823885834,67.39864724375965,67.11260460477186,4078212
2012-06-04,68.99835160855055,69.0703687441625,68.11886063319535,68.95559482349424,69.25654905042994,1342679
2012-06-05,69.07683464964326,70.01284783372873,67.96221645926671,68.82498418518922,68.68007262646742,3773212
2012-06-06,68.61352112919198,69.08315146375877,67.55238656329837,68.42550037551577,68.55501895558507,9626105
2012-06-07,67.9551303212396,67.53352962030745,66.59276387891228,67.44079326052959,67.33161398127187,3907639
2012-06-08,65.92655434028688,66.53690835366947,65.08447982984575,65.81333384893779,66.12117856337218,1411858
2012-06-11,67.03535476493364,67.22009766284447,65.34873755003544,66.66390169317367,66.39824861702205,4854102
2012-06-12,66.42906751130013,67.93666897599545,65.78679493646062,66.76461692063606,66.76311259160846,9840098
2012-06-13,65.73547978415957,65.76929458906284,64.484221606587,65.50205328116897,65.45492310750988,3765685
2012-06-14,64.75106549985233,65.29612046898644,63.113529752998446,64.23437176937932,64.12261902692403,3628465
2012-06-15,63.779890862040325,64.63900030104202,63.650284648502854,63.92598433036317,64.01901836656857,9927749
2012-06-18,65.98871286578412,65.69407630256167,65.51241450970798,65.62240311592653,65.38029302860164,4851511
2012-06-19,65.68418941267124,66.66119237270648,64.75867766191465,65.3902090248369,65.53188503293279,5420864
2012-06-20,63.351410397217975,64.56973389644585,63.2573194965959,63.91446333199276,64.22163120873842,9793150
2012-06-21,63.799952785567555,64.06667205404804,62.63980432602247,63.69611752818079,63.89010960489105,1396679
2012-06-22,62.98149565082082,64.04647592926096,62.88762283400042,63.450791218707096,63.679224696948104,4959323
2012-06-25,61.34938718926182,61.82413609348694,60.087358035047,60.781301836039496,60.69598722124423,4127348
2012-06-26,61.132791775781,61.124888383192015,60.11396661267118,60.75440422979567,60.648015130836754,6074981
2012-06-27,60.07823571609524,60.7842014168604,60.50460272632516,60.55086695986096,60.56118988642823,3402611
2012-06-28,60.8109316630693,61.43264603141693,60.52053124324936,61.274470584948354,60.996116973135614,2151821
2012-06-29,63.27014597573838,63.52702526870096,62.10499162507231,63.15082394016767,63.43207127156153,3465844
2012-07-02,64.10529886005439,65.30800273971384,64.10222544848699,64.3047862299894,64.07572304697794,2311325
2012-07-03,63.46738553851221,64.66757357708492,63.301797818121315,64.06329479970854,64.32147823107206,3396611
2012-07-04,63.03662126420375,63.27072093370853,62.23640484803001,62.98416615124084,62.72188888606224,2557254
2012-07-05,65.4378098042594,65.8029078235417,65.36956204955158,65.58492321476467,65.79651652585434,7788232
2012-07-06,65.14758049599423,66.10855604430994,65.50937805133097,65.67153890905314,65.44297734381716,4528051
2012-07-09,66.1096665435665,66.94816793842364,64.42482503176325,65.71286546124006,65.40935851019998,2265598
2012-07-10,66.26168247112213,66.16698544754088,65.19866357155958,65.71613763440402,65.86037762362949,7896010
2012-07-11,66.28002404749893,67.24478969522563,65.64168851270843,65.94161965544585,65.79672303543583,8902861
2012-07-12,66.24912325991552,66.46345906531457,65.59910891800831,65.82465650379588,65.96584785958004,2375378
2012-07-13,64.9082509608524,65.51230240612756,64.40679243324847,65.27839175718961,65.31435052279369,8920647
2012-07-16,64.45271482143139,65.91311565407469,63.96958956832519,64.7589300762232,64.50559792759893,8907974
2012-07-17,64.37609639613082,65.34976718130311,63.92012806505361,64.75357406628117,65.03339373335892,5734522
2012-07-18,64.57808704567108,65.14929747476978,64.12448072963288,64.23754655542137,64.20691435123473,4014266
2012-07-19,64.12141943524036,64.80243673246466,62.41637808409049,63.55209803301818,63.70109419684055,1686342
2012-07-20,63.962115084948714,63.74983479345339,63.190109705884,63.68592552098405,63.68657548171781,8871095
2012-07-23,63.94249055957409,63.58106709962002,63.060627482189325,63.45834556383717,63.524571629253565,4562934
2012-07-24,65.17001616337217,65.92618167853661,64.38876084656172,64.98973581269382,64.86155889141358,4610924
2012-07-25,62.226038844916616,62.717690147926085,61.87962478576705,62.36616326457479,62.17928948256411,6322592
2012-07-26,63.39080679920937,63.719075108831426,62.388582492184845,63.48506737677122,63.51209309908727,2335780
2012-07-27,64.20851846561231,64.80953019465665,63.554997966202784,64.75854982954283,64.71983650336564,8573135
2012-07-30,62.12488651174339,62.739958120760306,62.33195031560547,62.71255685740866,62.64364404390463,6099420
2012-07-31,62.64120939107124,63.363782215533455,61.319121866855035,62.39726652360228,62.50494373625778,6945233
2012-08-01,61.97680920409384,62.22006346660401,61.08330233843256,62.05322291788046,62.171438422915685,3906349
2012-08-02,60.736469493207586,61.240669756891755,59.54360858580883,60.673108483436614,60.39760406646734,9878162
2012-08-03,59.99179339635703,60.64882838524158,59.62816866526852,59.92268905611971,59.826060420819466,7707868
2012-08-06,58.57752850767871,59.34359067602408,58.160550591831026,58.83951047092785,58.78759316421923,6621701
2012-08-07,60.58995065099805,60.6520418343792,60.286324832640254,60.619178174625446,60.37481751556567,8486572
2012-08-08,61.546240799024176,62.54724959618738,60.56726190622081,61.58225382804688,61.41961562941935,8434417
2012-08-09,62.74088956518668,62.89442786811611,62.87451035281384,62.88120618331501,62.599273137386845,5559097
2012-08-10,64.03836876751873,64.59986078534662,62.91148352870319,63.63027550763222,63.94603572216709,1135258
2012-08-13,62.46754804660068,63.6457629592233,62.104422540793394,62.52862099668896,62.67653695357434,6353640
2012-08-14,62.16008249295592,62.568492164550065,61.631166916138675,62.03149799068316,61.775587142803595,2031306
2012-08-15,63.0430517962996,63.21821491424916,61.7415143172113,62.54826981218505,62.24819409983052,4710468
2012-08-16,61.802933842761355,61.93883164970782,60.30870757170103,61.353539263567086,61.48808009013373,4436142
2012-08-17,62.578791972534766,62.577284846980355,61.33738817386421,62.09393495401345,62.0561769769255,7995127
2012-08-20,61.5963603685008,62.97930129057036,60.82510275798978,61.881006816129286,62.05847950721397,8861003
2012-08-21,60.96129939331024,62.63372191116627,61.207951100521065,61.53358326885366,61.794163249208275,6546153
2012-08-22,61.97436381693603,62.69017923087088,61.62493272556756,62.27194049733112,62.33377677649302,2808745
2012-08-23,62.46590710857325,63.51543489460238,62.178235371605666,62.743601069091135,62.54728162618755,9761862
2012-08-24,62.92099598669373,63.56699877886918,62.39549699249544,62.41003216354603,62.58614955220623,4044749
2012-08-27,63.786586310118324,64.82043528157705,62.88853027114237,63.59675922718425,63.88664072402009,8850948
2012-08-28,62.01986259539837,63.179730613451696,61.715617611206596,62.54309315985832,62.59327228846759,1187708
2012-08-29,62.72564355965589,63.758673648323025,62.43840691249282,63.18642602707656,63.30142370947377,1035241
2012-08-30,63.36751959578501,64.16257708907213,62.86732942640074,63.806924545318914,63.70322214661392,8368369
2012-08-31,63.690475611385054,64.74301777326818,62.79889106222174,63.524775366278895,63.449516100440604,8178880
2012-09-03,64.17906263030198,64.06076036463774,63.79302778516515,63.878305648794985,64.02819896615222,7760435
2012-09-04,63.105256163133156,63.38116901208794,62.50867240286051,62.65458933268365,62.92260755767435,5251754
2012-09-05,64.1665563011365,63.96545153540276,62.84722621019311,63.606013612164524,63.68805798330055,6302409
2012-09-06,63.06998071606402,63.802561934946446,63.099568342712374,63.4485087359955,63.63241291153192,8987086
2012-09-07,62.713674424226646,63.46306420736092,62.85290468812538,62.95318297575044,62.74646676743564,2505326
2012-09-10,63.69704907509036,65.30863549461498,63.47944371596731,64.0295894618613,63.84515804987127,1587740
2012-09-11,63.17368647161933,63.42228824791228,62.65028699797774,63.352643031592514,63.37293785238836,1771736
2012-09-12,62.48552802473072,62.68864199528296,61.56412083577368,61.971578995502924,61.77113452124105,2448303
2012-09-13,60.53314667907675,60.54216418295897,59.57145300465934,60.442347082252994,60.523941271139854,2744901
2012-09-14,61.36670928978826,61.264503818788334,60.28937878423243,61.075754293872606,60.948504905305164,1325262
2012-09-17,59.81090031780374,60.3486392367667,59.424520194466375,59.82272220165029,59.99712495024259,4230991
2012-09-18,61.024420292649864,62.23385069011377,60.67483650479723,61.604913643908645,61.79472475686837,6311397
2012-09-19,59.03133499496611,59.85860522922797,58.77778075114689,59.5503814962989,59.52881678805169,6386737
2012-09-20,61.32070921955402,61.66204849774567,60.49305556456654,61.274235124862905,61.078654282882304,4200468
2012-09-21,61.7818157181478,61.619641289653586,60.83179376479749,61.51264985233949,61.60293502022073,3046282
2012-09-24,61.09351317120572,61.815950689830586,61.429337617132624,61.44333400074307,61.74611877428707,5920296
2012-09-25,61.196212594702374,62.10357933287,60.0771068574381,60.9258121742081,61.00050167443124,7829694
2012-09-26,61.73354702653326,62.511545823292224,60.89092463065551,61.35234554883414,61.06753243295585,6949409
2012-09-27,61.234020218547606,61.75295091220655,60.18567477182403,61.34210810668326,61.046006055460836,2645073
2012-09-28,62.780697273691956,63.18606420754298,61.45077115025171,62.47280724897376,62.360582329053564,8407310
2012-10-01,62.494249954622774,63.75350813606703,61.87846904806882,62.61443215790977,62.423948916043,5232792
2012-10-02,63.01611150205985,62.79989708769479,62.47543029797484,62.792131179645615,62.98870270429451,5970738
2012-10-03,62.78567977963898,63.46855593082937,62.2014490987322,62.45591622770573,62.67126776625812,6847389
2012-10-04,63.0405517049931,63.61043319573191,62.00138808241314,62.42636786425864,62.27568233048165,9590352
2012-10-05,62.56750393870783,62.876201817114016,62.163363876019496,62.76156689342468,62.652138823477905,7777566
2012-10-08,60.97012532115513,61.27601636586799,60.71712926465088,61.07879576104203,60.91769858513919,2571697
2012-10-09,59.35837001859448,60.90625329644876,59.14258438523586,59.75800759921029,60.00204887290225,7627690
2012-10-10,60.170427675858555,61.179400741579514,60.32847591869521,60.52866895350697,60.53027256048997,2574498
2012-10-11,60.96181735400113,60.74417401293391,59.539461668715894,60.726931651908885,60.821748887951884,3511678
2012-10-12,61.07555748616083,60.88244275976016,60.43960502402324,60.57034557583018,60.51915278367065,1853690
2012-10-15,60.4884038715556,61.16165407508256,59.48635895500392,60.61617676916954,60.69559256429696,3814084
2012-10-16,60.60062259075686,61.83638204085211,59.87675215941808,60.99115573480519,60.92153760985863,6494797
2012-10-17,60.21885485556867,61.36560641428808,59.84332995485562,60.4787933147698,60.381832768485054,5310411
2012-10-18,59.67419251675435,60.91697429956724,58.8619386902923,59.72788584964146,59.80820795423703,1293275
2012-10-19,59.70011338546531,60.29586078142581,59.42829661531111,59.95112836501311,60.00572110831611,4559330
2012-10-22,58.68577535131952,59.635254213190656,58.25671012018561,59.000152847672055,58.87833402504343,9712512
2012-10-23,59.71632141471345,60.069773128723135,59.03095477812714,59.4358028636605,59.22739029985401,5699266
2012-10-24,57.192072904247794,58.229222925175925,57.412713906631126,57.760616519696626,57.68470560780697,2378090
2012-10-25,58.86331798874984,59.01616189267784,58.13697263139105,58.81716941729624,58.76729106904047,7683441
2012-10-26,59.66567243833001,60.47676318833584,58.72621136685266,59.31716415998326,59.393496057288914,5248774
2012-10-29,59.321932507957186,60.61775532992479,58.90977695063285,59.600591154571106,59.84765274820441,8322390
2012-10-30,60.73589077147702,61.214765467026,60.263185547017414,60.61067939879059,60.32955785342042,5327729
2012-10-31,62.514012630763155,63.055237743930405,61.84629558297815,62.30355110352714,62.14384281147788,3373174
2012-11-01,63.54172020398147,63.63323690490335,63.23902756818791,63.34531842881924,63.15130181715952,8719919
2012-11-02,61.46520202329428,62.201045853804075,61.46750822874876,61.531841457761566,61.53325324968142,4678219
2012-11-05,60.0946972113788,61.117513042336206,59.974095550396946,60.27966175129984,60.23728563557157,6057567
2012-11-06,60.083214459757606,60.29716688291362,59.59361605567761,59.68224043387813,59.81893521921053,4181653
2012-11-07,60.04449789601138,60.91883687095549,59.61174758745235,59.73572874436295,59.58185901259211,6789415
2012-11-08,60.065287455790326,61.01782812424926,59.30070577617896,60.28078502510604,60.33774938181589,4777946
2012-11-09,59.1093767837905,60.024508840333276,59.536114679012854,59.58243847222655,59.811149990132165,7673096
2012-11-12,59.28451341703355,60.72004385422919,59.00855169063433,59.7966024969776,60.04217383266011,1175666
2012-11-13,58.58930568893537,59.26999652049076,58.74662464034957,59.06861682489825,59.339614545114905,1832767
2012-11-14,58.58142773911112,58.93426055572315,57.465058079717785,58.484496282180274,58.64431169050914,3131875
2012-11-15,56.59318373233717,57.50149587581393,56.55132050270355,57.10523244560602,57.337072783176225,4675007
2012-11-16,56.0260716210275,56.694828783830175,55.86587109274649,56.209396459769096,56.060177865125006,2538954
2012-11-19,55.16304697977278,55.74327053541784,54.316895725082915,54.885109114426726,54.719126085750666,5763455
2012-11-20,53.71478977185397,54.45892638578797,53.52460253090047,53.93663312172337,53.67044941006009,2729112
2012-11-21,55.30740412805068,55.89136871320135,54.39674155888433,55.01767217860518,55.13147312909547,7457625
2012-11-22,54.361244630642105,54.71938162564746,53.97175590380453,54.09567055004721,54.33232135873149,7474378
2012-11-23,56.46693596648936,57.14373596820919,55.62375698499084,56.755449875158575,56.57776862183686,3788306
2012-11-26,57.53828617533265,58.20401456029583,56.78868086265082,57.27616503631343,57.35460106458156,6170294
2012-11-27,57.77328406228679,57.762376250686174,57.08801398512935,57.488398420282294,57.63008418860937,2611256
2012-11-28,56.5412379436061,56.91169719525321,55.85266449283078,56.65743790037505,56.899713170107226,2492644
2012-11-29,57.05279378923556,57.96416450945842,56.9674966356235,57.38514504005801,57.46942099261645,5078461
2012-11-30,56.861083810482214,57.13342174759195,55.889689832581475,56.83690447409421,57.10420487372428,3962364
2012-12-03,57.46658943372918,56.99666828110928,56.46856728849356,56.98631154901354,56.89779650123166,2269646
2012-12-04,59.74014331487168,60.34622420593692,58.7164568632889,59.57379334755631,59.48439008239164,9020694
2012-12-05,59.11587491749822,60.11338480112204,59.377250354318015,59.50513070810563,59.53072535841051,3120688
2012-12-06,60.90360168250334,61.222497764511424,59.65492056887609,60.68180129466528,60.61110813765201,8258090
2012-12-07,59.918656994695176,61.16650081155375,59.12307193389518,60.00602212981337,59.70684754199603,3340633
2012-12-10,60.10826258405936,60.6838519949684,59.74437740953369,59.998430899590375,60.13749047790678,5775802
2012-12-11,62.085916161233854,62.86377200955913,61.61706508323106,61.796628795499856,61.95218144123733,5405749
2012-12-12,61.21535367703593,61.36773788463267,60.80993576747459,61.19705899798606,61.348200192526264,3340921
2012-12-13,63.432756374637115,63.75452508899872,61.80633544374414,63.036904816256964,62.93921064138333,3618778
2012-12-14,64.0554003640513,64.87911088473015,63.44448047108093,63.772054011986405,63.786268466945394,5994835
2012-12-17,63.38252231674003,63.97446149102313,62.660102311555534,63.23698449636611,63.148435971764684,7595442
2012-12-18,63.45052513695271,64.81436551158973,63.85842557483013,63.89678949569561,63.587552292987404,4268591
2012-12-19,65.33278125577789,65.37962950834662,64.38116576187635,64.89674120559631,64.93726853339885,7290627
2012-12-20,66.11738532838523,65.66714225360573,64.79699418273722,65.54594842808747,65.29933878831272,6207404
2012-12-21,63.538413666538844,64.58926192808131,62.78306197102351,64.003120968471,63.73433430911165,5073091
2012-12-24,63.288493527635545,63.80281863683601,62.6491582777877,63.303381052920095,63.46512060196389,7925222
2012-12-25,62.779057995613,64.17719933046565,62.04982047442003,63.08325967764256,62.77384020161124,1055700
2012-12-26,63.35710727071812,63.34383435710033,62.34644630151999,63.03622350881649,63.32556509725403,2301732
2012-12-27,63.96657939958615,64.91560858005217,63.632345571837185,63.68429286664114,63.69400813740046,1798713
2012-12-28,63.43051850801422,65.1136883496622,63.4868773898062,63.88939112784838,64.19798738447399,9922842
2012-12-31,63.05334225089268,62.891386945627985,61.86106964320249,62.581444029412246,62.30483252762061,2696992
2013-01-01,62.58713513749169,63.4275083056233,61.791499130153355,62.989039140692185,63.041653600921386,8726192
2013-01-02,64.00529627841168,64.76665304540566,62.53374401772183,63.62702214624998,63.531153426061955,2021815
2013-01-03,64.15896041016079,65.45562749730703,63.920936347848524,64.21420985445499,64.43477442320408,5489738
2013-01-04,65.09803456342125,65.90171786146365,65.03482584660416,65.32238784028358,65.23173521715918,7981278
2013-01-07,65.73132740329727,66.60860274507549,65.91741979984431,66.18370725510646,66.02518905559015,9543390
2013-01-08,66.22707955185098,67.37178134634888,65.44021931551487,66.67028459460887,66.9086662820233,3718597
2013-01-09,66.84324345436023,67.54400322142584,65.49129558580945,66.62751614342419,66.54400061183019,2635410
2013-01-10,65.05950587492794,65.34943626326394,63.98669773086658,64.99395247018218,64.6799233477406,7074786
2013-01-11,64.95627045048498,66.41502559254322,64.93687008211337,65.45096794958873,65.37916110414187,2914851
2013-01-14,65.17724592049822,65.75391625486488,65.02343734456966,65.68605289702582,65.78755247638603,7864498
2013-01-15,65.42060701201004,66.05008296518174,65.37225012162772,65.98502899449517,65.82294306495434,9631899
2013-01-16,65.05128656751334,65.23580960638168,64.40759971464044,64.73567767894882,64.69164938599947,8782094
2013-01-17,63.95187997581356,64.13221612522051,63.03879429227929,63.68201839881455,63.39972565161628,3866292
2013-01-18,64.19062564826658,65.17139286712164,64.7230678170273,64.76256851242142,64.81961966688016,7763738
2013-01-21,64.82846086169738,65.38628524393428,64.57971510268308,64.75041061883874,64.91636263443358,6961970
2013-01-22,64.9155723422225,65.87920854719282,64.29859773735883,65.45930857648533,65.40256357855583,3706383
2013-01-23,66.04405249163571,65.76693985656091,64.53009785014171,65.51502421288977,65.46276460295566,6664044
2013-01-24,66.10608912705324,65.97802945743044,65.01760956414739,65.57217761265949,65.30220548136919,1705195
2013-01-25,66.80165865214313,67.83521953350372,65.84965712448164,66.53785867890946,66.33953651255887,3906699
2013-01-28,66.61220005272462,66.59228554918114,65.56044851963419,66.04921121096605,65.82112697256538,9833886
2013-01-29,66.58492318928282,66.76128641170608,65.19234073653848,66.17272924818101,66.16061154491811,1788449
2013-01-30,66.16979962023476,66.49586779516795,64.70683561741406,65.73785121974994,65.75708318373367,4207580
2013-01-31,65.4218335789045,66.61560009501446,64.3334323394069,65.3307522525916,65.62404821752338,5425864
2013-02-01,64.79666437279457,65.36329570875931,64.10887431439554,65.04897738939692,64.77136884710916,8128397
2013-02-04,64.9299624841432,66.18824253394233,65.03143185565811,65.2985084213046,65.36372071816544,1154147
2013-02-05,64.62304531369928,65.77574849740702,64.40882921340824,64.8471570599151,64.86434060155021,4019322
2013-02-06,66.30025929941563,66.93356149023894,65.5088899562227,66.1303104457626,66.14104544382253,2088599
2013-02-07,64.835831416447,65.37871834528326,64.83132887956863,65.26310040381706,65.50663572420788,2544016
2013-02-08,64.78935810452522,65.98496281010442,64.1206391307593,65.10362601992968,64.9119208871187,7490003
2013-02-11,64.64996854076517,64.7742196155599,64.26516612029795,64.69129222192947,64.39421251887245,1167696
2013-02-12,65.81240899886606,66.95455089161992,65.9827430010847,66.16566736655717,66.27965195926576,3047542
2013-02-13,66.50731979324202,67.37162966081527,65.85977652858223,66.38961940334272,66.28682003310811,9755861
2013-02-14,68.0197160272418,67.73345478049443,66.12697895173255,67.44886120308533,67.12348109524183,1549229
2013-02-15,66.31812989895302,67.10148256644085,65.69257664782002,65.99069809032233,65.82662806209927,9219531
2013-02-18,66.50577786353189,66.32538574486094,65.47360509949691,66.28514561646556,66.15875759110355,2674213
2013-02-19,67.31335493227292,68.33629484457379,66.62023907054737,67.20217367236299,67.28069160124551,5646867
2013-02-20,67.2956299502405,67.93156696737653,67.21623901404233,67.31185492191238,67.0914663466091,4943811
2013-02-21,67.97592225014233,68.70241345402584,67.73727118216696,68.4047325572517,68.34525761649907,9880172
2013-02-22,68.4509753267529,68.09655179733919,66.96109378754501,67.91484136742531,67.90293959330133,9602934
2013-02-25,69.00279752589724,70.67385334951926,68.63973368137724,69.35158606788485,69.3233165522732,7960405
2013-02-26,71.09199917531114,71.78205175922339,70.427667150766,71.67788145177808,72.01759215266114,2244634
2013-02-27,71.69917401083474,71.62651635953956,70.93017071524281,71.3424401516124,71.01819178446632,2161360
2013-02-28,70.46419984095824,71.41771626352032,70.80199158829382,70.9243348904856,71.24418107729466,5560837
2013-03-01,72.21960892600289,73.30328015939133,71.04887378104212,72.40511662787726,72.46444336323127,2968480
2013-03-04,73.31383370446581,74.81852332977809,73.4522640187023,74.01208603388194,74.23096028471146,2779081
2013-03-05,72.98299248020722,73.70136097295519,72.66911547149815,73.51662326700266,73.46545027022351,6854177
2013-03-06,72.6459016429527,73.54755412826195,71.965547612319,73.12383371018076,73.09007819923401,7926610
2013-03-07,72.22004861569066,73.217400549132,72.39679521891195,72.86944636159423,73.14585948132988,7380927
2013-03-08,71.77657671371043,71.85798315624399,70.52752737947947,71.55239311083393,71.83569371808211,5445246
2013-03-11,71.13740551481213,71.24217696207396,70.4697614227781,70.66113842462372,70.47649301341295,5929384
2013-03-12,69.5078361330888,70.66559503368947,69.2784223477965,69.68439491814561,69.47481344107013,7010582
2013-03-13,69.46049058517814,69.24383608906415,68.74445602694973,68.94399461331545,68.94139899179115,7750858
2013-03-14,68.54148812227984,69.44225967596493,67.81823572014729,68.93670698620265,69.21264478752674,7078497
2013-03-15,68.95666519566915,69.73933555495334,68.89017992302001,69.19831897901314,69.07539168989838,2121756
2013-03-18,70.28182644654656,72.15841471123711,69.7607145416664,70.77621673210119,70.88380692571809,3439248
2013-03-19,69.97357327115205,71.13807461581686,68.48831615500248,69.80525995163637,69.95056077835741,5677953
2013-03-20,70.70348773939673,71.95024614805209,70.06947493501573,70.81697961038692,71.01432859100433,3675102
2013-03-21,70.79041296132293,70.97175729338558,69.8675385985359,70.6303880264354,70.67553811910877,3801499
2013-03-22,70.97785009443129,70.7044015881094,69.95726544837557,70.60832157705693,70.53944681565437,7352809
2013-03-25,71.37572046302932,71.76251042269156,70.84575029826395,71.3105383294975,71.64356994519487,1363688
2013-03-26,70.39444542075348,70.5898742935558,69.54724917658545,70.21521356820918,70.29338469440788,9601338
2013-03-27,71.2398118228518,71.33964097555908,69.77355468728912,70.6250205746672,70.78644480240973,7803623
2013-03-28,70.53426927225738,71.92042627899474,69.42233386289026,70.81887004315423,70.709088646103,2240294
2013-03-29,71.13777728451757,72.56335173896942,70.00074012784198,71.33871856743635,71.4599581353798,9869013
2013-04-01,71.96727639789233,72.86606399921702,70.41972816192732,71.65528447161815,71.48173369744494,8036453
2013-04-02,74.30302119991669,74.67129427655674,72.81961500104794,74.137981871803,73.94900187072973,7751617
2013-04-03,73.05490481596759,74.53825352414508,72.83964222933163,73.52763914782567,73.68551931354237,1870376
2013-04-04,72.84315497869449,73.48092778874356,72.06385464337737,73.02403945309781,73.03966275374734,8738984
2013-04-05,72.38170742871975,72.5165218814443,71.13173303262893,72.42829618694702,72.56104031318515,1988033
2013-04-08,71.78429856629448,72.90907021536283,71.33515142787763,71.90021632806074,71.73444210413938,5714331
2013-04-09,70.8315092255694,71.30423862999335,69.91894116336883,71.2902264610282,71.36060655443744,7466399
2013-04-10,73.12212025195572,73.1000093457378,71.9036952439214,72.50664025240974,72.46598842549732,8125053
2013-04-11,74.34253503699968,74.44172361920758,73.06548589908478,73.95454176067356,74.02624829650001,6955026
2013-04-12,73.38381891515068,74.42922616945641,72.36904051510382,73.41119272719806,73.25767504440422,4963407
2013-04-15,72.86770547897056,73.71891838265157,71.22585628369146,72.6062344143678,72.7626652460829,1643933
2013-04-16,73.6859146012389,73.54966428553584,72.7473935456668,73.10504723102818,73.32869703865265,4479616
2013-04-17,72.05209022071018,73.75838281583701,71.49713441444031,72.58022144702117,72.4059682920893,9791468
2013-04-18,72.87489422120845,73.67108303200907,72.47765412002626,73.24055052505065,73.09452392545516,9072021
2013-04-19,73.53361676258504,74.1267105328152,73.07624826652362,73.47087080617592,73.58927225147988,1898477
2013-04-22,72.41299437580474,73.02917652213156,70.86448154252255,71.98252395145266,72.12331109639119,8204814
2013-04-23,72.8751884849972,74.57681498848312,72.74502541830594,73.5574264130567,73.70755688821664,6143829
2013-04-24,76.11041389895023,76.86927190503106,74.3842079429822,75.38070134642619,75.51842076067565,2721894
2013-04-25,74.72785442396406,75.13212968796145,74.31228020628456,74.79530991621579,74.71513511590416,1721768
2013-04-26,74.2254429997846,75.42099836883902,73.718533030406,74.43500561655377,74.35673994319055,2876136
2013-04-29,74.43839848103943,75.65972160430606,73.82534504417325,74.74826826755265,74.56499868712959,1611786
2013-04-30,74.6209401674073,76.48478545480542,74.50186430206139,75.11012231781366,74.8523696900523,1304707
2013-05-01,76.23806694313,76.0330965481996,75.49534669682978,75.79606385076046,75.94202992421026,3481748
2013-05-02,78.5425967264214,79.00396978781598,76.3367055587172,77.83366564980078,77.51702956964857,9726214
2013-05-03,77.54994706549294,78.56702458108074,76.88945761160959,77.6841156825807,78.02421074909755,1769155
2013-05-06,77.60915830795531,77.33572440407548,75.7842521834097,76.91321569831622,77.1644806397159,9130131
2013-05-07,76.05062506515861,76.27827204865396,74.94010857598731,75.56129373057567,75.83142969284845,4273438
2013-05-08,74.82939154751438,75.35747632519688,74.32607357695748,74.85776095090772,75.16218412001425,5211964
2013-05-09,75.11255549823254,75.71928693675373,74.24248974254819,74.85203123830789,74.78362020244339,5004249
2013-05-10,76.57428591890756,78.03725077628968,76.0464916043989,76.67398636209965,76.93981562743863,3191300
2013-05-13,76.27324773856377,77.05120834963745,75.35461844222127,76.18377232333745,75.92327052286626,5227655
2013-05-14,75.75934334599954,77.40067105962748,75.60415560657606,76.43495753525032,76.06932464409275,3087444
2013-05-15,76.74600278479501,77.2390551513219,75.68582416440084,76.44593189945154,76.66371978100366,4907087
2013-05-16,76.96715426639302,77.741194460368,77.45236850884967,77.6617224331736,77.33150218616443,7685870
2013-05-17,80.72475817188837,80.58963200201724,79.42018779055088,80.21605211932119,80.60792732107909,9269649
2013-05-20,80.23062777282517,80.4969551569944,79.44298644081115,79.71258060667485,79.85191535151858,4108941
2013-05-21,78.83380309392695,79.74226468993108,79.05061184486001,79.25053842443059,79.45139868443262,5559287
2013-05-22,80.03882105919209,80.61408922678945,78.8238553744496,80.32209656177363,80.11792088975685,2899044
2013-05-23,81.00109639334647,81.84839696290915,80.05098655948044,81.03138531167392,81.17227084894463,5320468
2013-05-24,83.06576761076734,83.44074397907521,81.81198297065451,82.90548989768392,82.5267941489102,8152832
2013-05-27,83.16162444396949,83.94794191075594,82.84568478785724,83.51681534328387,83.79895662597458,9773179
2013-05-28,83.33878999712714,83.95685231414804,81.67265044793946,83.18492051277077,82.91009757716574,4644092
2013-05-29,83.46405171649133,84.02636494430847,82.7337631769104,83.80297260373706,83.96836453041702,9663165
2013-05-30,84.18394931879895,86.51511070378594,83.63242192381728,84.93907344459393,84.70504973518182,4725002
2013-05-31,84.93341997317157,87.27570326593204,85.15459586274423,85.78695288606528,85.4167420098395,3800449
2013-06-03,85.6330384078078,87.54328334269692,84.66422848180751,86.32162417744655,86.3056492201949,3906655
2013-06-04,87.92664209528031,87.6013912408495,85.98127223081569,87.41569612730969,87.12660036583064,5014466
2013-06-05,89.43015959682043,89.9874357194748,87.09898071059263,88.61238897802933,88.81570477745194,5891035
2013-06-06,89.8904523331769,91.47662303611433,89.71191997112068,90.02194522934083,89.78569689660843,6048278
2013-06-07,90.7210605746915,92.09074748742084,90.20653567280846,90.69805237720445,90.55517805375075,2840221
2013-06-10,89.9187147452602,90.76474276900055,90.04101419084776,90.55833155716155,90.61940341792129,3685255
2013-06-11,90.82504648932779,91.90090933771755,90.24083739342856,90.73244250386885,90.53733896995661,5886300
2013-06-12,91.31275290661611,93.50094483306154,90.39297342378862,91.96634873065118,91.85413885611199,6831116
2013-06-13,91.3796136795494,92.22963515094945,91.11866724144144,91.17681031993791,91.46458418344784,4455000
2013-06-14,92.36637577629568,92.75674860063654,91.43350698455284,91.57288088908479,91.27912410671938,6232533
2013-06-17,90.65185123971224,92.04305793827831,90.70728059725035,91.2069393370314,90.8258781941991,9329709
2013-06-18,91.74597942307791,92.22811060388128,90.89826094905743,91.26308142024018,91.10643544593462,3167652
2013-06-19,91.68675312059953,92.6325751233825,92.13967061325593,92.56893054312147,92.49892692510409,2177798
2013-06-20,92.55638105909216,93.97318156491303,91.30664496500766,92.78742687141535,92.82700932163168,4743301
2013-06-21,92.13833299415808,93.01252649720414,91.81540777122221,92.86126067984547,92.74279171578483,7239655
2013-06-24,91.25874687780568,92.32512909084151,91.51823816486484,91.52880179913953,91.79415450462898,7249825
2013-06-25,91.69978576526096,92.84270829120149,91.50990174059201,92.30245262544071,91.87723321379127,8987725
2013-06-26,92.7397438494972,93.98956098446244,92.21686932016082,92.97533406685577,92.91189470755383,1408092
2013-06-27,95.0090055807662,95.41991999294123,94.94911177198574,95.1659860504352,95.0539337306019,3832015
2013-06-28,94.50718443630797,96.19814512961402,93.6024826211871,94.88560507575616,95.02563581971992,3804188
2013-07-01,95.43014832784932,96.64477584170362,93.79631232550071,95.13215266369407,95.57573129948365,9019446
2013-07-02,96.20817815867883,95.72064308468008,94.03334054218345,95.4089336076788,95.41883267250087,6278467
2013-07-03,96.82091176931954,97.21618029451899,95.60034968631017,97.01378414771625,97.48612180107351,6860187
2013-07-04,96.34936457077885,97.228028423352,96.94578344852827,96.94588587560327,96.7541747996775,3214329
2013-07-05,96.80634985820944,98.9583581991852,95.39688472887187,97.25230466164757,96.79606310864288,5682898
2013-07-08,98.58064424073572,98.92166199865227,96.29357961505876,97.88759843163808,97.56032413560834,9312376
2013-07-09,98.24216425149459,99.01838588658488,96.32796371189127,98.10160481506841,97.9987206439806,5541632
2013-07-10,97.59467570245873,97.89104615229269,97.65200691549545,97.68256846079186,97.5031587058957,7388748
2013-07-11,97.2180159952138,99.1759390634616,96.07548444253248,97.90405571396414,97.50955536586498,4786997
2013-07-12,98.90553968212363,100.72381218681899,97.40162108627052,99.00508472409788,98.93841480666396,5604136
2013-07-15,97.57178457817264,99.62930981931818,96.36491725630437,98.0059666849608,97.84731048206527,6863077
2013-07-16,99.03640760851486,99.39548352789754,97.98318000875972,98.16633361938165,97.79587274432048,8065113
2013-07-17,98.24249769441427,97.64039394166466,96.05308732320105,97.49361006471645,97.29483729504646,8441720
2013-07-18,97.89454397129576,98.9379617738946,96.82087019939581,98.71605395391526,99.09752837881729,2831422
2013-07-19,97.25264544195849,97.31614096459836,95.9008932718231,97.22026430940545,97.02781569323072,5978147
2013-07-22,96.15706448102026,97.18664654135526,95.58540245945986,96.68873972240786,96.89561052470835,2704733
2013-07-23,96.92008983428792,97.35678538089746,95.25706181390791,97.09334885774635,97.20213911968337,6938129
2013-07-24,99.43006461445258,99.19953357028699,97.81203389818002,98.68627014725466,98.6144079524709,6296519
2013-07-25,98.70220214802144,99.40762064999842,97.46553590493964,98.64791714645564,98.39047137287623,5206973
2013-07-26,97.79477859084014,99.97062646209555,97.18534751844787,98.12011488003643,97.99159195255871,9735261
2013-07-29,99.44427842576003,101.24977130930006,98.16244188775066,100.02866920975097,100.12080282963224,3249309
2013-07-30,99.20034156009501,100.25475534866611,98.45800123487595,98.6080525696087,98.4608832211503,9610300
2013-07-31,96.67680586333255,97.80672216724327,95.47011783073519,96.4366438732626,96.16169956223861,9674803
2013-08-01,96.84216385563205,97.12209577586752,95.57268603232397,96.90405558358991,96.53239243259209,5926754
2013-08-02,95.88454234235935,97.84868586388058,94.90213719425296,96.42939861951126,96.7956055938932,9074282
2013-08-05,95.11918725041471,95.96064739584455,94.32274880475735,95.43556306265452,95.37860041498801,3216275
2013-08-06,97.05579172737939,97.40059363430116,94.42308044446814,96.17131677022785,96.29173126195391,1390958
2013-08-07,96.48126522634827,97.100179347679,94.62555426417147,96.44251474427301,96.43326625539845,7309401
2013-08-08,95.71536301007059,97.81948517065692,95.78246159976354,95.90583337381027,96.26314639811325,3473431
2013-08-09,94.69347941529753,95.15184461037423,93.8912152554431,94.65292623541336,94.69735144667987,5446869
2013-08-12,96.08594337510011,96.08621467787117,95.50794932875016,95.55278082396748,95.53441693438293,5120196
2013-08-13,95.9226517085808,98.02155814463165,95.59638146471153,96.2303792622001,96.63897440563399,5954254
2013-08-14,95.54069726246821,96.2059960879726,95.12611072713109,96.1586006586947,96.36985110004464,7446755
2013-08-15,98.19916514462095,99.39860005896604,96.24688237691373,98.03263491501633,97.65182705385863,4490366
2013-08-16,97.31041015513162,98.39693477880029,95.34780222466914,96.98994740896416,96.6773531353775,5073166
2013-08-19,95.89807608116458,97.08916574124,95.24831588060448,95.49181949831339,95.7659983443299,2487322
2013-08-20,95.55176579240282,96.6753778348726,94.6508722874465,94.82730868870611,95.14578745777652,4079751
2013-08-21,94.56484256778435,96.65903911982102,93.6917615767734,94.80911993262458,94.85196495997535,2694779
2013-08-22,94.27235273041367,95.20398673725101,94.06798263145863,95.07985664222124,95.13163259481105,9196024
2013-08-23,95.73565194291484,96.42531032179295,94.36061412293263,94.86601784463889,94.99117739272052,8371804
2013-08-26,95.12167411046319,96.47663237584604,93.53209385678136,95.24547050142716,95.18748103418152,1591944
2013-08-27,94.25310503325152,95.23860768476264,92.27748390404741,94.02132833751068,94.1907539470628,7378340
2013-08-28,95.81010839064483,95.73761928405116,94.72356282524085,95.49249020185792,95.1186192051011,8457161
2013-08-29,95.5265195450314,96.67878411026555,93.73836707056854,95.43773628373933,95.87797075060155,3599392
2013-08-30,96.01309049923668,98.480240464675,95.84077503632155,96.58242937560142,96.8240349816228,3445624
2013-09-02,97.44728737883902,98.72061472748624,95.52382653846574,96.9525519822531,97.07972872058224,6727669
2013-09-03,98.02863427652915,98.29245133245372,96.50921765687785,97.43670246168085,97.25773273088144,8553975
2013-09-04,98.13773503326696,98.11219208818973,97.79352098495235,98.03386700218702,97.70148855568213,4750211
2013-09-05,98.48643625605695,99.22275601368214,96.68077592226419,98.50897282247831,98.4196675073549,4704918
2013-09-06,98.41330762704902,100.81830567138928,98.27835507873766,99.17909284261982,99.33934318816586,4985766
2013-09-09,99.69908889147578,101.94615589247205,99.05880010093739,100.53564263302623,100.67006858283962,6890742
2013-09-10,100.43625354819979,101.6852263652961,100.01963561548317,100.75956106300167,100.64131080597714,1035571
2013-09-11,101.11199505232304,101.60781374732574,101.45763542214364,101.49596208086417,101.61094319619183,9465360
2013-09-12,102.35394400109041,102.29965323002799,101.2296804754783,101.43362364685092,101.75186991217531,9848768
2013-09-13,103.48484018247187,103.86640212467121,101.87990713861228,102.90113812257437,102.41367976184982,3970741
2013-09-16,102.57919511920754,104.15107894494807,100.84113639747848,102.25214308078907,102.20165204406695,3839025
2013-09-17,104.11721720576773,105.41497177154073,103.38369249952576,104.08048077397385,104.34958629882833,3306955
2013-09-18,103.37539402954235,104.71638025347657,102.62016211778194,104.06772008360348,104.11574158195937,6942178
2013-09-19,103.646751032579,103.74297132350773,101.22984297664509,102.6643422417594,102.81985417108532,3679245
2013-09-20,102.56287799888592,102.95567984574735,101.37227231456457,102.81984391694417,102.83699055779195,9627793
2013-09-23,101.36301125182858,104.15346133342872,101.15980789813376,102.16618951974326,102.66871899926277,8208182
2013-09-24,103.02145180886359,103.77620022636135,101.14893852267723,103.03423032900595,102.57533805707628,9429518
2013-09-25,103.17501888440572,103.38776200346531,101.40704105046022,102.40900360997753,102.39983270118313,7578592
2013-09-26,102.78021530669028,102.71492723272308,101.07176453725569,101.99021743703672,101.57350228706687,6068257
2013-09-27,99.14875314778169,101.49484566628489,99.72880161849776,100.12807396636516,99.78742380235398,6837071
2013-09-30,100.47346307422951,101.02369774916832,99.08968118920436,99.70316490739008,99.58655044102919,6157255
2013-10-01,96.86196058559685,98.69879566503059,97.22429426030081,97.3066828410351,96.97150033035696,1272930
2013-10-02,94.86730772022335,96.26367251324713,94.53695494431321,95.75017727782334,96.19415856124135,3664146
2013-10-03,97.2094886614847,97.14746920271321,96.0581263750093,96.53798919424162,96.96931106061753,1896429
2013-10-04,98.05964382245713,97.59505373260595,96.75898911439063,97.35118661316642,97.19163740901766,9878268
2013-10-07,97.99227720563049,99.08627192417816,96.29626592691073,97.80404143522534,97.94072034541146,8606666
2013-10-08,97.00866227029542,96.94156109938004,96.23054047151642,96.86446255237011,96.89715752495687,6763733
2013-10-09,97.45062577983187,98.00178919312737,96.37504335806858,96.8441484565021,97.14977598042218,2360724
2013-10-10,97.42262752734887,98.552856208799,96.54041764894887,96.8679431776855,96.99139711858544,1453850
2013-10-11,96.48392611377585,97.44268726430747,94.2533237475985,95.73697574876694,95.25853256231751,8469245
2013-10-14,97.37038384420936,98.14130935451972,97.01544653801297,97.26777131080806,97.52375517035156,7563503
2013-10-15,99.09073283453122,99.07435097177714,97.28160776102229,98.1725308616577,98.41486790971855,2194215
2013-10-16,98.95120299732166,98.12979116424314,96.98559419675532,97.978963948102,97.98849015428377,2829341
2013-10-17,97.28141950777751,99.34839251637035,96.68550574480672,98.03324704737051,98.4282415998008,3059838
2013-10-18,98.95601361930625,99.88311440058312,97.02438408164728,98.26902711559204,98.67040322821455,8104494
2013-10-21,96.25434733693729,96.72567343378978,94.69397617440968,96.25468950744173,96.27770561760956,5908033
2013-10-22,95.81895825493066,96.84410122502636,95.94895538715582,96.03490938519509,96.13861578517135,8783308
2013-10-23,95.59601986488806,96.98049772507832,94.81483015944728,95.38032239747126,95.85390675044762,6630764
2013-10-24,93.56770845088631,96.06221009331622,93.8771722572129,94.40609964785033,94.21617367825507,3107670
2013-10-25,94.16456321157305,94.6103161742528,93.87743978308157,94.15239661523833,93.98726954562468,5927701
2013-10-28,96.68942325068495,97.03432804809803,95.42238839851592,95.97748040236183,95.67301478695951,8362286
2013-10-29,96.09186615929129,97.01779330868513,96.04697068432974,96.64572052390281,97.02830897956785,1230684
2013-10-30,95.96045731784363,96.29775372950974,95.098856622036,96.10193879439399,96.33689687726242,5800030
2013-10-31,97.55189173869988,98.46406085153299,95.41828890297948,96.70191883602413,96.32056790381458,5948685
2013-11-01,97.98847281897342,99.73897776034529,97.38073379045957,98.12867153288411,98.60142343449384,7688017
2013-11-04,98.80004178643375,100.58679831561065,97.65499015748784,99.08070247607085,99.30954095896763,7741038
2013-11-05,99.04979319366271,99.26445100911175,98.50099503491818,99.167730106265,99.51533492588085,5896385
2013-11-06,98.58653128767844,100.21114950621931,97.97605196569654,98.54819058883339,98.10290136737366,9220231
2013-11-07,99.53587683816937,100.14353726016856,98.19929514550756,99.27381116272096,99.27873605602355,5728234
2013-11-08,100.29424334277246,100.37739334798619,99.64740590283795,99.69469380841667,99.89268576227795,7636975
2013-11-11,100.5208973691301,101.71698363620547,100.45672099000178,100.61728428871838,100.66049597580933,8953537
2013-11-12,101.92294180162561,101.46489821119732,100.43321546908449,101.27985335067432,101.44863365954716,7495099
2013-11-13,102.42583410830855,103.90576176705888,100.42653270719235,102.35680332626762,102.68216905636214,7158724
2013-11-14,101.5199535168427,103.03537357456445,100.37926080932276,101.84896537498103,101.72097897374618,9048774
2013-11-15,103.5197474874425,103.57885536207982,103.01187446545083,103.19375670088932,103.5535610056995,7193683
2013-11-18,103.86908485003809,103.80808835547717,101.6682504858131,103.4187535658557,103.07014560293273,5314241
2013-11-19,105.64391989587673,105.91025525510574,103.9759434767017,105.52141169875493,105.27964742962006,3572034
2013-11-20,103.9297574222062,104.97916611619584,103.57834871648828,104.85962114093935,104.38077508807164,2090857
2013-11-21,105.91902075783682,107.87643867652095,104.87374056955039,106.62298220437857,106.47843002755465,2127927
2013-11-22,106.38947881941013,108.64408556788423,105.98472132203997,106.84829024811519,106.71997565000858,7708984
2013-11-25,105.76246078043779,106.26144420474368,105.75369375834491,106.22426950477471,106.54854096667097,4485652
2013-11-26,106.13462759518214,105.87144318207282,104.68466937797835,105.76778093099436,105.92974384288449,6940908
2013-11-27,104.45878901398243,106.68308784444216,104.31705105601819,105.47483088307402,105.40808910830157,7871396
2013-11-28,106.46806306329621,107.66251854825096,104.78593466114135,105.9263940897499,106.0875229422125,3490326
2013-11-29,105.97691600316489,107.17242793655053,105.27328381343149,106.47662683805937,106.0004456350303,7151039
2013-12-02,105.5278351463711,106.67101942587013,103.92039170521431,105.93032409439476,105.591634696277,4386926
2013-12-03,105.99249840320495,107.19682660714383,104.02180843238315,105.93336676240776,106.06784689949802,6155805
2013-12-04,107.48884829072276,108.69589928890922,106.20968100306527,108.10303438129358,108.25585620248445,4379095
2013-12-05,110.70271960932006,109.91643763587511,108.09713425513932,109.85797481166827,110.15913359598113,6400442
2013-12-06,109.4068393541741,111.94392887910755,108.24008396954008,110.32169574161628,110.21468343093076,5113441
2013-12-09,110.26430708928515,111.76837002611062,110.1696457297818,110.38709648005846,110.63276748541045,1309495
2013-12-10,111.30698955909163,111.81839683775983,109.94841959128804,110.53452506705068,110.73788685386288,1963360
2013-12-11,111.43302021942213,112.82458149213966,110.07467904542891,111.17544030005507,111.69061992877906,3484346
2013-12-12,109.72242212935825,111.66798427642433,108.3146208242853,110.18004499513064,109.86617535042782,4722701
2013-12-13,109.77581731073211,110.40280048058837,108.83920565437336,109.95006571798126,110.00688743229007,7195770
2013-12-16,108.7566156365923,109.07241544496716,106.68850282438532,108.30887890437765,108.4190988307508,6710994
2013-12-17,109.76470415171154,109.00975227166914,108.43330179369389,108.7354992872569,109.27770655462547,4119599
2013-12-18,110.27035935799775,109.69424584419693,108.8577601147772,109.41009248723361,109.08315778081163,9330114
2013-12-19,108.6109508135421,110.42779201378217,107.35970019329622,108.95430328520821,108.9796003171002,3239615
2013-12-20,111.65725948798104,112.45414980778892,110.19144167725797,110.5556873087722,110.38563641853315,7580599
2013-12-23,108.2714109291319,111.4629559899347,108.58885204613206,109.35731890604386,109.38563476226703,8552880
2013-12-24,106.90077412677685,109.27656999354957,107.3486521473397,107.92034128610801,107.63125355928982,4101454
2013-12-25,108.87280112204154,108.57048323288272,107.41528424916525,108.17219036494195,107.68283276574711,2673215
2013-12-26,108.59003181860523,109.4775249299766,107.69904482933312,109.24668592782808,109.32596128133979,1709714
2013-12-27,109.98328751364139,112.76185741842465,110.14169904901476,110.95801087955992,110.77587809349446,4163670
2013-12-30,109.94548168177431,111.80588270703197,109.29909737928035,110.52652387696494,110.17498476442569,9318474
2013-12-31,111.46760932874325,113.01301728377526,111.40948886156227,111.63260197067021,111.4360566619382,9390330
2014-01-01,112.13621377794514,113.36605002785053,109.82434526127973,111.62149076144348,111.11839060314247,1430036
2014-01-02,111.75346991327265,113.04423503374444,110.65158470436124,111.47626072177664,111.9783968810519,3033267
2014-01-03,111.79755696678971,114.26296841862367,110.92957762527809,112.38731791953728,112.47851788472336,4930785
2014-01-06,113.0744336558218,113.19415685398533,111.4266849842619,113.06703805822467,113.42293768295869,5097778
2014-01-07,112.46865442155206,113.18528393417077,111.05042364628768,111.51804316151438,111.43230607987232,8273990
2014-01-08,113.73403682977695,114.9452820510632,111.02222638874551,113.02198077151425,113.4778149975396,5784811
2014-01-09,114.02482340386146,115.08431500756022,113.01918510325311,114.42946938593568,114.41038051537379,5039935
2014-01-10,114.92924002200888,115.28936291082974,112.8552571063112,113.83130394470014,113.91547686916726,5605914
2014-01-13,114.73122114901243,114.97239335863735,113.83785241648918,114.25450473841153,114.24512899097338,4073215
2014-01-14,113.77152652333865,116.97497262820326,112.61286281404061,114.77593218496823,115.04367952363553,9342038
2014-01-15,113.9942778274904,115.14092021198701,113.3263798057706,115.06400321106611,115.1407003623385,3516837
2014-01-16,113.78147698311535,115.8692974652921,114.06454809212647,114.54109531749467,114.27948222284671,8445779
2014-01-17,114.41591060987058,114.276153864256,113.12758521104027,113.89686920983058,113.49314983342059,3102644
2014-01-20,113.17827781654294,115.52113168539931,112.05429528993432,113.8987123991131,114.01958671159224,7701499
2014-01-21,115.12528095456858,115.50373402577337,113.49740485603125,115.09883867864644,115.0863849400425,4136769
2014-01-22,114.72888538888726,116.21437095997365,113.89827322108653,115.66983609351485,115.20250184410527,7493973
2014-01-23,116.29740657321452,116.4669013053212,114.30897439316537,115.3266190217027,115.2062381741529,4813957
2014-01-24,115.76331128633264,118.25043224599762,114.46168862713371,116.12571499262502,116.14287421832337,4338787
2014-01-27,114.2294341727036,113.78433374869276,112.42873953357552,113.30456963226891,113.67495460401202,9909931
2014-01-28,115.49932638088825,114.81098665865134,113.99702192289897,114.48073259291499,113.9954499761794,4058711
2014-01-29,111.65455427067161,114.48018837771794,111.34149633229656,112.76841607441087,112.59756667834883,7495883
2014-01-30,112.3527243562117,113.55909923940673,110.23864165012414,112.4333723932817,112.7961455532784,9679888
2014-01-31,110.2825934085027,113.37148290205765,110.64944668410259,111.34109975892954,111.50635659686945,2555282
2014-02-03,110.97354298692224,110.39658401789863,109.05900190619545,110.0738155434826,109.84261465406045,3172744
2014-02-04,111.30300081055577,112.69938468726605,109.76222424648603,111.26203959113509,111.64626649132201,9782539
2014-02-05,109.8796268048728,111.33789707356229,109.62152232909226,110.82173565009717,110.81430347967677,7736464
2014-02-06,110.32892624466209,111.5442583058563,109.31992697546133,111.19563679210187,111.1938041671495,5016413
2014-02-07,110.91709319526399,112.69573399770965,109.48236160205539,111.17611347349666,111.70596475452638,2656978
2014-02-10,112.6638635105148,113.00661207708745,111.5503382833575,111.68055156099373,112.17989373792837,1549247
2014-02-11,112.21605681785492,113.47233499953602,109.5526049381582,111.78477071232797,111.62663179680005,5188170
2014-02-12,111.34182795380242,111.21326861840494,108.86592728759946,110.5291757484134,110.13191082185693,3686636
2014-02-13,111.25489702131553,112.55229003677341,109.62542246274347,111.5528398281345,111.35836611722553,7968259
2014-02-14,110.0716248560471,111.98732893460932,109.63969526625233,111.08648050524715,110.56491088374409,1993483
2014-02-17,110.59659502114287,111.71357947812618,107.68105020446514,109.55729586686138,109.03226212261568,1168280
2014-02-18,108.10250308439072,109.79459588680652,108.91123114687193,109.15657796616944,109.04253350536933,2019925
2014-02-19,111.67569910910248,111.3373703751753,109.91494961339183,110.68473501707773,111.17287663920295,9002374
2014-02-20,111.2693409048394,112.35343867527128,109.60684234785562,111.56235401946519,111.97664901116795,8703063
2014-02-21,110.15113750878712,112.497220468805,110.79245219833705,111.2410991453313,111.25382827955465,6482177
2014-02-24,111.33886222404136,111.47898763530192,110.7456676211091,110.91923870128684,110.99158730671394,1472159
2014-02-25,111.68819634176194,112.65007992009713,108.88128774136545,110.62500091034343,110.07843983662106,1277460
2014-02-26,113.77893795743631,113.32815629163551,110.84547333519212,112.72914615417824,112.40843303633113,3078140
2014-02-27,112.37125745083277,115.16550345095507,112.77043437567782,113.13847886668377,112.6008155427164,2509758
2014-02-28,112.87173881390002,113.83100467058225,111.6549134539316,113.5959177741488,113.88506429241215,2040775
2014-03-03,114.80388393649805,116.15914401772312,113.07879050663065,114.65359848845463,114.2473186422039,8155288
2014-03-04,115.2353657301539,117.00439652162254,113.72442910596516,114.91978490775512,115.34389304412979,1746011
2014-03-05,115.23730792633509,115.07521120660209,112.78374301494485,114.68814002220839,114.85251601176275,6525731
2014-03-06,113.78867036237928,116.73702776620574,113.55894576611598,114.51918743339738,114.20931990039664,8903704
2014-03-07,115.5258800073286,115.51185973788162,114.03083433575691,114.4749834342573,114.08315882393953,3476068
2014-03-10,114.78277467713133,116.63018705289836,113.81304432271291,114.46515845802142,114.61124427416456,1032286
2014-03-11,116.01992146766933,116.77985187825323,114.05608342642401,115.22018526193237,115.682030373212,6984913
2014-03-12,115.39191956956554,115.99498488542302,114.07428461153619,115.29952840801364,115.55129671065262,1343045
2014-03-13,115.86058590864212,116.49665193091641,114.18965852770974,116.05956574550319,115.88378964704705,7361182
2014-03-14,117.1133703827201,116.71094967807858,114.17020924427585,116.00624642566858,116.10761685453154,5384890
2014-03-17,116.30298486646531,116.32828814355173,114.76220295986928,116.11227887625864,115.89254996824876,7676845
2014-03-18,114.9789852929017,114.46990149097462,112.35907531034373,114.1414754520005,114.71121213223394,5496050
2014-03-19,116.12854531237112,115.32609774197425,114.64379464944436,115.08520038697696,115.37157746565963,2714500
2014-03-20,115.86401182278664,116.43573962399066,115.34347803224132,115.45908612314892,115.59115011910473,3605574
2014-03-21,116.5985054368721,118.33794437713401,114.44919762671847,116.48449349328254,116.39510229443091,6666615
2014-03-24,112.48745677274763,113.93690302224117,113.44395193907641,113.61563537536283,113.74987485065176,6372137
2014-03-25,114.666723853893,116.03305068314246,115.16041535744012,115.73140734041752,115.54810738050979,3212669
2014-03-26,114.92746802133315,117.10706997321228,114.01137035031432,115.61921497253633,115.0744921984581,8400009
2014-03-27,116.02159462582902,117.21523622248664,115.79869484872509,116.75479504954782,116.63230586884185,6872099
2014-03-28,115.1745908275199,115.96823856238898,113.71375473335388,115.74228638269625,116.24053472571696,1982479
2014-03-31,115.92841382308792,116.770822499432,115.68886513198373,116.38245754803279,116.5294498660407,2499406
2014-04-01,115.03359231730285,117.48760653807875,115.32905051951668,115.35643924513312,114.87650535851326,9122836
2014-04-02,114.57768554361219,116.64550947380397,114.0700023123423,114.76006754471128,115.20188647548625,7576674
2014-04-03,115.76523818961482,117.52789344212543,115.3522516962126,116.70149615885205,116.4317696500342,1517103
2014-04-04,115.47156458348024,118.06677459782318,115.6619873039097,116.53821101836269,116.23960456951801,4826268
2014-04-07,117.18931638690088,118.03793489397326,115.53375981088118,116.78304115181638,116.54607781438635,7926713
2014-04-08,117.76837776446483,119.27419266374281,115.61733593661285,117.68050614277911,117.77135812500568,8317777
2014-04-09,118.07153817988822,119.81746884694276,116.04640519233557,118.20358529102568,118.25640821966284,2222322
2014-04-10,118.69970522938786,119.870009733366,117.75167380594682,118.38140145644323,118.3712369388333,2696380
2014-04-11,119.55215402270578,119.40587691933534,117.67595648861004,118.77375971918342,119.03213643075254,3267162
2014-04-14,121.02929356381632,121.2991276958124,119.87339725181964,121.20457256469567,120.98220790614272,7185620
2014-04-15,121.51635221983771,122.2784112110868,118.87418930761679,121.17435102793605,121.5161408814315,6313171
2014-04-16,122.50414652383743,123.5661826649752,118.97814761603446,121.40284733492499,121.00867860779736,7340187
2014-04-17,123.31284926265775,123.87594971513424,121.90424116186342,122.48089899120657,122.82705547440415,8004244
2014-04-18,123.43087573139158,125.67172294877571,121.81652697347438,123.61382218443853,123.81631411666277,7082134
2014-04-21,125.18954474174903,127.30390437310517,123.88447063327675,124.82824975027287,125.05694547647819,2876874
2014-04-22,124.68386156168704,125.90503550544584,125.47402657020174,125.49437723257603,125.47122778318032,6982035
2014-04-23,124.52932307791058,126.0996186117099,124.35575323299771,124.37876958011952,124.58648403164791,7126103
2014-04-24,127.25292686270468,127.7393521969834,124.87860728034936,126.0395983726946,125.50997625782794,8442294
2014-04-25,124.96640896195626,127.36898367375343,123.70058794260247,124.92065023994988,125.35981018129375,2813028
2014-04-28,126.32192274617799,127.71962626663986,125.19414556725995,125.25068296546289,124.69400283994727,8306110
2014-04-29,124.29302421108325,126.233961038024,122.8130280703831,124.5238043757175,124.08640394061679,2253783
2014-04-30,125.72905784086493,125.0936010899529,123.75507092053212,124.48706328939848,124.58265654241517,6199341
2014-05-01,125.04102465039215,126.83710865089051,123.44524577379983,124.84322295997593,125.14211193710345,2149930
2014-05-02,124.04589244079547,125.45996121480239,124.43852435934625,125.19197743570018,124.6614783897524,4373598
2014-05-05,125.85929515106596,127.60305688887345,125.22131601352218,125.64129545020944,126.16994981347139,2399732
2014-05-06,126.70854539521149,129.599442995022,126.245882933818,127.28240397954205,127.88522318036655,5579655
2014-05-07,126.56870062683866,128.74157697077453,127.16981514446915,127.76333554133001,127.89870101637648,1886045
2014-05-08,128.36505097562235,129.15528362000785,126.18233549558454,127.54657616631333,127.52265283583938,1302114
2014-05-09,127.96151504464763,129.6438548461298,128.0269199213966,128.53806059487567,128.8483450106176,5199022
2014-05-12,130.5245010716911,130.89097181090474,128.43556472268983,129.75492834407427,129.53221354957856,7711783
2014-05-13,128.01020521209475,129.35271063039687,128.1500827779102,128.55471778921125,128.54605890148358,3435065
2014-05-14,128.3897796515082,131.14854581589222,127.4459913667609,129.1795151193351,129.71709699793809,8944027
2014-05-15,131.13944637998122,132.34042321765773,127.94923310417916,129.90808512191995,130.50001835960538,5980235
2014-05-16,129.2791986432939,132.07705855032657,129.35169330314628,129.63791887883394,130.19156239305696,1541427
2014-05-19,131.30671180143057,131.49909331967854,129.81499682015988,131.04102295241952,130.72973246932568,7835702
2014-05-20,131.20633656922814,133.20876478725535,130.73279648270145,130.91836462566096,130.56811746824542,7514267
2014-05-21,131.229865144257,133.0044608586347,129.5032468652399,131.07133833940648,130.80613449939239,6574158
2014-05-22,132.01155008510352,131.58772186564903,130.23331761116648,130.9256637753966,130.8488249597288,2852021
2014-05-23,131.42556628108375,131.1448835683092,129.58659493151544,130.96864008325204,130.72525767095416,1240734
2014-05-26,129.6496610590322,130.59601788170497,128.5554010147089,129.89976225663082,129.7363649773466,2019326
2014-05-27,129.41833279097676,130.8312486106397,126.1117562883905,128.4871086343105,128.64211156603503,4117312
2014-05-28,129.27907914273396,131.75665598081474,128.68019745737055,130.10901095780943,130.45058051978668,3273098
2014-05-29,129.4038337882203,131.1539420351721,127.78193585039116,129.28944686976507,129.59399876136206,9921992
2014-05-30,129.48179338117458,128.985435613233,127.2946054041268,128.32545178058274,128.72893724354168,4347891
2014-06-02,126.51596118808635,128.01518684709734,123.80399227924174,126.199458927253,125.60907817533355,2010405
2014-06-03,126.38404244581741,125.65852885507589,123.63579160074086,125.58789443983747,125.01990282903218,8627794
2014-06-04,124.673929920792,125.22519223647826,123.5827288673527,124.29220190670395,124.65188236048667,3631308
2014-06-05,126.81656836365069,127.54055159846062,123.83485428201831,125.96161432711429,126.0032809457148,5478330
2014-06-06,128.1278174787579,127.36991053067972,125.90055205137914,126.9988286767309,127.0980664171289,6656735
2014-06-09,125.76430295278253,128.41760934784355,124.24423134742291,126.33807559182713,125.77282244107701,3789475
2014-06-10,127.76815863990696,129.22249333989004,126.5011458093839,128.6179086574454,128.3031983857385,6611784
2014-06-11,129.5855667617154,131.3181372124562,129.13741762099642,129.627071404711,129.80641603829636,8180013
2014-06-12,129.85177317031506,130.3777172710115,127.51607071737712,129.32963728147635,129.79416591713724,8727853
2014-06-13,126.16547141198603,128.36988237087155,126.12022326844816,126.85762882687675,127.38660407714282,7451998
2014-06-16,127.89480514978858,129.45356924411874,128.40739058343198,129.17596865974147,129.17651054754992,3430506
2014-06-17,127.41229227998771,127.85702723556977,127.05624601547817,127.81379345325183,127.87191579515829,8859553
2014-06-18,127.37915346977445,128.49145603172644,124.36451877403645,126.19579196656892,126.61608658613817,5871936
2014-06-19,127.74193531152349,127.93194516470061,126.66087187330697,127.24575965885253,127.29363536789214,4036372
2014-06-20,129.45692205061013,131.8393631002224,129.71055935496298,129.71290932546577,129.7347770094096,2399996
2014-06-23,130.3183628055661,133.74536716078882,129.24887677250368,131.12457940425026,131.65574414499807,3972290
2014-06-24,131.33678026267776,132.27286289317405,131.2649307812356,131.71588578457659,132.09777323629467,7236971
2014-06-25,131.4641813581292,133.0398808957265,132.0614974837862,132.33803738651585,132.8793959393898,2646470
2014-06-26,132.16990048922383,134.9849585806941,132.58601771575357,133.21885020557013,132.84350217152925,6665568
2014-06-27,135.09528772054827,136.59267834067737,132.98700332808127,134.00517605563087,134.03784046943778,4335304
2014-06-30,135.65059054929986,136.77389419804007,133.03534932974515,134.31376473987422,134.77375194897272,7935581
2014-07-01,133.54219798150072,135.79754874192767,134.32551839795659,134.44536310410007,133.92256938880004,4332241
2014-07-02,133.21263328924957,136.54758535739165,131.80106875740037,134.4101672364745,134.80622313084362,8710519
2014-07-03,133.2283567369013,134.046539794181,131.76908217303867,133.68359990788178,133.25978731416464,3158553
2014-07-04,133.328005534084,136.0387199261423,132.56784432660461,133.43032209128899,133.84144593848958,6563859
2014-07-07,130.98687937166505,134.30611803506545,130.92490116881714,131.76476253736757,131.91234030677902,7610536
2014-07-08,131.17079793172658,132.1250620095608,130.51241453413675,131.6938201708468,131.289830929124,3052598
2014-07-09,129.95050723730213,131.51551375372267,129.09521371593786,130.73262632396987,130.69779154280604,7454046
2014-07-10,130.36762721428806,129.91614906404305,129.27687006929494,129.65643426702806,129.8922860196086,5379838
2014-07-11,130.41584895259857,130.56945087296197,129.37302308831045,129.86372567845552,130.0375520424716,4828401
2014-07-14,131.63746235993335,133.4255497466725,129.02654006585615,131.2831252250741,131.18761307059822,6042285
2014-07-15,131.93057805477736,133.2293237622624,131.5511532694045,132.22883909135038,132.75691681626193,7248273
2014-07-16,131.75485207533526,130.91678020179046,129.69201448723925,130.68573574800115,130.71091028295476,1917266
2014-07-17,130.94169301048967,130.61139876232238,127.46301610767868,129.72350487170482,129.7311161369975,8206633
2014-07-18,129.83862083319022,133.25684592237343,128.95831533031168,130.691673319967,130.11957129101322,5842559
2014-07-21,129.01787531692,131.3704431494556,128.8499325535007,129.73658318670266,130.2842277573605,6007621
2014-07-22,129.60575182973398,130.61753164433853,127.76802743897143,129.5393472969796,129.12108620751548,8384592
2014-07-23,129.05309332507673,130.55018581420143,130.06557431761163,130.11679665627815,130.15367786339985,2062189
2014-07-24,129.01166282035499,131.72365397185905,127.27530415154399,129.17584946168847,129.5679854894878,2185735
2014-07-25,129.52014854328243,131.43147931701088,128.04911476406554,129.30862222810842,128.94067878094452,6261545
2014-07-28,128.0585032158669,128.72258711301654,125.9202152668182,128.00199399346417,128.03703235044847,5486070
2014-07-29,126.99708390843203,127.6065979180403,124.99507182461352,127.42802360978695,127.09758351468832,6284869
2014-07-30,127.88367323379751,127.9199096457598,125.40934641089389,127.77520280420345,128.10702861431466,2546376
2014-07-31,127.36770808737121,126.51346390814459,123.914446667246,126.20960633094577,126.29081106562721,7062858
2014-08-01,125.93265885123942,128.14888432248182,125.37987035930668,126.67747832918013,127.12841957258931,5788851
2014-08-04,127.07753473963892,129.03845008785865,125.77274400316593,126.68523779052742,127.18508453469418,8617066
2014-08-05,126.10293146929803,128.5294872944326,126.08146943054471,127.26512500521855,127.4544108575773,1327461
2014-08-06,126.4106556999205,129.66622447959557,125.75697480298085,127.5164363995572,127.80384728461563,6963357
2014-08-07,129.0415955175117,130.05754090660258,126.62888683947789,128.907974089805,128.97142272341415,6626085
2014-08-08,128.04086015702805,130.88960014529155,128.52632034075592,129.0605958527269,128.91143888698912,1253154
2014-08-11,127.4295038208722,130.54182182510849,126.29591887415877,128.65858757187561,128.849153999575,6111478
2014-08-12,127.96204540433402,129.25644165810326,126.70824302570912,128.80828233518184,129.33419189806582,6436546
2014-08-13,129.54678001336663,130.313652912729,126.84610981478532,129.37897762449222,129.2711795525338,5141503
2014-08-14,129.98170597595671,131.10527696333222,127.17617095249555,129.4552349550919,129.214979018681,6203572
2014-08-15,128.75250519549533,129.7063609587957,128.7980561978999,129.52322390656974,129.37872383269416,1210582
2014-08-18,129.2822294366607,129.78030863293395,128.5755839997993,128.84862947903696,128.76539021095363,1993663
2014-08-19,127.39891177951675,129.58449204695438,127.92531024804744,128.21312582175997,127.66637508729016,4554339
2014-08-20,127.12573188531458,129.36509861762102,126.09915462330916,126.83791781023426,126.83594147308584,5303313
2014-08-21,128.3884258887863,129.8355334700682,127.0350283494151,128.61489181369518,128.60757908997599,6835870
2014-08-22,127.79030214625482,129.47771276360385,125.34904297028282,127.39842583857785,127.51110188274326,4167365
2014-08-25,127.9877074977888,127.8280608563775,124.45362559451203,126.73291790105591,126.55906572289645,3248474
2014-08-26,127.14557360790157,128.04948001795012,124.46952656331398,126.04190789576069,126.18447086767814,8569971
2014-08-27,125.70545983934348,128.47615716378368,126.94993002729278,126.9642295329791,127.44442895728679,7869784
2014-08-28,127.67335332848104,128.94325104263356,126.22456278544766,126.69667711496105,127.27374372514102,2473097
2014-08-29,126.86227724014128,129.02359774550843,127.71657357881735,127.97181644790875,128.07881651967682,6850278
2014-09-01,128.4794127674091,128.86459302827066,126.40051205262051,127.32572308393885,126.7433237086302,3979979
2014-09-02,127.07519350828638,129.24032683415535,126.35234475788907,127.63211450643664,128.23101033177403,9791920
2014-09-03,126.52494803148342,127.8828495726406,126.71408849496791,126.82416471345084,127.08524755264442,1252138
2014-09-04,127.94316453206147,129.3690266816586,128.09766084611925,128.9967111014982,128.7851096031215,1215555
2014-09-05,126.84519599504347,128.07571610378238,127.3783958576071,127.83650994274265,127.38544866205295,7242573
2014-09-08,128.75497158353565,128.21646500905265,126.51498000462684,128.17372791324368,127.71668425550214,2087963
2014-09-09,129.97981205589505,131.0857360819545,127.63861234987996,128.83490205444974,128.40684088552928,2123231
2014-09-10,129.56244107882947,129.8875094927068,127.9954437547689,129.2760984121752,128.68863229800473,2630271
2014-09-11,129.67561135766192,129.6643954625722,128.01375206851145,129.11820801357146,129.6374622954116,3555630
2014-09-12,129.69174921678965,130.9149882673178,126.54895191377722,129.01578457411202,129.0683820295512,6551119
2014-09-15,128.4746414633021,129.91319166332596,128.53260307318095,129.08699330636512,129.34511490007048,9492356
2014-09-16,127.79437762707127,130.27265381456135,127.63473175787182,128.9673885650106,129.3905415410735,7542219
2014-09-17,128.66394587864892,130.3810593637669,128.0456282507406,129.95866494207945,130.33754774166877,7218537
2014-09-18,131.80171210812,134.73408734477215,130.7243266058191,132.19658520394478,132.70237677331258,1665593
2014-09-19,130.98568072344992,133.90898536857014,129.22007228341047,131.66649067921094,132.28170844322594,3935817
2014-09-22,129.18327412018314,132.57553680412136,129.33891735805082,130.32408495990583,130.24467929609656,4072748
2014-09-23,129.42828676814244,131.32295317652617,129.05520228578322,130.26320017182854,130.84982156221955,9846824
2014-09-24,131.87244783816647,134.89621013644955,132.63506702618582,132.87030676975684,133.16699280910598,9601494
2014-09-25,133.19008860270995,132.47413308423998,130.48512653170783,132.0940294620611,131.52690777487663,5451797
2014-09-26,132.79818246672986,133.783601177206,132.98951573676254,133.76054352777913,134.00369761875453,3183544
2014-09-29,135.56764306871807,135.51975452465672,135.0313142642776,135.46564160212955,135.71857852304134,4878555
2014-09-30,135.19072394934253,136.52256494426587,133.46987555048932,134.93945062069554,135.48711663576324,6767619
2014-10-01,135.6537185559257,136.7702774981108,134.0928886826385,135.53583096015478,135.36360847001478,1921573
2014-10-02,136.09150285834772,138.61297219177052,136.9834457687758,137.1916248435573,137.30811631045924,7093586
2014-10-03,136.3439821021152,136.86031946976993,134.92901978487,136.83989436284378,136.17237232295946,6387338
2014-10-06,135.4372100286273,137.81902970588746,134.95877081187527,136.6637112630154,136.43421905685096,5165933
2014-10-07,135.82542144384502,138.06414453745148,135.59488692608272,136.10942760934068,135.51360005069142,3053622
2014-10-08,134.28052501037675,136.3184219101601,133.85344795030653,135.1220681389218,135.1516233520852,9463334
2014-10-09,134.66597960022327,136.4698602701177,132.56251650248973,134.50018785412976,134.92715554040015,5824308
2014-10-10,133.81768608078758,133.92489039309592,131.89213056910623,133.3036448476415,132.91232225653295,3243153
2014-10-13,133.45079895996847,135.53402128695404,132.31023656999014,133.36512557617468,133.40172236104223,6871804
2014-10-14,132.44811566607262,134.18333463291802,131.76756264245873,132.62254960539002,132.22999831251883,8519851
2014-10-15,132.58430166553813,133.44387252513457,131.2615044681722,132.88373277745472,132.37968945467347,5464361
2014-10-16,132.25289443728582,131.97712386334615,128.88809752781182,131.35523439152507,131.369679253346,4696743
2014-10-17,130.9742515300723,133.36791384518554,129.94395444342837,131.71351188401349,131.15919375285407,5327322
2014-10-20,133.19546540103912,134.77501361053592,132.37625018239038,132.5744381058964,132.69024801728708,4731077
2014-10-21,131.28068526653334,131.69378681966217,129.40471594444455,130.6080997235989,129.99598848687242,4076128
2014-10-22,130.79784213422835,131.68635003177525,128.67542411843868,131.00955355372045,130.4943125941716,9456565
2014-10-23,131.72842062289934,134.55811901758423,132.01473906977617,132.26461980646772,132.33074879056036,8707825
2014-10-24,131.00514620797173,132.83696160597688,128.48989248878655,131.0823760480505,131.20219505676243,7528862
2014-10-27,131.70206551284028,133.97230253663028,130.26195248884767,132.78234569516215,132.15692349240985,1207588
2014-10-28,132.01885837177187,134.5288087443911,133.0201937215806,133.22876196480217,133.3265209510262,4180300
2014-10-29,131.5214985383733,133.09263595296923,130.0766472374099,132.55114736931776,132.99983635050836,5934087
2014-10-30,131.69356737641723,134.18408803712293,131.56030877684307,132.52277555193402,132.81739512058493,8030629
2014-10-31,133.11961913050604,134.06353327204664,130.85974032606583,133.1084997247297,132.61757574979737,4037631
2014-11-03,134.1420854862626,135.86453813794998,132.0972295696285,133.2119023764161,133.3350896136515,1543737
2014-11-04,133.07075053282173,135.0628159694744,132.59852083330628,133.77805562913642,134.0084916745083,9062187
2014-11-05,134.0413074514557,134.17611532716646,131.19915423303556,132.88477929633103,132.26983000012729,8591233
2014-11-06,134.29233425839473,134.58762589660503,131.02016446816432,133.0815373806411,133.5544395211715,5843890
2014-11-07,132.90393100321384,134.1098678169914,131.6062227505579,131.69522014401008,132.23025488724429,8187222
2014-11-10,132.49993336646088,133.7193270296383,130.05006962584076,131.61139134293535,132.07262645590035,1846572
2014-11-11,130.37882462011893,131.91444968121024,130.24663064664554,130.73488096174455,131.15928752498448,8885639
2014-11-12,128.9154978486325,131.89575085033385,129.12709446189697,130.02674827942874,130.34526856140369,5557199
2014-11-13,131.47094326934678,132.8295786864748,130.37654093001657,131.29023871491316,131.4654219473054,5426809
2014-11-14,132.56434505872357,133.71282213599784,131.16679038970116,132.4089460957814,132.6454642305288,4766912
2014-11-17,133.97673536576988,133.5572163686767,132.15637468102156,133.04548147696255,133.45312657020284,6533759
2014-11-18,133.2897895649878,133.2051773850834,131.69717434903262,131.98056597256394,132.1950323576059,4701309
2014-11-19,131.7130397508181,132.33899942153508,131.30799328319264,131.69155478314312,131.4646857339255,8547299
2014-11-20,132.52050283447832,135.36428658682496,132.84315014419772,132.93204974339625,132.76716229402024,5333386
2014-11-21,132.26502696178423,133.99402466255333,131.849349905544,133.10116391731015,133.62965202913426,3975889
2014-11-24,134.10641433333666,138.02753376106153,132.8623321762042,135.4478907175658,134.79384276803708,1089359
2014-11-25,135.89337111108037,137.31711539900752,135.55427318994083,135.86860581723414,136.13874056904845,2523728
2014-11-26,136.23916073823742,137.80696508136032,133.51254635973555,136.08805219399815,136.70695010690918,1827159
2014-11-27,136.68890705789698,137.2810280060315,133.81443022863346,135.80633299006962,136.08640390528205,3725985
2014-11-28,135.97971751181683,136.31910174371245,134.23369170313353,135.96727115512587,136.63882980743267,1014787
2014-12-01,136.9736781014467,136.863246192273,134.08907959947354,135.84219857901928,136.0969637020119,8282402
2014-12-02,136.92757146031292,136.84852748451308,134.31945322642466,136.57770451598185,135.94174822990848,9768462
2014-12-03,138.49814943160908,139.27569773674895,137.26764230430095,137.5618040930504,138.01164478580648,1144375
2014-12-04,135.84094284690778,138.0258883971252,135.42217163920537,136.80321189281642,136.508578694893,5392178
2014-12-05,136.46233267947503,137.6077057663421,133.61026791176153,135.49937619953263,135.42628407680323,1098782
2014-12-08,134.15886971465318,134.2800645637264,132.12152091336776,133.6905680867033,133.43935270159866,5509896
2014-12-09,133.34069093988157,134.6677374064644,131.9903453237679,134.2259566738898,133.91529620876733,8409545
2014-12-10,132.32382776195914,134.2320499560655,132.95752778520924,133.14998732798992,133.05865403111852,1792500
2014-12-11,132.14213455129055,133.4526016149042,129.21451891126316,131.02449399531142,130.86562869415417,3216114
2014-12-12,130.21075320380137,133.3080334033985,130.03661274411436,131.44046986011634,131.61573071859505,4308027
2014-12-15,133.86048960852824,135.08325407446947,132.94501227914512,133.9608666378231,134.38036670055274,5731332
2014-12-16,133.48237319254096,135.36829818004912,133.07037721979364,133.98219298655718,133.71032791427888,5857455
2014-12-17,135.2932885413567,135.07520028036794,133.173719237983,134.8480810212828,134.46203948949346,4539429
2014-12-18,135.87401699493972,137.6148218829496,132.55238090246883,134.95730764010435,135.18254500424962,1700408
2014-12-19,134.50915502918346,136.68359309879625,133.54727336122363,134.88581524718717,135.11555285651255,1484188
2014-12-22,135.63370785446165,136.6076307485804,133.59180828724865,135.83228899044892,136.37715473462708,5078324
2014-12-23,136.87607791724972,137.15776569406447,134.47900962452195,135.56941170653425,134.9131821213189,5774644
2014-12-24,136.63568307724054,136.1616959652862,135.58596644282053,135.86420128088014,136.34385715666144,6757511
2014-12-25,137.2953860272902,138.8444922751786,136.04573836520404,136.2132963473501,136.24190409942764,9964090
2014-12-26,135.4065598508285,136.04652426997276,135.43341246694857,135.57260315398105,135.73705555395182,4059044
2014-12-29,135.86558127344531,138.36235846211216,135.55353307485268,136.59204276379154,136.03388866713811,2010736
2014-12-30,136.20396539421185,137.11429839877871,135.52419567458344,136.4444802673701,136.35253706274955,3868719
2014-12-31,136.30267555463345,137.6638254799473,133.7674196455521,135.71613236815125,135.34603774219434,7410532
2015-01-01,135.21550267508533,138.3973444037995,134.25540460086296,136.28003947199562,135.94509724597978,4633091
2015-01-02,134.7873579163817,137.23271017104102,135.27124708094564,135.40896875047855,135.4145139030305,7090400
2015-01-05,134.23625191919655,137.12940499049213,134.8654599146097,135.46454716812164,135.88781420643508,1468117
2015-01-06,135.29951104061547,137.90111012093408,134.73967002439807,135.48282543175142,135.81310672377546,5283163
2015-01-07,137.49067458735502,136.81092032810864,135.10008483094916,136.59611825785697,136.72042066958463,6362685
2015-01-08,135.79485856570415,138.00557021685688,136.70195816986148,137.0982137510109,137.1522553891688,9787203
2015-01-09,137.581323211008,137.78139122194617,136.73331566437074,137.10058405253972,137.0009202132433,4124545
2015-01-12,139.13896694699216,140.67159410497842,135.3419143338199,137.94574761201397,138.5978309190798,7228044
2015-01-13,138.63010011833637,140.44868572316463,137.1218241575457,139.36335242130525,139.4472387827941,9369261
2015-01-14,140.49053833039764,141.9991218336824,139.4429121198827,139.9485599879311,139.6042395052826,1136063
2015-01-15,141.31646510697468,141.90335284735838,138.8480313252518,139.98630986804844,139.6084739278312,4764770
2015-01-16,139.98424753231842,139.29019218437318,137.71536216339646,138.70187089597226,138.85631963295674,2951142
2015-01-19,136.93433952272153,138.3221827646139,135.48629635203352,137.66415449317086,137.69557981563514,6863817
2015-01-20,136.28814607639472,138.1592201099333,135.9844014769315,137.38632704909017,136.70997114258768,8703786
2015-01-21,135.84188350145496,137.92909097476593,136.45440445645474,136.80421210720485,137.25575543907598,1617801
2015-01-22,137.1967798804106,137.2850233401985,134.62505200444303,136.6446380644934,136.92356031664303,9679111
2015-01-23,137.34603953414785,136.78242367764813,135.64336582058266,136.72868524966447,136.9499523097902,7408516
2015-01-26,137.7641792931454,139.70033841561144,136.56386008085593,137.28577526429515,136.6937724471258,9240673
2015-01-27,136.79273293948816,139.89313124760264,136.21198504902495,137.24267374651004,137.05335550700988,8882363
2015-01-28,136.84676471082787,138.69764396733845,136.3851878862736,137.75657265061022,138.35634033092447,6196611
2015-01-29,138.07110014344755,138.78169726014124,136.90248552245248,137.84844432569432,138.34826795417572,7872699
2015-01-30,135.85601834878125,135.91965061992653,135.24287331532184,135.90037501961442,135.60892706792305,4917291
2015-02-02,135.60623616259355,136.8249564282374,133.91257356678608,134.98843688606962,134.5255060342754,7892859
2015-02-03,134.71356921846981,137.09831699952593,134.82002891142068,134.87174659062197,134.80308062923027,6789039
2015-02-04,133.2580057015494,134.0814487662508,131.62395287841935,133.68944910805484,133.49670953551447,1923727
2015-02-05,133.7619892687679,134.74569248109938,133.85755976185453,134.31677509832502,134.56153569089506,8534300
2015-02-06,135.09084422891172,138.02197320902908,135.75561247084687,135.8749231909427,136.5086911308806,5557357
2015-02-09,136.4786600943007,138.81121139146586,135.3283648574911,137.121082302914,136.9332284083908,1362986
2015-02-10,135.8253985177884,137.0578963343535,134.8154572482991,136.93503669225777,136.33556820244928,9730184
2015-02-11,138.02909747373312,140.17703205205444,136.19961578854517,138.4531600893817,139.0036692488898,8958507
2015-02-12,137.34432545357336,139.48572529579639,137.26092889831168,138.62922480685776,137.9886880996713,8962492
2015-02-13,137.45203427229197,139.33957394504688,137.75140745530973,138.3195360960137,138.94579978455715,6728776
2015-02-16,138.4133019849078,139.85388721129004,135.70271127450613,137.73353069274674,137.96021174973754,7768965
2015-02-17,136.97864299180839,139.68785629330958,135.53482865024125,137.45845826653257,138.06559744278653,3720939
2015-02-18,137.55897679827328,138.19543799216956,136.42241578867882,137.09767870826533,136.68591911043595,1411731
2015-02-19,137.89103658365576,139.89628876149604,134.81481594110934,137.29549219091479,136.6648937141746,8596872
2015-02-20,137.70669627421353,138.60110147664128,137.19647644142464,137.48346343223864,137.46725410203373,1808459
2015-02-23,138.77545308097467,139.63667048358818,134.81124073453012,137.51390671266603,137.4460070410401,9644127
2015-02-24,136.65762442342808,139.3135328302341,135.60433252737104,137.97824214268633,137.74573814344882,7634913
2015-02-25,139.860676928327,141.69494900029827,137.28122695027784,139.19628567774663,139.8333264912594,7901074
2015-02-26,141.4594292536059,142.71811371370745,137.54148486061123,140.17323707346193,140.62541313310498,4964704
2015-02-27,139.72079215931637,138.95825810277682,136.71181785330813,138.715736365286,138.93987605607109,3312511
2015-03-02,135.28462383534867,138.74001827653586,135.67044872188086,136.189212490658,135.730061853062,9878383
2015-03-03,136.6758945422476,139.41538708183205,135.93808715421113,137.15092966217128,137.47230639495905,7901007
2015-03-04,134.92175242423994,137.96082930614972,135.61722963829226,135.81144822402982,136.11975712640643,5873329
2015-03-05,135.8888568936788,136.15900821260266,134.55721942499338,135.6140800824111,135.5124619753715,7584726
2015-03-06,135.0420284651932,136.63667388540097,132.47687691971788,134.4713643166257,135.04257972484294,7966297
2015-03-09,132.21130669949025,134.95297868799713,131.67118536409544,132.69678113931968,132.2548715085556,5941036
2015-03-10,133.37093850601403,134.0363172218654,132.38530382670766,133.26564112779843,132.95558203868276,3882219
2015-03-11,134.56405997260603,136.60524459503537,132.45601873749334,134.05219354837504,133.46668619425512,5321512
2015-03-12,133.29305287216476,133.63621007059987,131.17424058058046,133.5030804079223,133.8975165381841,8363581
2015-03-13,131.8665272494952,131.33201603560786,130.8148250487438,130.93943537605136,131.09886642872203,8539976
2015-03-16,131.12890223372625,131.8228211525427,129.41512257161983,130.42058818807286,130.1792322462433,5136925
2015-03-17,129.7006080820583,132.3465207675633,130.42570574690708,130.83978945374938,130.3999239590239,6208911
2015-03-18,129.70171901576552,131.0577722750116,127.58886140290694,129.38827514524922,128.79328027667245,1344705
2015-03-19,128.91300127576537,129.64301598007611,129.3249963108045,129.59903232530235,129.16713780706036,8098334
2015-03-20,129.76021987017972,132.10060399673156,127.88779017642263,129.6111197364033,129.55057144343272,4940667
2015-03-23,131.40770873081723,130.33393177069578,129.4724915797012,130.2178084962784,129.88858788595013,5319487
2015-03-24,131.35311286799762,130.73779094235465,129.84615116737623,130.3647861249665,130.05058375605265,2081784
2015-03-25,129.17196639330288,129.45538937331068,126.9954760675305,129.4191144443589,129.90518205216256,3930986
2015-03-26,130.0983377592638,132.124205875638,130.5946810498737,130.64308320629738,130.66285952963267,5887675
2015-03-27,129.81868640467647,132.94539028902383,129.36924757732118,130.5119508935444,130.81115211613624,3538122
2015-03-30,130.59691525630396,132.25032612599477,130.45559195464003,130.51204361430842,129.9060904856076,5208344
2015-03-31,128.60625728211997,131.73860263771138,128.35264003124223,129.6061729155092,129.4314163011158,1924550
2015-04-01,129.31760497434317,129.22460397456766,127.89567882456923,129.19028792459167,129.1633767445153,4968349
2015-04-02,127.05297664213096,129.72405018278263,127.50728502810311,128.33288247083874,127.93045218218727,9734750
2015-04-03,127.73572874799157,129.3655367259978,127.84850435370574,128.1873336711893,127.70046733511069,2284055
2015-04-06,129.19868066349838,131.22302197906833,128.94838555927078,129.9264394116056,130.40756192601708,5884632
2015-04-07,129.79374001036356,128.7676417517704,126.85311812893002,128.58193552894824,129.14696522039952,4297735
2015-04-08,127.57294766467639,128.73417932427566,125.00855220630227,126.99577139134544,126.46087370847953,9439985
2015-04-09,128.10796518920804,129.78755847047412,127.13037002278043,128.49433897911302,128.3003365718123,8736993
2015-04-10,127.26755197755864,130.27597446013348,126.79875107898013,128.31241256223512,128.90044990813328,3732052
2015-04-13,127.71363597000116,128.90988534286015,127.15848028439777,127.67073708384919,127.13855659609186,1948298
2015-04-14,128.000235874751,129.12266100982148,127.99823215843925,128.73803903151926,128.92296011820127,3580448
2015-04-15,128.2531968335046,129.8214306527741,127.74485050475926,128.15982075205636,128.76501881464057,7968014
2015-04-16,130.88525856836822,130.46147787294157,129.36499386365423,130.01322772587727,130.63498175314902,6956043
2015-04-17,131.02127554970622,132.99931391944443,130.13061337712875,130.71855085749053,130.68093441266285,3147709
2015-04-20,130.60657704690706,131.85530306113768,128.90478912788845,130.25803670961878,129.81874031863043,1284618
2015-04-21,132.5514254630792,132.85915245156076,130.9522613469072,132.44274218315826,132.04817448052063,1739316
2015-04-22,132.99124725571485,134.4023876033062,129.37232556345506,131.86442452042888,132.3781701580332,6429138
2015-04-23,133.7796160499817,134.00897399108908,132.11513113260887,132.63391715271217,133.17994844760668,7106023
2015-04-24,132.9944406841454,133.15445944158728,131.25425515507285,132.96060699339262,133.1040444227092,1502070
2015-04-27,133.76805536215232,135.9732901677038,132.0947547575645,134.2897455430654,134.64719315260925,6612751
2015-04-28,135.76882873516197,136.56674053365,134.35615687978887,135.87865400006623,136.20466935508975,6511482
2015-04-29,135.08588125141412,138.12310590927544,135.24476139654013,135.93805540940596,136.15803254294477,1709226
2015-04-30,135.58074264548338,137.42362253274766,134.50203578257302,135.21203479933376,135.65455262944542,6394062
2015-05-01,135.69965480075956,138.35625566124958,135.59287188424955,135.69940420254684,135.9509998853646,3074119
2015-05-04,133.9776079345712,136.40462652312502,134.22408682011317,135.0490860930687,135.09500589623127,2142365
2015-05-05,136.26088206962532,138.3372701962863,135.0483181607992,137.0898706008693,136.72926441871758,7933993
2015-05-06,137.197891362722,139.32215104142793,137.1233633343092,137.25380319222603,137.5885489455638,7221830
2015-05-07,137.97722064752182,137.27862562802133,136.3153787743272,136.91587890118788,136.87951112448377,9154897
2015-05-08,137.31003694429745,138.62790460266135,135.1910720810372,137.12795646732675,136.84655849710524,2121291
2015-05-11,136.30130636999667,137.2919258043925,133.68241700909883,135.80822743807104,136.21829532297122,8598001
2015-05-12,134.429825552169,135.10534474360372,133.63588932167013,134.86401065983435,135.1293065107838,7613466
2015-05-13,136.28619195962614,137.22950614188812,134.1917776581533,136.09182182805276,136.687005207084,6714443
2015-05-14,135.31976377820877,137.77408366012324,134.41126675573886,135.46232480935532,135.00912427708084,7986808
2015-05-15,134.8706885425689,136.74488508021204,134.01282736312575,134.44281108694736,134.64338535505317,2769033
2015-05-18,133.79335345724454,135.27481641262213,133.93180283236896,135.00686109974862,134.66156683368246,1600296
2015-05-19,136.2017096288299,136.46712241962976,134.63989862012969,136.2199625146856,136.76972310597912,1813422
2015-05-20,136.40747032609846,137.68592170460911,134.36928583314227,136.96631308562462,136.41776219944558,4214942
2015-05-21,137.51006440497332,140.40393317782787,137.80001948684114,137.98975803170444,138.20524533055567,5290569
2015-05-22,138.52567405700273,137.61422450857572,135.8674582816841,137.26036020340894,137.659905513279,9308626
2015-05-25,135.0037274030501,137.82240774253603,134.97216685520428,135.86594679694107,135.66882954711915,5450450
2015-05-26,136.87599975540974,137.67267006321038,135.99789128095156,137.39467770917054,138.01863925969454,4161686
2015-05-27,137.12652045358212,138.80803158723853,137.0336547439362,137.09939513060237,137.58024477770726,5021946
2015-05-28,137.86975261055625,137.85070043779712,136.01904645975534,136.87595937442129,136.5948412017355,2098463
2015-05-29,138.00117430405507,140.41260678714517,135.96491786724533,138.23155077654434,137.55081719206845,8602515
2015-06-01,139.4922220939346,139.46397367144684,137.27726763797372,138.81517804621896,138.53290734320305,6031264
2015-06-02,140.29131036182125,141.07925972719522,138.04315410378658,139.29846307857454,138.9938319250265,7115951
2015-06-03,140.95324368953823,142.15780118648232,140.68287890945274,141.4908626837496,142.04262697106395,7374080
2015-06-04,140.57256590978702,142.88547587473764,140.03500844528511,140.87474171364343,141.5327974669995,7098572
2015-06-05,141.4230865460668,144.3082538496712,140.7432737355967,141.82997910199865,141.22073422386973,6611517
2015-06-08,142.85913006451509,142.27428948534867,139.54279934361006,141.9143894871697,141.87365271833153,6303132
2015-06-09,140.91440691698483,144.67515705306153,139.45942389151784,142.21037902630692,142.27911214460715,5188086
2015-06-10,143.21539310048732,145.4729664186275,142.50496797499565,143.76624471299343,143.18098909582264,3450876
2015-06-11,144.81925612912312,144.6683223628978,143.16624981154865,144.301477729557,144.1247051135899,1141406
2015-06-12,145.0567833618182,146.10590665087068,142.41442274769682,144.86717106888062,144.6021835415702,7390312
2015-06-15,145.78108254820967,146.43668179908175,144.72079324166967,145.96707566646438,146.01970607246756,8179683
2015-06-16,145.74587302045506,147.66934673773065,144.02171736576452,145.6295201971955,145.86426173107665,4932949
2015-06-17,143.94180564851553,147.01565866495804,144.14881894012188,144.81770779013044,145.1123902628458,6767720
2015-06-18,143.60103645016946,144.10456727469946,141.66197816408337,143.8002958563834,143.277948505656,9913756
2015-06-19,141.86616827950817,143.29737004674104,140.35196505034548,141.86133652728137,142.30528831989145,1828849
2015-06-22,145.09992380662558,146.2901640286869,141.6158123068045,143.94494091749564,144.20194313679085,5593390
2015-06-23,142.1857443686112,145.54410579421975,140.6382776969483,142.86912981204793,143.4249977599209,1033397
2015-06-24,143.72487409130855,144.1405994899,142.06175616662196,142.67527344873614,142.60298853299574,3899770
2015-06-25,142.83673151285186,145.13274407313975,140.38735727150842,142.4258574091212,142.98685828092502,5833754
2015-06-26,141.3911321634516,144.29016760139262,140.47633543902654,142.76066136720425,143.28284292338986,7258185
2015-06-29,144.24895409288493,144.73594086618954,142.60974956913617,143.6037958400175,143.51534930340222,9016408
2015-06-30,143.1494889235131,146.94283226165754,143.9928550208185,144.49166658865124,144.31992858406605,1078508
2015-07-01,145.36780727255308,145.35514546461698,143.9284091721616,143.93598641035626,144.55895865340622,5261600
2015-07-02,144.8679372120033,145.1534182973884,142.49949676049422,143.79626195684384,144.1056608021595,2257350
2015-07-03,143.52215855989002,145.51938094492124,143.09048405757352,144.1062391676061,144.72336743076832,5918598
2015-07-06,143.18684786421747,146.321737575223,142.2880818799497,143.88494530169652,144.3122472998706,7125473
2015-07-07,145.1746350028311,147.9409656119002,144.97241451497754,145.5196881379905,145.6787374307902,6945938
2015-07-08,145.6179584019083,147.21664589007023,143.52718256728573,146.0380603499027,145.47705919655098,9031721
2015-07-09,146.4255183746577,147.7789060205567,146.04356435413985,146.8003353962265,146.49422832420666,1797039
2015-07-10,146.9545638496191,148.94170925061843,146.8226890958637,147.4906139251679,148.18211246973885,5486454
2015-07-13,149.05171516597892,150.39481294421867,147.26192330413383,148.69148504292718,148.42298107984598,9729306
2015-07-14,147.90008169800595,149.60967161688933,147.41432647236618,148.89990386190487,148.29426075405232,4822325
2015-07-15,148.6520167848092,149.97470840741946,146.99540650946324,147.630469174223,147.93688116735353,9167427
2015-07-16,148.98262534164695,149.49810335715765,147.25253369959546,148.05755438624962,148.40401536268675,7272368
2015-07-17,147.36425144867275,148.4185854730258,146.93318968359117,147.43359475273175,147.11728735748665,6919705
2015-07-20,147.96892436423374,147.2462845758848,144.82107411961715,146.93237533125597,146.63508996454877,8906440
2015-07-21,146.79998124948713,148.25095022359736,145.27366338213508,147.54613661028503,147.50023941218845,2583054
2015-07-22,147.37597772014715,151.6371020611493,147.4358180673731,148.81181694199265,148.10018238931647,4855727
2015-07-23,149.21539277157558,149.7688315308222,146.7344989572952,148.86048577900266,149.2911734176967,7972594
2015-07-24,149.07112048672482,149.70058108084393,147.0007331778073,149.19671605187563,148.92381852919794,4357941
2015-07-27,151.12906622401422,152.31688131623065,150.50893990318121,150.92632825678484,151.4602499173637,7703231
2015-07-28,152.4020369719379,152.12307812197642,148.27286304068903,151.19447869654738,151.65203918486273,5477005
2015-07-29,155.26927155548964,153.9317254912214,151.2976779467344,153.82355907100174,154.071833422758,5033252
2015-07-30,154.83170155051846,155.4144448258998,153.78495370833556,154.41646597690726,154.14604393564463,4923236
2015-07-31,153.4894370011699,154.3446243120236,152.11461538085916,152.6831004780254,152.70801311026108,7728453
2015-08-03,152.18643224528262,155.15719733604928,153.07815052222506,153.46383935940392,153.37917221991066,3863185
2015-08-04,152.82826489375137,154.96968650779527,153.4465421878484,153.87239500456067,153.62447870414533,7545403
2015-08-05,155.91336397045495,156.57787924348835,152.86740723508143,155.18954501891739,155.7298161423327,4341708
2015-08-06,155.67613468068143,158.9004177832822,154.4258344268661,155.89012363046132,155.86441278863015,5883427
2015-08-07,155.61071531377368,156.95472476529,153.33976984049235,155.7790649067515,156.29737783722868,8635300
2015-08-10,153.99044715608582,155.38050912230943,152.27501000248495,154.5821639307361,153.97190210526574,7949406
2015-08-11,154.73205560091574,155.1523667851849,152.53348736958858,154.40053793372408,153.8462782762743,7825278
2015-08-12,152.61038397189478,154.98346085535798,151.46920655974722,153.57741473978874,154.31047092440932,6547066
2015-08-13,153.41271401720707,155.3487891581979,152.96811111697912,153.02428855025798,153.15859561573245,9629371
2015-08-14,152.63791161941333,154.2732257958301,152.68223221432376,153.64026421495257,153.65527436712944,7335833
2015-08-17,153.98248193734088,157.54117265855373,153.356011082499,155.33756597957796,155.37353604444272,8489868
2015-08-18,155.23116628068055,155.82552054488187,155.73052343883575,155.7596347696749,155.31613845203327,8806992
2015-08-19,153.75988249911734,155.88641557605544,154.48919009564682,154.59114896791368,154.929245916287,6520807
2015-08-20,156.2695142637862,157.46931049898905,152.42122023503052,155.06314889640782,154.41929665673516,2319235
2015-08-21,154.89607627103177,157.34596999598278,154.14909134189298,156.28717764332742,156.40177320507942,2917858
2015-08-24,154.69773604461878,157.46032336173866,154.87840521731383,155.704791999282,155.81498240680648,4814859
2015-08-25,155.74978572435927,156.23605997177734,153.4572568850771,155.5981720928831,156.24264170985518,8404238
2015-08-26,155.58132340203417,157.9499446233707,153.17349434627874,155.64025754788625,155.68100854096673,5304836
2015-08-27,153.47596267006193,155.0446991275051,153.93241361017752,154.88275649507798,154.32062919425385,4263818
2015-08-28,154.025413374226,158.21083816752278,155.44631582887465,155.55843418919582,155.67160802010386,7687770
2015-08-31,156.98243181365964,156.08113486257596,152.56459534556086,155.46488330086203,154.8295413000917,3547640
2015-09-01,156.4070971270642,158.63839265327678,154.83546071701386,155.91181300504303,155.44999260342644,5333659
2015-09-02,154.63433787455972,156.14492337830956,154.72151448066927,155.0517180875149,154.3246938913326,3750540
2015-09-03,154.55020892313496,156.87679675701986,153.1204258150171,154.64165704746546,154.6622144636618,5313939
2015-09-04,154.66591342679595,156.38353321204247,153.0031693849471,155.3914356655672,154.7458349317497,1209884
2015-09-07,154.5649657877813,157.8551593892151,154.3586891839085,155.0459997737494,154.99854698195634,4527452
2015-09-08,157.26776541036892,157.19749582491184,155.95523814293884,156.8003608852568,157.47922026307984,6838485
2015-09-09,157.62577257513453,156.98663226728803,155.6687729687876,156.42812195991615,156.77189061109488,9189768
2015-09-10,155.69039249786124,158.2251651571695,153.5726932226348,156.68020394594203,156.01809169526646,6521495
2015-09-11,158.7132850995154,157.89852786339458,157.0178167882027,157.64019203808908,157.2054358564329,8554665
2015-09-14,155.06659390940496,156.86165859930725,154.45073182448675,156.24922356543004,156.52056974813846,9066341
2015-09-15,153.6350478536739,157.43234859169812,151.656451665059,154.51581201372323,155.12568879931806,4874044
2015-09-16,151.60114686199123,156.00595412820772,152.56799788927086,153.01755295942712,152.30283641056502,6743142
2015-09-17,153.19902560475737,155.46872731062928,151.3113319739238,154.30753432312827,154.78966996045105,8842190
2015-09-18,155.06655664280183,156.62278867697802,150.86895421516115,153.78307343750978,153.878132722505,9035070
2015-09-21,156.24181979856908,158.07254018163638,153.60228308103362,156.368669983452,156.4407423757957,2353970
2015-09-22,154.51555769992237,156.67250883092174,155.1631249823572,155.8318196450686,156.54523825832817,2937069
2015-09-23,157.47851837162355,158.23586707298512,154.064961404707,156.0437682085396,156.43020219380102,3462396
2015-09-24,158.80795980108843,159.690308859688,155.21474347550904,157.61327542138145,158.16510923719295,5656888
2015-09-25,160.45995038388986,162.8049787285929,156.4984421798532,159.64676556981453,159.41367421900395,6311027
2015-09-28,163.13782662422133,162.5930183998936,161.1520470647253,161.7356664067249,161.82359245044435,4809441
2015-09-29,162.05921172813876,165.161959860093,160.47462317392706,162.97142989759203,163.15950818027906,7744008
2015-09-30,165.12633495248485,164.19355141631996,162.91146674528434,164.02288968367745,163.7302465070002,9086349
2015-10-01,165.26842759680662,165.01703396512937,164.0645011834481,164.6428138931526,164.7584723827732,2125180
2015-10-02,166.6720950277864,165.4615380204156,164.0542479637071,165.4485722295932,165.01287231489894,1593170
2015-10-05,165.90414528913797,168.22150050781704,162.30631945028304,164.92478377353865,164.3366218701641,8872847
2015-10-06,163.63007461917965,166.76758968413694,162.60802916271481,164.1339821503903,163.92712451824838,6762073
2015-10-07,165.0588992812302,166.74094256424266,162.39323055834095,164.15800495325334,164.55081803386355,9894373
2015-10-08,163.2360019679363,165.68727425400633,160.75079184696824,164.01521759100237,164.69782784750151,7039847
2015-10-09,163.02857674308328,164.57114260378808,162.28358589031797,163.58938680194905,163.52021147809162,6129752
2015-10-12,163.02464640700165,164.81026579600385,162.29080251456526,164.31317150967976,164.5478496415522,8773538
2015-10-13,166.73420136824643,166.23698517366896,164.08840678809221,165.29587397852424,164.6397107347993,5830069
2015-10-14,164.72026843744086,166.65547874001084,164.11225146703646,165.41167812509005,166.08070841551927,5395076
2015-10-15,166.98545010407466,169.44141974777787,164.5943256026351,166.9166054664193,167.03111729091717,5468886
2015-10-16,165.44196827000738,167.5918570759285,162.6922370016874,165.80231361255977,166.2671209130632,7361844
2015-10-19,167.15966497010416,165.89273305259107,163.83936751338706,165.63605141355401,166.12375219249486,8592387
2015-10-20,164.40246469786788,165.00610283731046,162.411726833822,164.94662635322518,164.54494919695625,1991072
2015-10-21,164.0161451753383,163.44130988927944,162.81648184378142,163.10748699642608,163.15507271385593,9538473
2015-10-22,164.21123131480329,164.3908579674846,162.36360790475794,163.0522035708574,163.8030259527752,8770314
2015-10-23,162.74798478397938,165.9992756127141,161.32132743695453,162.95785332274806,162.28913058620995,2264102
2015-10-26,164.09788876255217,166.59573792113724,164.4328622756997,164.49870032626416,164.79981502947132,6614368
2015-10-27,165.97524795249416,167.80545101903198,164.32169433536828,165.1569092710929,165.92037033504633,2359898
2015-10-28,165.5157407781102,165.69132189228142,162.46138655355284,164.16011970703767,163.8327468488959,3571846
2015-10-29,166.88819503925617,167.24264190499454,165.99192590486527,166.04160953364584,166.64176347997153,5184127
2015-10-30,166.3770596624724,167.65272654426187,166.40492131076343,167.29004048944518,168.0155063727442,7884227
2015-11-02,169.20346926134107,170.84091040345115,166.17342473721536,167.89953545318775,168.31439205093054,4125049
2015-11-03,167.3233965185449,170.32717437871216,165.77810089442025,167.7004486146119,167.2498849890502,7672778
2015-11-04,167.0226597889858,167.32914238343062,163.6806839422941,166.7684066381624,166.4915722819187,2717092
2015-11-05,167.52677128190874,168.12864203644972,164.2755823221945,166.42359712236532,165.65107425262764,1277818
2015-11-06,166.49561779058533,169.17283600364232,166.15004840694857,167.53974300234347,168.09505889917108,6120116
2015-11-09,170.41594124288832,171.57018342587503,166.29873430294637,169.45172656855203,170.04414876037188,9913472
2015-11-10,171.35128714410556,174.2587498085511,168.33771643875255,171.0223673570982,171.24933167092934,7437169
2015-11-11,171.9026894038789,172.53864214981135,169.87864110294043,170.5609151955859,170.3093853490429,2024199
2015-11-12,168.3568800640038,171.29969332716354,169.02522133794173,169.46869502257087,168.7515221936328,9701659
2015-11-13,169.36787401671373,169.8077111356319,167.34412565090307,169.63697852975605,170.06625781315535,1434355
2015-11-16,169.01359647965305,168.10717461635008,166.0158942570103,167.89593642446715,168.27626469847525,6851493
2015-11-17,166.6287497213875,168.87691024270686,165.58930494357236,168.24650139892591,168.94069070643533,9482043
2015-11-18,166.82231311634467,168.23547988440444,165.6420449411075,168.1262960729012,168.5138810210795,4554602
2015-11-19,169.3328914523095,170.180678936445,165.59085168857743,167.68765683130692,168.23883767807894,5757499
2015-11-20,165.39073110152304,168.52354870443415,162.84318797241178,166.12035102431412,166.52893169893676,9071421
2015-11-23,168.2464417888432,167.11485470090582,164.8827727130003,166.6613483911578,166.87915342137356,2493932
2015-11-24,165.10105877503133,168.93443607790417,165.78018070885446,166.15604481176985,166.0346950609742,9967832
2015-11-25,164.55509932364802,165.52436102167977,162.2799984205265,165.01352523633355,165.67707318290965,8366210
2015-11-26,162.98881026416055,163.14548511239403,161.3518058361368,162.1686602833259,162.4134839938371,5202304
2015-11-27,162.68027652578215,162.9760670563025,159.64746350746296,162.1685426385492,162.00370694551168,4022721
2015-11-30,164.23422135961576,165.18912192817206,160.8294891035203,163.96819149549293,163.28521363177936,1108407
2015-12-01,165.7559080347301,166.5005839053064,163.348268999851,165.65684797031477,165.31013623165103,5044028
2015-12-02,166.36206268098434,166.84290832527492,163.25754169007746,165.2271489740025,165.2993974113018,9326604
2015-12-03,163.779507417802,165.9939473464326,163.1362610049887,164.65233417391465,164.28291257358563,6698159
2015-12-04,164.95848888144835,168.4071152334999,163.94487079370506,165.14850569026368,164.68813003295742,5867286
2015-12-07,163.04617776458974,164.36115449789975,163.01840863766395,164.17751751134932,164.22249150273788,9924904
2015-12-08,164.822367390372,164.97450247103268,162.41295511080517,164.50670667144277,163.96353899637668,7107810
2015-12-09,164.47548315769768,165.47482680998453,162.8164725176633,165.30018421010143,165.79676259816353,4717245
2015-12-10,166.00102760754194,168.639248224379,164.29431306986473,166.5545146942597,166.52847914459073,7404348
2015-12-11,166.38603325336877,166.6632538845437,165.8211246295044,166.48175787805374,166.60472592256423,3760524
2015-12-14,164.73146847711726,169.08757165168106,164.662425872284,166.30548138815075,165.71906043387335,9701877
2015-12-15,164.1045787336896,167.14895112025678,162.83528154444215,165.45489606166817,165.16464902011617,3967748
2015-12-16,165.26769802027252,166.3909061291564,163.0888679390076,164.6554129679023,164.5073707645752,2189497
2015-12-17,164.22270460855586,166.3034867850137,162.69130941837597,164.45633133627473,164.96320685004986,7765319
2015-12-18,166.05381544766274,165.41427063081346,162.30864167849478,164.8510941033649,165.29645503299685,4578933
2015-12-21,166.4375775022977,166.44758570500045,163.59942503175674,165.7920759898721,165.33279459436304,6866595
2015-12-22,163.3928671038906,166.0684953630453,163.6653226607793,165.01629429946573,165.20800871468478,6427116
2015-12-23,166.92511711034606,168.51315502290578,163.55400429582903,166.53638012869922,166.10914163348238,9751299
2015-12-24,164.94144238411113,166.99147463931297,165.75197960259916,166.29265378793065,167.10457294017203,3598642
2015-12-25,167.23306011429506,166.6856000158776,162.98762225273848,166.29868375385615,167.05055981212467,9176745
2015-12-28,167.2065350808744,168.79148647850107,165.18527982374945,165.5788693349823,165.6836223439083,4072644
2015-12-29,163.28384798425412,163.25376707664643,163.13323500341454,163.18202633498333,163.50659958223258,6724315
2015-12-30,164.69332743656653,166.72781702746153,161.17254321246617,164.09346899161835,164.5880965623792,8541141
2015-12-31,163.99159443051568,167.45598355450178,164.05006065934134,164.85771014898478,165.22204308373625,7507233
2016-01-01,164.39834690715196,165.58223118342667,162.20155351545193,164.60377985214052,164.93270543089122,5021020
2016-01-04,165.87113280547976,165.14491693294613,162.0267129029798,164.69816782963937,165.4533978792416,2574570
2016-01-05,164.1423936593654,165.72278224065516,162.40270023893908,165.24150430761745,165.40088982867616,6032489
2016-01-06,162.9386894800257,165.9898354793155,160.45975013771243,163.70635571100485,163.92949184777655,2876342
2016-01-07,163.02659068051085,165.30288143483622,162.2449270389007,163.20470029393255,163.77472331130556,8931468
2016-01-08,164.72265050617503,166.59418074386272,161.69638960028584,164.02636223382834,164.30502804414397,4359174
2016-01-11,162.39534954320177,165.8518988322941,162.42372935544546,162.79947007093307,163.1786831451999,5821193
2016-01-12,164.51586269091516,165.37777497832187,161.79324717122924,163.12042526337365,162.6868000938144,3848475
2016-01-13,160.47897478222254,162.29554898835673,159.04735287191113,161.79124071902424,161.58296187833426,5531029
2016-01-14,161.86573697009564,163.07520999386284,161.09175974190413,162.28506796173173,161.71269071092016,7831692
2016-01-15,162.9549919688538,165.01019421209992,160.35840212209754,162.27682373970822,162.2861797164037,5035889
2016-01-18,159.80847044307194,161.3617532378065,159.07007126753194,160.6890891840767,160.61794794747166,2065597
2016-01-19,162.38763279681046,162.11602583013502,159.7898772855471,161.8812257988078,162.68603905677924,6212917
2016-01-20,160.0916413513661,163.4410411137051,158.03792526340155,161.17403148228374,161.3532709513837,9436823
2016-01-21,158.9668394172656,161.68240981856425,160.21238657239195,160.39117630554333,160.85060852693118,9651975
2016-01-22,159.40170014911826,163.5746636540001,158.77535862464643,160.61914276304825,160.35253855010677,8545496
2016-01-25,163.18656665784633,163.89934006405352,159.00249948441913,161.7951773727509,162.33160172966805,6281709
2016-01-26,160.97319064286188,161.09755245827535,159.2585609993048,160.8067528140465,160.99181721163248,5149513
2016-01-27,161.84944591397482,163.94595330491546,160.64313598909487,160.89582992416845,161.21278237098073,9802160
2016-01-28,160.8120129191646,162.1864185427309,159.54316028320926,161.35204368477298,161.02035354380752,1030796
2016-01-29,162.37289501276788,163.165604293298,160.9961453297231,162.07254655231011,162.15137603233322,4566111
2016-02-01,162.2600023779378,163.5819326860442,161.77351751051964,162.2763853678613,162.49389572337338,4081072
2016-02-02,163.38038196169,162.10265671557332,159.18695691335142,161.93675478905197,162.08103181575916,6783986
2016-02-03,161.93442834167215,162.7366975893403,159.45558678517918,161.13656182867723,161.80559070019567,2741888
2016-02-04,161.99360343336275,161.64780535968245,158.24028462004836,161.2501029719976,161.89231805360114,2918912
2016-02-05,158.75182845355226,161.49011314080042,157.622797914897,160.20536122028594,160.95990293149754,8303524
2016-02-08,157.4676801083797,158.41482100801306,155.13116062544955,157.31140799706532,157.57479135069633,9270759
2016-02-09,157.67120635328112,160.21406758743242,157.75950704893532,157.77536506149693,158.51992930307952,5648977
2016-02-10,160.06472582365188,161.25606794605378,157.34872820742004,158.7066971628571,159.23436201550086,9485539
2016-02-11,155.6122676821412,156.8509490012502,155.7535388008185,156.37116198758923,156.01280954253673,3026046
2016-02-12,154.6735223418949,156.5279877353125,152.5582721344046,155.3888285431533,155.27607168012887,6318400
2016-02-15,155.75871762943422,157.20050611202964,155.4905544963897,156.03538006443247,155.62717971732482,8189475
2016-02-16,157.3087037759483,158.5990940084001,157.2156349263391,158.12027279441816,157.33630799260098,4747256
2016-02-17,156.99543556119613,160.69426704796,156.53351821099807,158.16846376236754,157.67505526753246,9107016
2016-02-18,158.59348508838434,159.6951726821619,156.63843198180842,157.46785808141237,156.68691290925682,9947157
2016-02-19,157.49571125103162,157.91134705846335,156.65207275192776,157.3123589005815,157.6581919699027,5472155
2016-02-22,159.8617036033497,159.8787152396337,156.8129159947514,158.71463258000364,158.59644461423372,3377305
2016-02-23,159.14308773343217,158.43061282429298,157.81487750777924,158.0960656611531,157.7997536786085,4860851
2016-02-24,156.63847036231647,159.3009138122071,157.1412469101465,157.3242709147768,157.73602139852397,9178633
2016-02-25,157.01869508400523,157.24971431860857,155.70105026961016,156.86892465286874,157.3904930808276,9931127
2016-02-26,154.64310772506,159.0179838140226,153.69534186079625,155.942993304884,156.68418963261894,8867566
2016-02-29,157.3894196334533,158.53024197341435,154.36103117922218,156.09306088115278,156.31473423233942,4859970
2016-03-01,157.44309477810128,158.97630126610977,156.41100247423284,157.7451365998963,157.68445040299392,5603445
2016-03-02,157.7594265553116,159.9249815254965,156.30675632474228,158.0956131332863,157.78774453692319,9914212
2016-03-03,157.24787410725696,160.74813951500832,156.71677557255074,157.87065689143398,157.43227882425256,8268023
2016-03-04,157.4822500946879,159.3528329981373,154.65539274847342,157.6062428827924,157.15379625905655,7899614
2016-03-07,155.2955888526719,156.61513047797567,155.89906871446775,156.07044933436973,155.92872078345155,6339488
2016-03-08,156.58804017370858,158.16994067059758,154.8667636039765,156.98095637179085,157.75296729562783,8979231
2016-03-09,157.87193333980392,159.57681961702562,154.13312745743144,156.93051643505203,156.14720356467407,7686698
2016-03-10,157.82550818332547,158.79739505084825,154.25681414789756,156.77743378173537,156.3027209577717,1277433
2016-03-11,159.37133061139167,162.0802298117857,159.40901488603308,159.9979386098542,159.4993738051363,4509954
2016-03-14,160.22473411475573,163.1035360750264,159.37520633357764,160.32408877849386,160.67218361523405,2621750
2016-03-15,160.79292543417324,162.45325153465478,157.31088234247443,159.59969498867264,159.36426106385744,8117167
2016-03-16,157.77643996869156,162.12936771584944,158.93241595411754,159.20073465274106,159.13269353966658,9474251
2016-03-17,161.62477236628803,160.68080940229518,157.7725056037778,160.3765776222118,159.81305302806916,4339335
2016-03-18,159.61573018760262,162.264077431572,158.20930604562383,160.51724529302354,160.36474915688203,2552816
2016-03-21,159.6744991765984,161.46276013206426,156.78466334438878,159.10636457498015,158.47503022107685,4044699
2016-03-22,160.3172436878189,162.4759588769603,159.73211214762543,160.0529907698293,160.10587754034367,3340102
2016-03-23,159.58103201386336,161.34660376843553,157.12384756328373,159.4122439445643,158.7713084707809,5027662
2016-03-24,162.47232806121124,161.85103808552176,159.11966978601933,161.31293898105582,161.7815665887125,4133948
2016-03-25,161.1261281960871,165.01073136355527,159.7212093012714,162.42038430704443,162.52855907262878,6386747
2016-03-28,161.50482906737707,164.33362701254353,161.86568839097905,162.00045967165966,162.3632886566896,3314659
2016-03-29,163.4338135517878,163.59020800970782,163.23338974909797,163.30887329366874,163.1758033227923,5737597
2016-03-30,164.42144372712337,164.91989484569075,162.18510808104014,163.40412606447012,163.21047794788228,5305041
2016-03-31,163.35261802584304,164.85593209535241,163.79542542758682,164.2842969998663,163.6242172978323,3967597
2016-04-01,165.79486218770708,165.9087273045177,162.95603174065332,164.79642707743477,164.835740265499,6983336
2016-04-04,163.6483271328491,164.0367655169744,160.96897668570588,163.97746768271787,164.0012479654097,9610924
2016-04-05,162.34492628016037,164.66928338630763,162.08226223894363,163.36131511067435,163.30920619099382,2744188
2016-04-06,165.27031732676028,166.22687386439947,161.64016078970334,164.4186731885295,164.81413029251513,9867314
2016-04-07,162.76853289444344,166.14490515150922,164.1105045121152,164.11129511669694,164.65697239391005,7931498
2016-04-08,163.7834026465836,165.90777632964864,163.18320886279102,163.73504391372893,164.14567449813697,1131777
2016-04-11,161.3872343105807,165.5304055196578,162.70825509638874,162.80731859465354,162.2275059599204,9702262
2016-04-12,162.7894953401287,163.96183714391523,162.18685980578476,163.25831492052097,163.45758721857518,1832725
2016-04-13,165.68249451058654,165.7466662388941,162.34488612801783,165.3482371000381,164.65430875377956,2953230
2016-04-14,164.4925062077254,167.10639056656362,163.9895010588635,164.30810144605778,164.6278816315421,5059107
2016-04-15,164.04630199017333,164.87453492533393,162.36633136306648,164.35971816300452,164.16550923513353,1060216
2016-04-18,165.56406006897834,169.03162746317548,164.30218144063232,165.79933597869393,165.19002168846868,5792291
2016-04-19,164.8413488089949,168.54005707358922,162.6361243078989,165.74709184772217,166.34718061416987,8820389
2016-04-20,166.08019092749626,167.8920438221939,165.81954145495348,166.22686090424588,166.41637338739937,2310929
2016-04-21,166.68934493181325,168.4343213399121,164.49135911678687,165.19186463637297,164.9518821020744,3495202
2016-04-22,166.80860247140836,165.97017336292083,165.54969788817886,165.64756899385458,164.87022997499673,3521880
2016-04-25,164.3136291929263,166.4908958438509,164.05160200220797,165.48782198912403,165.54956592412762,6714078
2016-04-26,164.93511033979104,168.62624866379076,165.57576041489727,166.50094924507783,167.2056243502082,5525946
2016-04-27,169.16990951068664,168.88976572383518,164.7977943377561,167.71573255691658,167.87737669937047,8595937
2016-04-28,170.42382059814014,173.49533740545894,168.2718694973016,170.33269345920917,171.1360686377742,9793541
2016-04-29,171.0690836335336,171.1640860005622,168.84027386880413,170.93972389269672,170.31827443805327,3092174
2016-05-02,172.2546175589684,173.17512458167315,169.47066676751163,171.29291746955286,171.40991927599399,4700561
2016-05-03,170.87902773393097,173.54154403180584,171.19962537248819,171.51469903140418,172.02602731022964,5964197
2016-05-04,171.12698552022658,173.4237265806593,169.6652845529385,171.18892999886745,171.23265290319543,4516951
2016-05-05,173.16283865331678,172.43202651558323,168.1254126222728,171.5548111026031,170.85326576208243,7942959
2016-05-06,171.87654293085322,172.53571533857894,168.4255317866898,171.28680695273806,171.4287797381991,3023715
2016-05-09,170.29513069431383,174.37619690518676,168.41841039236022,171.48266518928165,171.674276328247,6671471
2016-05-10,171.55988872734332,173.5014900370064,169.98213427903,172.82765998516356,173.2229328274732,2199968
2016-05-11,170.83208143977689,174.69043490762834,171.49436344083304,171.8485146801579,172.2974027891433,9046762
2016-05-12,173.9386971252788,174.96275595703108,172.22874771205647,173.0157905015609,173.4842700085308,8161605
2016-05-13,173.6467402776515,177.01820773446306,174.34941698765817,174.36030282917477,174.64528496888096,9135632
2016-05-16,172.60148377542535,176.75683341843748,173.211779609698,174.26963156245768,173.77437676408775,1254531
2016-05-17,173.70468988950398,172.8897404799043,171.8011839559548,172.17517392372304,172.01029166978293,7883853
2016-05-18,170.46124032736623,173.54685477387008,169.9721720867228,171.59474919690257,172.0685737308677,9124525
2016-05-19,171.22300546046583,175.92005984797987,170.5773749302533,172.91914100373765,173.70320304851347,9897973
2016-05-20,172.01454683979438,174.41813271414358,169.89921689713645,172.92367020171275,172.19556983981252,5193211
2016-05-23,171.04051987389002,175.27590501358435,169.3751809481365,171.9517652296918,172.01287117446805,3036991
2016-05-24,171.20690553184141,173.0252537155231,168.25551976439837,171.47438756873754,171.15291128166314,9079459
2016-05-25,173.7914247462665,172.83456525555945,172.15662563583473,172.34240485551607,171.86914208910162,1928220
2016-05-26,174.22788253131105,174.26332959907614,172.87441378508285,172.91653568399144,172.9265833166333,8554830
2016-05-27,172.55611032673195,175.9922761430949,170.42067285491618,172.70500084509573,172.88822244160045,3014665
2016-05-30,172.05841791371026,173.4677510459201,171.3680858098036,172.365573693555,171.5205897878361,8835603
2016-05-31,172.19044539656431,174.98749153139988,171.12916316043638,172.00121280478515,172.4831715073299,2832981
2016-06-01,170.22826769843832,174.12194898625543,169.973863237264,171.1061998805606,171.65353803945558,8962289
2016-06-02,171.20178117718794,173.95886007785126,171.81683299281264,172.74897283030404,173.55313799815903,1369199
2016-06-03,173.96896924085007,172.7412120272231,170.69006403355652,172.45404962136666,171.90330680659304,3581108
2016-06-06,172.61020641450588,176.2156993695504,172.1695419734083,173.69860540246614,173.86284188465942,9383482
2016-06-07,174.19022944414286,176.3391526176394,173.45128412143063,175.24731871466258,175.11873164906308,7924151
2016-06-08,176.17593684924444,179.03319317899647,173.9014015827264,176.27302687308452,175.98187292746982,6279410
2016-06-09,175.83930480042068,177.42578739401984,174.5071202299358,175.86880382064044,175.98423258658977,5128617
2016-06-10,174.60193085756723,178.010981036745,175.41382061233162,176.299931171251,176.79777237024337,6040466
2016-06-13,175.06179917612624,179.04609013441222,175.71709931880204,176.30313282513407,175.4622599404257,9990554
2016-06-14,174.99932995039092,176.7683639526292,174.2006854979535,175.4268282246779,176.2502819538358,9157362
2016-06-15,176.42450319234314,177.33643071931897,173.17071091888295,175.77858476667348,176.32329023247948,6586401
2016-06-16,173.67843314676531,175.94080206097735,171.98412094323618,174.62694223578762,175.06552426877582,8169006
2016-06-17,175.57127298056733,177.13389684101193,173.49661909253285,175.84201888452316,176.2998893142699,9001565
2016-06-20,175.6059708383285,177.24986991801737,174.58380554721174,175.40479884749874,175.2102060083625,2132628
2016-06-21,176.9983518407507,178.47439897519575,173.56760454688748,175.63335576364557,176.0752853808853,4414804
2016-06-22,175.33200372243599,177.2170604688174,173.93585199236375,175.94404089546566,175.7448198249842,4607137
2016-06-23,174.42476507466066,177.55489568160206,174.0107003739497,175.71253318203557,176.41311105225122,9902483
2016-06-24,176.2887923999223,178.69196594545193,174.3871054823031,176.3266242437848,175.75748136845456,5213893
2016-06-27,176.74698140059823,176.82689329002002,174.1492037948066,175.87911784743625,175.51390032895839,1694961
2016-06-28,175.3984496315787,177.75900989203132,174.77860961706435,176.77781240516748,176.8685657900935,5577277
2016-06-29,175.19493045415422,178.7347489557069,172.94838750824184,175.45922998519472,175.14201906086433,8953772
2016-06-30,173.91934279944317,178.1542484643056,175.22796408797538,175.61300682501508,175.47995757342466,5359742
2016-07-01,175.9227280954194,179.62926158492547,174.91697226175782,177.57933308434735,177.56587734671567,9002974
2016-07-04,176.54618811726164,178.89422914770122,176.12643174700122,176.60639902001577,177.23574183714254,3337537
2016-07-05,175.2458831785448,176.05915959604593,175.72157931962565,175.9560513097649,175.9968594834245,6938831
2016-07-06,177.71556693880973,178.67922720803406,173.05184673423665,176.49735641969778,176.25460168848682,1987647
2016-07-07,177.0653576374843,178.50498399901196,173.32224357069595,176.70433546191134,176.25857432695886,8071104
2016-07-08,176.91920962180416,179.01521567754685,176.8683178978821,177.0823628214589,176.92064408688054,9001326
2016-07-11,177.27193558835634,178.8756130768409,176.0245203208006,177.59894721188053,177.6268943676526,7772160
2016-07-12,178.251245467965,178.55153841776936,177.59706151616865,178.26106594071626,178.69979290860522,5985395
2016-07-13,177.74927445322012,180.09185711002914,177.65676338318283,179.39816304294646,178.71833150857088,8606574
2016-07-14,181.24814180224772,183.2549296760481,176.8494741781705,179.83537896014894,179.33473378882857,4043276
2016-07-15,181.41163795658568,181.08974328605004,176.20651195488733,179.62151856580437,179.4053512815747,4025452
2016-07-18,179.17279520569917,182.00454956321536,178.03410186314088,180.3214895272811,180.06975785198875,9042537
2016-07-19,180.86507397733243,182.44089460845842,180.95879128058525,182.24876872245028,182.05148094499228,8994334
2016-07-20,180.8451310408195,182.28038115118053,179.94569524404176,182.14353223634168,182.67816223562235,7003155
2016-07-21,181.77995065765634,183.79541412173148,180.0657299215043,181.19640019194503,180.87777430021646,9583494
2016-07-22,182.91959111829402,184.29310357393996,179.0130992541337,182.33087812150598,182.33433909050248,6478968
2016-07-25,183.50599355144874,184.0920043646179,179.0654952673738,182.23789421782635,182.46369978529438,5769767
2016-07-26,180.99966342335372,180.96832061488277,178.08195354101426,180.09262193208627,179.6102952610154,5732529
2016-07-27,180.78535024831749,183.66295354928593,179.79188029923915,180.96744086951068,181.36320831493126,4296369
2016-07-28,180.86682640868295,181.0667077562416,179.40061080226505,180.4595099438307,180.54452680055851,7565943
2016-07-29,181.07569135778957,181.08164470256486,180.27580422042993,180.39637392180055,180.30036906966578,8659051
2016-08-01,180.801795317804,182.4212790079051,177.80646529210827,180.7557515126435,181.31570395824048,7225247
2016-08-02,180.88551784909617,182.0098306751952,179.3434985873862,180.97364845269655,180.50944246478983,8662113
2016-08-03,182.23781211087103,182.60982995891277,180.5288962064489,181.71049753010956,182.40676849272867,6685443
2016-08-04,181.51081390285626,183.64207119902662,179.59413957996153,181.30240841981367,181.41309124734335,7716028
2016-08-05,182.36640923600723,184.21040342707627,178.865277479821,181.84291147826374,182.0414382575306,8355470
2016-08-08,182.02067489098786,184.60558552852638,181.1581364364461,181.6107620609538,182.29190950395892,1157438
2016-08-09,183.17649789206584,183.9005782562136,179.24863579675164,182.3769698021153,182.95616748483104,3771685
2016-08-10,183.54245175179705,183.28725482558042,179.73449797131067,183.0197345464023,183.20561317515998,2416100
2016-08-11,182.18359985725542,183.1084500787091,178.66356147898412,182.11169310463168,182.57277751884232,4706779
2016-08-12,183.8912671595689,186.81630392160255,181.76847715664078,183.2250724810807,183.10289706872916,7619441
2016-08-15,182.53189671971518,184.89543197055445,181.92300357621025,182.7165062962406,182.80307327219697,8643523
2016-08-16,182.60362629185352,186.15743403402496,182.18031125336023,183.5519613547957,182.7481325013658,9954580
2016-08-17,182.11239700592273,183.97371489008916,182.72188465865537,183.946645928471,183.1922033250909,1554999
2016-08-18,186.03506829980537,187.73800608696658,185.15759585047547,185.81222686554014,186.42433954491955,9140641
2016-08-19,185.9526996410166,185.75547664806894,183.36178801798627,185.61615814344225,184.79883758750347,4301370
2016-08-22,187.04359767787042,187.4037401824365,183.52792438912937,185.294238607598,184.68165423460889,5622884
2016-08-23,184.78884882813162,188.71463384412417,182.09389001202752,185.30221626198426,185.85040073544616,8227779
2016-08-24,184.63467076880326,188.61009650105444,184.90761131611467,185.02643373942396,184.10342188230672,9928684
2016-08-25,184.74533944387193,187.86304798510213,183.4604672299104,185.85377290163999,185.44936313712938,1575343
2016-08-26,182.68215079805478,185.95348043520795,181.45316619456906,184.26485955347738,184.41971326829224,9857256
2016-08-29,184.23834052181357,186.7018460971775,180.4552296704067,183.238574394605,183.41347548828998,2989645
2016-08-30,181.2860156997669,184.65277828991063,178.96934764995868,182.19816873329978,182.70313625668496,1872894
2016-08-31,183.5748484466851,183.41363323003773,180.50504573122464,183.17587358554732,183.18672905398424,6960445
2016-09-01,185.60832104548712,186.63626672933034,181.4825849720794,184.9138842184032,184.93126958054208,6028342
2016-09-02,184.73050186801333,185.72495482372412,183.60708841731326,184.83683226013972,185.25328919071623,6059129
2016-09-05,186.08561793704175,186.43082181192094,182.8365984285371,184.69540779722368,184.69286724404395,7021215
2016-09-06,184.58513098209295,186.47619290894437,184.74082079647584,184.79285722061084,184.99334099930144,2373716
2016-09-07,185.18206972289238,188.14750342381924,185.95625304497912,185.982132783493,186.7219214792934,5274760
2016-09-08,186.54808521117081,186.40281408979513,184.19331375663424,185.0821769095764,184.8997802891429,1065783
2016-09-09,186.6882470806485,185.9568869511333,184.97425501969104,185.34794315258517,185.13502483433595,7125694
2016-09-12,185.09841131017868,188.22790579580905,185.3807274742488,186.35053804264157,185.42539891786348,9668117
2016-09-13,185.10727057640898,189.98197965869744,186.21731589173254,186.8790294728554,187.0909993695536,4117323
2016-09-14,185.5617670342737,189.58068909706523,186.98928869362118,187.0960083497281,186.21623035834776,1903261
2016-09-15,187.3213386303382,189.3975570875882,184.70320482309901,188.12445170256922,188.13225602612457,1688863
2016-09-16,187.20021520867945,188.91844567851234,185.41811730302865,185.44861666984394,186.01281402304647,1338531
2016-09-19,186.37174943954517,189.55010899346905,183.41339817013744,186.15388924964884,186.24681926397625,9468550
2016-09-20,185.0569428795628,186.3040073193711,184.962659364928,185.52721082679537,185.09982322936824,9386445
2016-09-21,185.15230451266626,183.86881429882712,180.37200614141224,183.72397519021288,184.24973518983876,9265070
2016-09-22,184.08987064525058,186.99448408016602,180.9723974735513,184.26257505001183,183.838249671832,8210795
2016-09-23,184.97756151359079,188.73677337655496,183.23551763433963,185.66363085544876,186.09628612100002,4478123
2016-09-26,187.19097686006836,189.14539429672175,183.05887054458302,185.55357960109504,185.75816811151338,2737317
2016-09-27,187.83778893677706,189.8535436028281,186.51393279427546,186.53385140857193,185.91828279110507,4200508
2016-09-28,189.46691273275238,190.43362183434638,184.46699180352354,188.17352692683457,188.9358816279042,6141254
2016-09-29,189.56240170832555,191.52490491247852,186.18857499963636,189.5158386406926,188.94851100592504,8469820
2016-09-30,192.28991561859738,191.2896552560125,187.76061497113398,191.18320043033796,192.11920866757333,4406936
2016-10-03,190.7217452514934,192.89965272479353,189.42184947272278,191.95272518168383,191.00699423797266,6178974
2016-10-04,192.33681359748635,193.82098741540005,190.7311911746162,192.0555560808594,191.60131276560753,2301775
2016-10-05,192.3242565131561,192.87534840031407,187.07652598557775,190.4809875292362,189.90927845951677,1847094
2016-10-06,189.46686761203665,192.38280285965743,189.153028546576,190.2623223013802,189.3376348770328,6240831
2016-10-07,190.56175317804593,192.26026834519922,187.31439862266546,189.44647296633798,189.886685757473,9468857
2016-10-10,191.608317666719,192.71713056686568,191.26255447331823,191.6448129441098,192.0155034607292,5067133
2016-10-11,189.73381398857072,193.66005134837334,187.96530210349368,191.49632439195142,192.05616574301555,3081565
2016-10-12,192.65506364281933,191.9847702597508,191.10736194764826,191.64692645900988,191.1806467012791,2820407
2016-10-13,190.95161780775663,193.81615289463673,191.36118968643464,192.22580909532428,192.11880691986795,1113094
2016-10-14,192.80244774999952,195.1818794872787,190.15026045214213,192.29680880197074,192.60277902642142,8658379
2016-10-17,192.41147459743456,196.70991947180875,191.0542819775019,194.01925710267545,193.90239640137742,6204954
2016-10-18,195.15270263577779,197.25628671619916,191.02805679927636,193.424005001215,193.80568040906343,4619794
2016-10-19,192.83937295338953,194.72225987039056,192.7469735980526,193.6460097167262,193.9054438762526,3361386
2016-10-20,191.87546792788686,194.8532589510974,192.92729754974442,192.93093639130214,192.18747278926836,5664763
2016-10-21,190.21687767659208,192.90132417965603,188.73632997057427,191.63831114035543,192.1768974311635,1713926
2016-10-24,192.75814882928816,192.73751852198689,187.28938449668186,191.05393930972411,191.47555018689562,1453104
2016-10-25,191.853959814829,194.31860852297436,187.94971407403364,191.04429977294967,191.3420124875788,6864271
2016-10-26,191.5638110198427,193.25117994158205,188.8876969728625,190.64239480870637,189.98485699985306,1890992
2016-10-27,189.97510869183398,193.33024824256555,186.5434645211664,189.9773710891065,189.53661684169455,5191180
2016-10-28,188.50312487473988,189.3660884810972,187.05251816072396,188.59845088570864,188.39698442209271,3886931
2016-10-31,187.07218928551922,191.836060581649,186.56329233508401,188.5427425733539,188.1278158464334,4024017
2016-11-01,187.2893034525237,187.28900855733767,185.2803298581062,187.06541945959688,186.55624663812432,4411973
2016-11-02,186.90202341510772,191.19139123345374,186.1711240763213,187.85287268356046,188.42649583891895,9232275
2016-11-03,189.75642029021557,189.19978168232086,185.04857054620084,187.96270969676894,188.2225347727023,6815263
2016-11-04,187.6389954703987,187.70617216109954,184.56736444940648,186.53255545757798,186.65468229767123,9630019
2016-11-07,185.92663777096755,188.15828120520385,185.07096765078268,186.2507436408021,185.74032852683882,2693766
2016-11-08,184.23227937080128,189.01643395913743,184.5680835312777,185.5259844954855,186.30162515357927,1226218
2016-11-09,186.93326288249295,186.05018115408305,185.7322324602401,185.87255626617863,185.2985502867653,2328467
2016-11-10,185.82506786584435,188.55944137375306,185.05645001836027,187.24040397247575,187.79267129061725,4291809
2016-11-11,184.2407241209611,188.56867141724086,184.53996573679834,185.39262876310397,186.25780548762782,4878131
2016-11-14,184.46459098710866,187.00469186465392,184.98537140373614,185.53505210252536,185.95638871601258,7968031
2016-11-15,185.61326968976908,186.14079957072946,182.97788476853825,185.40231656723267,186.31608815382987,1927580
2016-11-16,187.16948482071214,187.682146800718,183.56557868776267,186.1010539039571,186.3821616245868,2421261
2016-11-17,185.64963036308907,187.77853756123812,183.5384921520996,186.3416477924688,185.8151587410731,5360625
2016-11-18,184.07522823034628,189.0154132886815,183.74762630302334,185.6170757210039,185.06731412638484,7856408
2016-11-21,185.19398056346452,188.1495351950082,182.0115981584299,185.32541904561128,185.00029207025207,7219343
2016-11-22,185.47259904480225,186.4212405645621,181.10062218253307,184.55679044908175,183.6471654333146,1465802
2016-11-23,184.6266759454418,189.33021628794455,182.66226192802534,185.66019484795433,185.99753658154586,7854523
2016-11-24,184.6686536538437,187.4370273624196,183.3481963813248,185.70890375690024,185.27929923569604,9567778
2016-11-25,189.31582285558906,187.8560437128739,186.49770294473777,187.6374917029272,188.22889361426954,5730006
2016-11-28,189.3082513381338,188.58830358353666,183.91613568270816,187.60422814938659,187.34003008744511,2457668
2016-11-29,188.75680730816853,188.55345259710376,185.898370348392,186.9232186427501,186.88575267520287,9067932
2016-11-30,186.57793037513036,186.0188122396214,184.6853000767404,185.43690151041125,186.30046060795817,4763318
2016-12-01,182.5157899561371,187.14177728279194,182.03702835370098,183.66115909442925,183.18762942714932,3720964
2016-12-02,181.05543164724355,184.89735189330682,181.89740202798873,182.10442041169773,182.5073339034593,5362805
2016-12-05,181.81608937746768,183.37765036565108,178.82941717534285,182.3989443229832,182.86427647745643,8705346
2016-12-06,182.2696678566059,185.0966439402974,180.7821639697565,182.9350666064871,182.42467440011964,8538437
2016-12-07,183.03738485198488,183.99842049753207,179.3608595751728,181.38127316472895,181.38308123966752,5167510
2016-12-08,183.35769392266525,185.7356815330322,179.91262685901884,182.30370873907904,182.03062129330485,4524177
2016-12-09,182.66275616578292,185.05451823975565,180.04038937484867,181.84804494766956,182.3425011353833,1760669
2016-12-12,180.8790017019651,183.8977640313213,181.90550975891787,182.0222352199291,182.24518209499732,7936503
2016-12-13,185.1661375710138,186.50733582178864,181.41268858870538,183.6618531084585,183.61774314195534,5826761
2016-12-14,185.79649591012702,186.6613717235129,181.94217497496507,184.586089684598,185.1017554115648,1031528
2016-12-15,183.1048376957555,186.38271978607827,182.80844454961527,184.34495629696613,183.8567289482432,5697715
2016-12-16,184.8432166030272,183.90222108721247,180.70217191112343,183.48116133182486,183.94650970371265,9267819
2016-12-19,180.530654289619,181.81426148779994,180.53337886380774,181.35674319076952,182.01937414363675,5592473
2016-12-20,179.15054389228524,182.57835080667886,179.86544848225026,180.66498713180107,181.3490237909517,1650016
2016-12-21,181.04732388442514,181.45174352987513,179.8985993456575,180.48125415324733,180.9932318116307,3282039
2016-12-22,180.07369666308327,179.5970034002428,178.1858509501428,179.52147188637014,179.3563375650385,6564145
2016-12-23,177.9640855472697,182.01141385862272,176.37823464201477,179.4176121795518,180.28206062920165,9035211
2016-12-26,178.87146011408535,179.63850240890176,176.54929503461284,179.52186132278456,179.30570559102367,6484801
2016-12-27,181.09187578199504,181.4593558795173,177.9514081533634,179.32440260125043,179.57299177004447,2332736
2016-12-28,179.3395006022463,180.62889528256397,176.5962657420729,178.70179728070096,178.09613074546272,1406464
2016-12-29,179.72104826219453,182.36422650154705,176.3187994390425,178.89784921294165,179.7573619591694,1620832
2016-12-30,178.33732274373045,181.10422609823863,178.50189550918526,179.36718712278503,179.73307093296015,4898837
2017-01-02,176.80208691230084,178.53099335156838,177.70458011887888,178.30418530561616,178.75596807341506,8488459
2017-01-03,178.9405099183147,181.725750601612,176.24797537386524,179.7425149456364,178.96203107186776,4620966
2017-01-04,178.76900888143882,182.69374132658317,177.45217727051167,179.67132407362612,180.1446103482822,7087763
2017-01-05,178.76342916865042,183.30059759646753,176.19001796430885,179.71757095684492,180.21129723068952,8853987
2017-01-06,179.3443134310158,182.00631854677053,179.23419978369844,180.45318264037547,180.76315199200428,3642969
2017-01-09,180.98398372457942,181.8714440643296,178.17284548725104,180.71379603191292,180.337747995816,3264238
2017-01-10,181.06967745062923,184.9890051913998,180.8854135544907,181.69432992610015,181.67559731728872,3717093
2017-01-11,183.17496391607605,182.70500655643946,181.05803648864799,182.00885135157597,181.29980742553442,4673433
2017-01-12,180.27702195709972,183.65688042342657,179.56638656078653,181.4238112372095,181.3722634102954,5789545
2017-01-13,181.68408705913805,183.2879928180308,180.65049925848496,181.81271202268957,181.3469512215471,8879814
2017-01-16,178.93877767774308,180.84485177075612,180.09061086941333,180.69638307564287,180.42370678828553,7672439
2017-01-17,180.76609147180224,182.08835979125755,179.88159339184273,180.83234004169339,180.22221246491867,8746550
2017-01-18,179.22018284732107,181.7857142585929,180.6972221650579,180.82650731132287,180.3383740528801,6822837
2017-01-19,182.37176251656206,183.12457725328335,178.10076451459676,180.6457877143243,179.8808768019108,3002507
2017-01-20,181.5939445316145,183.970628381603,178.76766689587305,180.54464746315935,181.30275690488588,5649790
2017-01-23,178.65485603443972,179.64814376520786,178.3533894383934,178.69019567793566,178.74453659578592,9166738
2017-01-24,176.69572278201525,181.0604273869474,177.557057542402,178.16886803046867,177.98489436951692,4002824
2017-01-25,178.61875049948017,178.48651124193046,177.92349436060303,178.2891101918838,178.3515634636365,6664899
2017-01-26,179.4000281105541,180.3972014677562,176.289697105392,178.47636384415517,178.70533693340732,2111903
2017-01-27,176.37828013564803,177.72650494693735,177.1416842316803,177.47608596350318,178.22481993348515,5556909
2017-01-30,179.01306206277067,182.1087175096841,176.07234221442073,178.76919106464186,178.19479305461041,8062085
2017-01-31,179.04856697806431,180.65755748106082,177.85742314959202,177.93041347670132,177.5666391921802,3196251
2017-02-01,179.88720477719326,181.2817715385332,178.0348653687847,178.92726793750202,179.77858479816052,4222653
2017-02-02,180.46888499158248,182.33770086005364,176.1864706682617,179.3818595596477,179.15080314385457,3410331
2017-02-03,180.11920960195482,181.07808151655522,176.1940928055698,178.76302951007784,177.90954625292872,3469159
2017-02-06,182.14634549572736,184.06490085956472,180.30222604574607,180.56573766296134,179.92950253623818,7567090
2017-02-07,179.06050894474387,181.9611720415861,176.4533058711898,179.39949809147885,178.54975209976217,3627484
2017-02-08,180.59409424475092,183.68122007331826,178.56771079642212,180.3460495253628,181.2296065584291,5105001
2017-02-09,182.4283908904049,183.2499150003193,178.3023401153953,181.37402910367973,180.97295825297235,1813941
2017-02-10,181.44339090486994,181.15394906948228,178.55936248036272,180.7308061548771,181.49627839389854,5746436
2017-02-13,183.95585553402083,184.074827218369,179.6667418604772,182.15066871521537,183.05392888257867,4605052
2017-02-14,180.1585062258084,182.38965390754882,178.31310403660848,181.9280194608904,182.10965861712162,2949595
2017-02-15,181.71608798456217,184.4036792904631,181.3972746530501,182.24411035044423,181.3933881277524,4722248
2017-02-16,181.73244198516446,184.29323627018536,180.25403090472722,182.5318294494894,181.76810099786488,8595725
2017-02-17,181.55772773757454,184.69638328586728,180.7454361318874,182.42491796829285,182.3913318171762,2658789
2017-02-20,182.24612232696745,183.29994832432402,183.11852173930947,183.2631235017266,183.0911714018694,5278837
2017-02-21,184.85393658446597,184.80134986082223,184.03073320840016,184.0840094825528,184.27946492419645,5556467
2017-02-22,180.84838564610158,184.15488337009418,181.9280174454775,182.3628747695886,182.25135587739365,3340967
2017-02-23,184.58225709419852,187.1866599369402,181.30991916058736,183.6946122727407,184.49198805797568,6277217
2017-02-24,182.76381785454328,183.45631108123806,179.99436878188234,182.059517544979,182.12276450325732,4162788
2017-02-27,182.20680875074956,184.67367654316445,181.09258655065307,183.11946100959463,183.47421112917976,3864048
2017-02-28,183.36263941609803,186.90755530817776,184.1561562237025,184.27356340669618,185.00418094697724,6154601
2017-03-01,183.68216517872116,185.42241158840662,181.49037425158676,183.20999423675494,182.5630282208206,5243297
2017-03-02,183.78521412624835,183.91961010628964,179.44566470916317,182.82657720907434,182.332460327817,8828571
2017-03-03,183.11678197653328,183.2415731828665,180.30303711418034,181.74826980086237,181.03457826044306,9992355
2017-03-06,182.83944046925555,182.3512607886733,179.29151823432298,181.5607460308476,180.90647082008073,7804603
2017-03-07,182.9655898040857,184.7825185152191,178.45279671648368,181.28010900693585,181.30292123591164,5986058
2017-03-08,182.38354969972113,182.5629036879668,179.23231213825042,182.08716679947918,181.7615571784832,5159844
2017-03-09,184.92402469307805,184.78895510414551,181.5198951445932,183.42487280587272,183.2839526844943,4399118
2017-03-10,185.98851482305795,184.94347949983975,181.67614064428952,184.84795387693669,185.7398264586723,2611302
2017-03-13,185.7680320327929,185.13072079277097,182.8704602668795,184.31318311063234,183.68044396657464,3901718
2017-03-14,182.33286134997778,187.0055427167171,180.85863271865108,184.13135849716178,184.20650631755308,4496179
2017-03-15,184.17563349312076,183.2095078531782,181.59860699569845,182.47531756521482,181.74335643155328,1806244
2017-03-16,181.60065504115101,181.98779011139624,180.67855601899484,181.6968447589926,181.3670582870718,1568810
2017-03-17,183.77858925452364,184.4226420804896,182.49500247858077,182.68909365236402,182.7393805128446,4234111
2017-03-20,182.95770898093076,184.3688267304298,181.3990487410526,184.33207373618626,185.1553592954883,8627108
2017-03-21,182.74400613383597,183.43557837220735,181.59765630322408,183.1251221245803,182.92593367196858,3315399
2017-03-22,181.7256120465558,185.50885959106859,181.7235042923838,182.56005512570138,181.76574855046266,6291846
2017-03-23,181.8003467707499,185.3778662546956,181.71472911541417,182.56104662901643,182.35687299787807,1495911
2017-03-24,181.49071066332405,186.21560823836631,179.57185005124924,182.86860504811,182.2207768781709,2291364
2017-03-27,183.1999074914126,185.19831155714516,179.049501375105,182.08639878846233,181.59474659894994,3268314
2017-03-28,180.7462199682326,185.0319651598451,180.51705026024035,182.5378570932004,182.75341718615377,8710289
2017-03-29,181.4085920735326,182.28200228714758,179.84764525743492,182.09141500640345,181.30373100339375,3385495
2017-03-30,180.91853480282003,184.95556292684026,180.37682490670508,182.10435999579914,182.04012041788772,8967848
2017-03-31,183.00335068983543,185.76716668397435,181.24706396456133,182.67804150407682,182.87800378560058,6727873
2017-04-03,181.81384101690236,185.63189675362506,179.36649134013874,182.71186103416176,182.56908704861442,7960653
2017-04-04,181.42416692404296,184.15681617778557,181.8448812706657,182.30287240390913,181.42622592846269,5731280
2017-04-05,182.17815923832993,183.0694503946848,180.69566685748734,182.22065986025729,183.10537643615496,5451042
2017-04-06,182.71596993548852,185.2393951580631,180.90438832575165,182.15969416132592,181.9176326495248,8430672
2017-04-07,180.44001493223692,184.46129277244555,180.00563420069585,181.81708039171775,182.3235812996372,7781477
2017-04-10,180.40723210788497,185.14752531587956,179.9236936721989,181.58568158932462,181.2690805837883,1655423
2017-04-11,182.2853149916171,183.78222021137168,181.31039308595217,183.21172602010333,183.16595378937518,8424764
2017-04-12,185.54154156826547,184.62958592846326,183.28570044846205,183.80004272831854,183.59503885577993,6155589
2017-04-13,183.15444360590948,184.30939426061042,181.64840236334283,183.53195967056337,183.24296883276998,2281979
2017-04-14,184.62110231451655,187.1769204187177,183.3629674064451,184.25631133534807,183.37529232029036,4308080
2017-04-17,182.99902568707583,184.63752063496756,183.27173448176376,183.94988910586602,183.69239777627794,9875284
2017-04-18,185.1150825469614,185.39725290151108,184.91032935861924,185.15041100372662,185.87155332176974,1437474
2017-04-19,183.96702842838135,189.25305869194767,182.71728569897675,185.5474504561987,185.90072044179772,8867455
2017-04-20,183.74174092738647,185.55960131836216,183.8820134937475,185.46754557246845,184.80992005207173,8095452
2017-04-21,185.82638433487097,189.04880980042216,183.61226389463502,185.9426597585527,186.11215579865126,7616858
2017-04-24,184.025437979357,185.74664779271447,181.71582853656815,184.39918086675817,185.12245135961052,9492421
2017-04-25,181.96861528518784,186.38516974653348,180.8094383355447,183.29981065812234,183.6664726764627,1056682
2017-04-26,182.81665219456357,184.1535799286883,180.41940610039208,182.13328291199727,181.4934202624143,8744132
2017-04-27,184.10078511327305,185.5910360667564,180.88931712127788,182.30362326703494,182.9741952361355,2859982
2017-04-28,183.67938322611414,187.47310263998594,182.6795253230981,184.063535526794,183.6982504211889,6620116
2017-05-01,186.78639379676562,186.35613680229795,183.93712651265554,186.32223293326064,186.23666657989435,2411897
2017-05-02,188.71909725413718,187.26970425358132,185.13727231200687,186.98768129497535,187.0365650351446,7143107
2017-05-03,188.75928475769712,188.4548479954767,184.3314066850684,187.5159230301938,188.17317872467532,2133190
2017-05-04,185.6068647061369,188.22866575229858,182.49288004368816,185.742262556315,186.5439400831649,6097345
2017-05-05,186.10677524519912,188.51762565130292,184.59513832181412,185.22698601685497,186.02281909272108,3035575
2017-05-08,183.09466623306935,186.16347807990456,183.96398835638985,184.46659952522072,183.5589393353192,3483716
2017-05-09,183.91766066767227,186.10527035447046,181.55487311682768,183.87314918724357,184.64888883174794,1341574
2017-05-10,182.92052690673472,184.42507324591932,182.62550402042913,183.73240262893273,182.91366709513974,7318421
2017-05-11,182.04561868196814,186.2385198525878,183.21963362145513,183.2877093115096,182.85840121248614,1496368
2017-05-12,181.06844853464668,184.84403123091317,178.1129520539769,181.33580676140775,181.36298510869472,9972703
2017-05-15,180.7671872649116,183.0894112971374,181.28469124673413,182.1111142777993,182.07455672636158,6033256
2017-05-16,181.78635634301588,182.8576893364614,177.70055020511074,181.06576851233342,181.2553621053433,2485737
2017-05-17,181.17371066894486,181.6447254784188,178.73053023898953,181.33241263671857,181.29514198739955,5144458
2017-05-18,183.5481521904204,185.4851848341776,180.635962600061,183.4338925667425,184.23068478427015,9052416
2017-05-19,181.25088103757798,184.37748618334047,181.80640192995682,182.54190523543008,182.06829815980572,3285303
2017-05-22,178.74191186691627,180.55909901962644,179.19573229895354,180.03901497295772,179.63217125802248,2966040
2017-05-23,180.08033723106178,181.36990489459959,177.90613342203855,179.78040801135157,180.5368123887991,5456981
2017-05-24,182.6636151955741,182.11761410579487,180.28607747095415,180.90876490662413,180.1430495886029,2601640
2017-05-25,181.41763858934772,184.80330966200071,181.77727402799846,182.8945096211187,183.09489034907836,8620901
2017-05-26,180.9137380502125,183.82053562212775,180.5242117789875,181.69235728694025,182.02255762228612,7886286
2017-05-29,183.56288437102467,182.24741445458142,181.63470976339207,182.21645377045073,182.22655170236217,7656449
2017-05-30,180.22350518644717,184.54523171291686,181.03258385383666,181.77854057394464,182.1316124485987,1777275
2017-05-31,183.06595811227498,184.2910832665206,178.83439225196912,181.69998947991448,181.10538470614472,2793834
2017-06-01,184.46128306263893,185.72238718185125,183.75520630787972,184.3717300872055,185.0218842356115,7033797
2017-06-02,182.56060392868793,183.08979260275925,182.79206206694352,182.8961570190843,182.2377778388688,8406803
2017-06-05,182.48004995672383,185.94302393576726,180.87162323447146,183.17729394085285,182.99560486042435,5291823
2017-06-06,182.92710486659212,187.18117035726783,180.0871614399622,183.67238437289228,182.89224988177244,3579943
2017-06-07,184.06787035614417,185.67309893944503,183.5614973010915,184.7855679581056,184.8691115068783,8144569
2017-06-08,186.33403442458564,186.10741323480548,184.4721335996955,184.91094837185045,185.22482695418265,6945484
2017-06-09,186.0755413690341,185.92740967855653,183.13315224270235,185.24639617162853,186.06374334977212,4796819
2017-06-12,185.5097199388942,187.01544862315657,181.53077065339437,184.88214486448072,185.3246347568903,2624937
2017-06-13,186.2851084617504,185.75213553354254,182.27483872891665,185.17866906599977,185.2547828996369,4680063
2017-06-14,183.9648644215394,186.17981477293134,182.56127259923653,184.86287405077633,185.66262230235017,6106840
2017-06-15,185.94980999382443,188.09792657990565,184.34290897294443,185.51184320090636,185.4718409817036,9859516
2017-06-16,185.02173972990346,187.24395951315705,183.16283509998266,185.1696301251367,185.28296440659554,8698133
2017-06-19,186.62240498132962,187.00847684520312,185.23547414252488,185.57412777931285,185.75246178384538,2097020
2017-06-20,184.86432672419707,187.13199561204107,183.05239345966808,185.57226222590185,185.40520956676758,1187920
2017-06-21,187.2604123140317,188.82492080712169,184.017828361826,186.72570973694798,187.35774394324372,1211540
2017-06-22,188.1289075160483,186.7236123685218,183.09825212642312,186.70171327363346,186.11393135765957,2422617
2017-06-23,184.59412078242894,185.24649561287328,183.99283658145745,184.95607806570058,185.05751203013725,6135811
2017-06-26,184.63110400040514,189.5280019974334,186.1766483649152,186.24539682668853,186.65929603655525,9681844
2017-06-27,185.4265676616349,185.6557857737544,183.34430502737015,185.3670617860999,186.11590054622346,2301609
2017-06-28,184.1715897217535,187.35220042716983,182.12923336009484,184.74069270772503,185.4499462127301,8456102
2017-06-29,184.80681200624892,187.56134193708934,181.26100338444712,184.17242867395552,184.18852587727216,4221226
2017-06-30,187.24826608864728,186.5789022404519,184.85520482920964,185.57426402740032,185.8399348367676,6332856
2017-07-03,183.41317939080844,184.82543861774514,182.5055321039506,183.4659870736956,183.27194929233374,7534761
2017-07-04,186.50493375466823,188.7547017973384,184.7178243660235,186.63113286762956,186.57174266598904,4013002
2017-07-05,188.29494337526305,191.0247796376561,186.47341504727865,187.71458693696957,188.47720709136428,9024967
2017-07-06,186.4746495073477,191.50613298855777,184.73029844004657,187.96522311137272,188.77479683312654,9155531
2017-07-07,187.01121664267114,190.7175630781825,186.1569782482535,187.9377263710304,188.680858561513,5677359
2017-07-10,189.82814054556846,188.57680227983485,185.24025327353053,188.25067770616204,187.56990840274327,6025998
2017-07-11,189.4408979749405,191.325912744783,186.60678649940257,188.79919739481534,189.46015321729507,7890801
2017-07-12,187.62803748563894,191.02663001967636,186.54223446880547,189.47181024103938,190.32133311867005,3074135
2017-07-13,188.93206496186218,191.84399176633883,188.79028992928426,190.0548119673168,189.79111033523458,4564324
2017-07-14,190.86719971170112,190.3587226561076,187.00955016579692,190.171789908846,190.20724989119077,1584141
2017-07-17,191.00657549470466,190.72789194284687,188.95846379741394,190.00184874881265,190.53213489462757,4567867
2017-07-18,191.16860965884666,192.87999514964025,187.8041300340043,189.8779727254331,189.99584543454844,7085474
2017-07-19,188.92193701368492,191.4328765016091,188.89847394038551,189.71046170535442,190.64665157282317,8172304
2017-07-20,192.51705166937583,192.0232043322311,189.0563386255912,190.87162906249546,190.78709844111333,8536182
2017-07-21,191.6953617933591,192.96331913329266,190.27401919045585,191.49258304505028,191.9022674689779,6392922
2017-07-24,189.32085664244516,191.8020378975913,187.57369518972536,188.57959167065997,189.13135884810714,8127995
2017-07-25,189.62907124179853,192.09804407590602,185.6026021311475,189.26288970746373,189.25172398384743,3945537
2017-07-26,188.0553209728915,190.51701694930347,188.87839025073922,189.48502316245646,190.1614540093949,5956739
2017-07-27,191.24885798096267,189.93902886287376,186.50984576167318,189.49371166628453,189.58117171426747,8710609
2017-07-28,187.70606010336112,190.0858120025546,185.40983710866405,189.1325904734696,188.96549333679786,3726727
2017-07-31,189.35125912514408,193.788206714248,190.2083617351061,190.2841004537296,189.5378512593263,4548801
2017-08-01,192.4587074226439,193.48370644810385,188.58511815448537,191.25902417612642,191.05516802235,8756761
2017-08-02,190.965430316892,192.54624787054416,189.54988128182802,190.51354376857677,190.95922439865572,6867602
2017-08-03,192.23937140737704,193.2255965377306,190.7933719397909,190.94799331597528,191.75243126519132,4496091
2017-08-04,190.0635325326581,191.39466858537685,188.4727233551545,190.00373384170797,189.53191543714456,8182959
2017-08-07,188.1874046922011,191.6967521469031,185.12290784090212,188.651512937193,188.37841255044128,1356858
2017-08-08,189.63877239859102,190.02029550754628,188.00794393695207,188.052192972877,187.40145903374884,1320109
2017-08-09,187.18955556418177,189.3831553123857,186.72045792902748,188.94198370553374,189.30233932527057,9627635
2017-08-10,191.27524888949912,190.41275345010743,188.01797649678366,189.9225060111838,190.79650740983217,7954841
2017-08-11,189.43760370884013,192.50802464254082,187.13604152711534,190.46298869155507,190.731450502105,6774772
2017-08-14,192.54915743690208,194.79721624728734,190.89423317249833,191.21548173867706,191.4393501895314,5430819
2017-08-15,190.37531094053,192.9416435293617,189.1452815059264,191.75905728606597,191.86162907253657,7711962
2017-08-16,191.45164198401287,194.46914141514657,188.54498195290054,191.14497295111698,190.35832678796848,3596500
2017-08-17,193.09155562276933,194.53237264535449,189.04032068750266,191.60429275606492,192.04403193954306,3299963
2017-08-18,192.33026311552942,193.38584091518857,188.80539143495076,192.43209954156657,192.6284756207912,4851861
2017-08-21,194.16658975310563,193.35421880456852,190.03315094278724,193.2137881316541,193.52578351371395,3891455
2017-08-22,195.61484541840395,194.82614223981105,194.26688353722486,194.43009876340273,195.20550756545535,5296622
2017-08-23,196.08891149905855,198.0093418968861,193.32701464361375,195.16579987087775,195.71999421226502,7892725
2017-08-24,197.20806438967617,196.32553230089385,193.9882935539665,195.5446453386933,196.09396007222117,5305680
2017-08-25,196.43310016739483,198.10234339618165,195.42243224413,196.6421928372837,197.482216367853,5328881
2017-08-28,195.35751650295384,198.61618211105105,194.86802406403393,196.6430688383086,197.6064919621769,3531846
2017-08-29,194.0179227492395,198.62935926416984,194.2841746811764,195.78859144735486,195.94773376335135,2980498
2017-08-30,194.66080439799114,196.09600213695026,193.96117393008302,195.65292174368508,194.88768719797338,9142875
2017-08-31,193.54434749637082,196.51972044729527,191.11755996921138,194.9354163591526,194.8557460747083,3093013
2017-09-01,194.51280982334205,196.17250871419196,193.9432295228994,194.2876353444522,194.8464088111361,3284282
2017-09-04,192.9470274181926,196.27076731322617,190.58911309476275,194.17051393401067,193.2534957699206,6329875
2017-09-05,191.62203621625966,196.57100011103992,191.54788292335803,193.40549127328467,192.54848724654374,1617854
2017-09-06,191.3326883953433,193.7880337816373,190.7157234912924,193.1249270039196,192.28900078710427,2164074
2017-09-07,192.52702068522112,194.34880561820827,188.08311513874162,191.25870959723977,191.70058560732667,1216382
2017-09-08,191.84965270594745,194.1531166362517,190.118831484729,191.49940056488668,191.50163465159198,9697669
2017-09-11,190.98439052517574,193.65729984325412,189.8792463278651,191.5280033005229,191.27690614946198,3589282
2017-09-12,192.24219975748142,193.40684723269638,189.1760946570809,190.7383119297287,189.98607253932235,1125154
2017-09-13,189.77945297324945,193.00236440002894,189.9902974769758,191.42495485843506,191.8695206525548,5797621
2017-09-14,194.23810478093773,192.922448272433,188.82867197158347,192.38992225633558,192.04558240900022,2316444
2017-09-15,191.25355182320024,193.3504497618376,187.64640138609866,190.8097596522406,190.36197507436933,9521707
2017-09-18,188.871125090409,192.06896794894192,189.66006991043213,190.07443213394833,190.3639519913322,7272643
2017-09-19,190.01075971795373,191.7537780247403,188.9232613473002,189.33268704443503,189.44441395303753,2194455
2017-09-20,189.41270809748113,189.6938970349598,186.80779617319817,188.42018120360012,188.16093508558788,8433994
2017-09-21,189.00957751063845,192.71003397581399,188.9035817547085,189.27705330580585,189.54485662134357,5257413
2017-09-22,190.4783957869144,191.3321820796293,186.7690827907999,189.11062442730702,188.67798001595014,2614713
2017-09-25,187.55415894503693,189.19611218029837,188.33071609091235,188.87350684627035,189.43036310060648,9650930
2017-09-26,186.07034971465978,188.5783824466669,184.94444138772596,186.89704174213756,186.391146867706,8345849
2017-09-27,186.03496674174124,190.3970977024902,187.53277358806474,187.55985703262076,186.91997350183007,7784955
2017-09-28,185.2704491985906,189.30770357908483,185.16805399733457,186.34799589804126,186.87431607726867,1597009
2017-09-29,185.46112220717126,188.27953304190322,183.91028032480324,186.43532578858157,186.82290997330176,2829326
2017-10-02,188.29987726342438,190.08180500361365,184.93231038490055,186.74009998681373,186.1474596927201,3625424
2017-10-03,186.5407669184615,189.1352752322608,184.44735515655842,188.12815584292636,187.40620605449303,9345121
2017-10-04,186.5754877513483,188.38111320471162,183.58026393729708,186.8467327040812,187.47902034441898,3970525
2017-10-05,183.97375077368642,187.15884163966615,182.53428139159055,183.85461780853439,184.36315689084128,4090428
2017-10-06,185.53358024683234,187.3652699622231,183.89841422187456,184.06586461356204,183.74790440490614,5426663
2017-10-09,187.74414561379314,188.44316773192784,182.7498397848826,185.89377305534688,186.18785218635048,2980715
2017-10-10,188.10859965157678,190.3754546568687,183.74918227194252,187.1601166685603,186.4566944352163,1729438
2017-10-11,189.16167136147905,187.7298905300313,184.32150826619946,187.3971733441089,187.4103804579512,8311546
2017-10-12,188.00630756234835,190.16685540195076,186.45457326045408,186.93293441875082,186.03328283123082,7925658
2017-10-13,189.5069418898414,188.9714939485228,184.01993458822707,187.7674542756621,187.5639178869858,7716014
2017-10-16,187.59575708781023,187.4876278549201,185.85512450003478,186.8213053362316,186.0270211455738,2889688
2017-10-17,185.75064353195538,188.22185974671262,184.61182578568017,187.3250603658618,187.27850480608805,8731270
2017-10-18,187.48942637671985,189.42830174120243,184.44629678079812,187.85792778530237,187.71080055000462,4139503
2017-10-19,189.49951299728974,189.89476710679378,188.05489439509998,188.94553495307522,188.8404529441425,7107444
2017-10-20,191.16014970910794,192.96185733744014,188.2497369097898,191.7325922522603,190.86084417151733,7315115
2017-10-23,191.28150897461651,192.67113429544656,190.96305288183396,192.15240547971302,191.88649795069523,5794544
2017-10-24,191.9675427638441,192.80620809789642,187.9278402811469,191.6708391142795,192.1624438600419,1098113
2017-10-25,193.33447123669322,193.86648530613084,190.5944649256007,191.6726620623615,191.42140675218727,5643233
2017-10-26,188.16455641634326,191.60941760383662,186.30924334130702,189.93098341774635,190.33966162337688,4911927
2017-10-27,190.2827812469378,190.57609283410798,189.06098640682188,189.26366754693123,189.01663819235137,4125463
2017-10-30,189.7231648742778,191.7016065401268,186.20241113411797,188.8817823690921,188.7367956580223,1725704
2017-10-31,190.13312939880964,191.75157038097396,186.3802551415686,188.3850912314315,188.5054544464746,6084928
2017-11-01,190.18918324722202,191.41892018925833,186.7626270398438,188.5648433637392,189.41467105194812,4342299
2017-11-02,188.75460791472187,189.0166149377536,186.9305109453626,187.76982069163097,187.03537865364535,7942478
2017-11-03,188.9953603808358,191.73102283015288,186.2522502024759,188.91824861922942,188.03583749144252,4400062
2017-11-06,187.8283045564689,189.52017344858575,188.2247997021973,188.94585294442157,189.14983356618626,9212600
2017-11-07,189.13490828376936,189.4564579189691,186.8746064949569,188.96394988355695,189.81258148160816,6833110
2017-11-08,189.66469689294507,189.96759622850732,187.70788953727032,188.663452427318,189.58738099653092,3674932
2017-11-09,190.34045165352208,191.89666825530318,185.2367340981307,188.84604037145095,188.81613517968773,2933308
2017-11-10,190.79769477596943,190.63317393284268,189.58990998536075,189.69853589639254,189.63798719890912,2239981
2017-11-13,187.7077725042287,189.0977222026864,188.10439406305034,188.85880294095563,189.1325797830831,4519345
2017-11-14,188.60335899014385,188.72391238052455,187.31589049008554,188.22808371215433,188.3328039495192,4896001
2017-11-15,187.32088908750757,191.1798074213349,186.39525945327637,187.95175494365162,188.2037758011072,1914065
2017-11-16,184.80131014587772,188.9989823615142,185.76457710658437,186.6332812804524,187.3312886803038,2621345
2017-11-17,184.72719333733573,186.78252595938008,184.01516042128748,185.84142068100488,186.29915956560563,2254305
2017-11-20,183.95847650371402,187.45155177170344,182.157624083555,185.3925970677342,185.3868079830861,1087743
2017-11-21,187.57131646544957,188.26008591895078,183.64131518651024,186.29438350872087,186.22333913771752,9668316
2017-11-22,185.68316305672116,189.03022391449093,184.42010560639687,186.58434209799677,186.84481710201726,4404733
2017-11-23,186.00093793335063,187.67654282734452,186.4728039102563,186.80532926963826,186.72258624840384,4605581
2017-11-24,189.41007574871375,190.92831020524878,185.07860540665226,187.68362449208024,187.60438324825154,2704449
2017-11-27,187.12004707021822,188.73423777142378,186.94935126966797,187.5736499639548,186.6663672892755,3817527
2017-11-28,186.14763733311497,190.60132925834827,185.03490419550283,187.9915120741577,187.37878031767775,7025959
2017-11-29,187.10331358836066,187.97628906170004,186.97589582730242,187.91568758149916,187.89410290911908,9662076
2017-11-30,186.77542649557353,189.6111915862147,186.63860531996616,188.20844719117275,188.81570825626005,8374632
2017-12-01,186.162401813012,188.97307444671432,186.33774949496018,187.65308579383515,187.2378601939302,6831347
2017-12-04,183.67632673108437,187.25518511461595,182.05990349085485,185.24166589583268,185.28361096858083,1258590
2017-12-05,185.48009543124647,185.40410423617325,184.66622837332966,185.13478399392034,184.84775488443069,6761178
2017-12-06,185.4256687292651,189.5334615218091,184.47411318149932,186.58492939029426,185.84755319322346,2976952
2017-12-07,187.0180955707124,188.35538793382145,187.00570151047728,187.53854205280982,188.3980283462119,4319858
2017-12-08,189.89637047700361,191.0841936837206,185.87381477456623,188.53133679767495,189.20000818652989,3227199
2017-12-11,189.50766012922819,192.84377550616662,186.35928116215786,189.7948647797552,188.99486504673573,8281633
2017-12-12,191.48980616240968,192.04505102057632,188.26018484649865,189.91091963099058,190.32831964237585,5729950
2017-12-13,190.12779160822993,192.9529985425065,188.27955798523024,190.13563259867016,189.8458276856128,4217071
2017-12-14,189.16187692198443,192.05442922426656,186.02960372204745,189.54537796350976,190.48334290065677,1245258
2017-12-15,190.20445802076844,190.60243030780603,187.2846801242012,189.2567023677567,188.88272832255515,2599367
2017-12-18,188.2787909060277,192.9719134186017,188.0479731702604,189.8998707778018,189.40373542315328,6192203
2017-12-19,189.5618830797131,192.25768472448965,188.9204183170476,191.13115247524456,191.26091246264244,8392300
2017-12-20,191.59970111149804,193.201355048509,188.3859825334793,191.01910345983754,191.6592584525151,1834337
2017-12-21,190.54653041752337,193.43771264820944,190.18887991431055,190.5963114552601,190.0102637665276,1153306
2017-12-22,191.7314403826047,192.06900029521583,187.49376532287002,190.62423667439066,191.02340910574316,9314286
2017-12-25,192.84510028630757,192.41094398406995,189.58700921094533,191.25284068359377,190.41401831479993,2997055
2017-12-26,189.4125425641324,191.58039483124148,189.5616955388618,189.8363831277342,190.63167369172064,5657399
2017-12-27,187.92926737982964,190.63606841607952,184.61835151529476,187.56759943487094,186.7818317116579,5657684
2017-12-28,187.04706585304703,190.52319412337928,185.63433176879545,187.0444598456533,187.81925668604745,3185256
2017-12-29,187.64130251283788,187.87723220453512,185.4780764029715,185.85114468001314,185.8340598478934,4435978
2018-01-01,186.5978667346881,187.82272686704027,183.02072423911585,185.37040174263979,185.27417802988944,1493467
2018-01-02,186.7755070471228,188.59664779202848,181.98913169073546,185.2500186840963,186.1268201373039,9699149
2018-01-03,183.91608975914176,185.1884443308598,181.5426014682668,184.82416753534727,185.73051600950308,3803022
2018-01-04,187.3194877611257,187.16877582756996,182.73570099064878,186.30403233009196,186.58382023443508,6211562
2018-01-05,185.7826475617823,189.30461397431117,183.41888801501048,186.65817435496825,185.96216203262674,9702027
2018-01-08,185.89682433415553,190.06662037138636,186.97803953398986,186.98604597485308,186.997583174053,4724050
2018-01-09,189.30285377533895,190.85183436166318,186.20871440795221,187.63565037917044,187.69037075331934,2128298
2018-01-10,184.730987199749,188.0727653237671,183.47065428627545,186.52421452166365,186.55116060826947,8898752
2018-01-11,189.33677564258244,187.92591030764882,186.21661024126377,187.5907235693579,187.72108381205922,5749708
2018-01-12,186.2267915357329,189.18440794117015,185.2860400538678,187.5423565430964,186.63976152988687,3904040
2018-01-15,189.44285640860429,189.10890508760195,185.95756953447216,188.24023442061159,188.63784915041194,2622230
2018-01-16,186.35684742355116,188.2859893660366,185.82915055819325,187.1957744478454,187.5933676062694,8360888
2018-01-17,185.11501271771215,188.53714222034836,182.31075008010822,185.66941294210332,184.95545793109116,3820507
2018-01-18,185.45812285119126,186.79643809603132,184.63751018438356,186.51469986040235,186.64570674566374,4635999
2018-01-19,187.2381897891317,190.01231155278205,185.18097125303694,186.91850664677384,187.04628634810888,9733878
2018-01-22,185.47863456206707,187.63515643786792,182.33222635233628,186.0438523526903,186.3832901430462,6317017
2018-01-23,185.7845753441587,187.40942624597247,183.37364552408525,185.20158653168954,184.43373647972672,3952589
2018-01-24,184.549193327362,186.6885603648983,185.68951252611444,186.3544185763783,186.5901630791139,8233751
2018-01-25,183.57891469298212,186.44193071804983,183.29207274758232,185.19240394378494,184.78637321077224,6803587
2018-01-26,185.36630800727633,187.19770887054085,183.82029053322057,186.86247415731486,186.875560118621,5992593
2018-01-29,185.68792460754622,189.5659866132918,183.09949728123865,185.98925068294096,186.49760311055527,3200205
2018-01-30,187.83020571199137,189.6686289756146,183.71118465270035,186.65503986882334,187.03888837333034,7466557
2018-01-31,187.80058737166613,188.06690503239804,183.71495993644027,186.35381865334836,185.64362987401861,9867738
2018-02-01,186.0300751145109,187.82060712639785,186.03370796295226,186.98440334470467,187.1549046748348,3470294
2018-02-02,186.74503761150726,189.94887088333587,183.25267009998896,186.46768660286443,187.34243734558126,1342033
2018-02-05,187.3323922350879,187.61648041982238,183.0027436021825,186.3322909570661,185.6927415863876,6965293
2018-02-06,185.61336094220667,187.0007593096818,185.6768037812031,186.4006073927358,187.05842834778798,1185070
2018-02-07,185.08837090174225,187.51432153613732,184.94202033691775,185.4258171972283,185.80139363081244,4385191
2018-02-08,186.28331587542507,189.70854110661594,182.5610022153663,186.1940388029224,186.7042166376829,8811959
2018-02-09,184.35208763147668,185.72244882553397,182.48312449990837,185.70822249672477,185.30330118175925,5842484
2018-02-12,183.74834760079656,186.39049644210496,182.1929883279835,185.50701984165875,185.11353891579705,3412712
2018-02-13,183.25864293806544,188.00369154972188,181.26862856631445,184.54006772732419,185.28933630600025,4045023
2018-02-14,182.46689152871852,182.62790180612993,180.03333569785605,182.00513132880286,181.750018434732,3245456
2018-02-15,180.2908229215223,182.25334801057576,179.49064758783365,181.84150082647665,181.04688145453173,7874792
2018-02-16,183.13784903771221,186.38301277057766,182.27150767231504,184.28151350836353,184.46689463625927,4862525
2018-02-19,184.49327117154724,188.2839491102036,184.9039557932385,185.09351505653552,184.39907689229403,8913677
2018-02-20,183.53891296849545,186.86792824528592,182.3417748846154,185.1016519370751,185.6506564795044,2730404
2018-02-21,183.72627094089188,188.54338383581148,182.99778253407752,184.86615836814082,185.12819957101604,1900441
2018-02-22,186.43702898424092,187.42781609339434,182.52058581695871,184.9160215212268,185.6089508662674,1485679
2018-02-23,183.7072286460637,185.7653417843383,183.62583934081218,185.49053789667602,186.01888404342793,4151986
2018-02-26,184.902786329194,187.9974387040926,182.52394066380197,184.33712234164113,183.6221038030318,3415255
2018-02-27,185.0500473454223,186.99195630477487,184.84157639711785,185.478841296584,185.2582525652727,9947798
2018-02-28,186.8646384308193,187.29203118046138,185.18356948201497,186.2216198722992,186.73291041721558,4685470
2018-03-01,187.29885171574182,189.05330506800945,186.3731979886957,186.9672028582811,186.8126585229233,6112593
2018-03-02,186.39656627837078,188.57382201619947,186.69958914475134,187.43307585736483,188.3184450147765,1380929
2018-03-05,188.78198709335487,187.80427099926553,183.83181204272145,187.48008977533277,187.9220561824298,2823821
2018-03-06,188.15001503942344,188.1857239935354,187.6040894405641,188.18034827157356,187.26861432742535,5207939
2018-03-07,190.017452832532,190.49718244687537,187.78279691479312,188.7995596655889,189.516970978048,2649382
2018-03-08,188.11863438707687,191.6274380081348,186.2467131133146,188.47291621492187,187.72054135157322,7309997
2018-03-09,189.7484189494369,190.07777792015398,185.6333346346321,187.92671170229895,187.2511597578007,1069064
2018-03-12,189.07330800593354,191.81410311974454,187.47685018596067,188.05596525783488,188.49694220526024,4366854
2018-03-13,191.39956762162183,190.7202909271013,186.62209213724336,189.63238266960406,190.32448124484702,6267826
2018-03-14,188.47466095014065,189.4775434943734,185.4617038002401,188.4206728542241,188.48916306769246,2936249
2018-03-15,186.88215992037286,187.57794567102238,186.0930689760597,186.98054484874564,186.58610889004777,1942060
2018-03-16,188.12898254966308,187.78686745568297,186.09209390780768,187.17270295025614,186.89440623743965,9754197
2018-03-19,188.6751862062604,188.31901734923113,183.73820482324368,187.2509879123861,186.95679662993894,6096145
2018-03-20,189.19182545581342,190.42411154887193,184.35625607005286,187.4517268370305,187.12683194963472,7669211
2018-03-21,187.06436417310982,191.1237063355992,185.10322516773365,187.723077295213,187.2404594197282,6112643
2018-03-22,188.6475773799821,191.18438104466892,187.21885286640423,187.52727230085213,187.73142779384352,9817571
2018-03-23,187.95051564240012,189.92279478331488,187.46312224283247,189.04453299972823,189.80147736431564,9388234
2018-03-26,187.64190367265525,190.77538138823894,185.37396836233722,187.47102628152567,187.10936170145544,5163960
2018-03-27,185.47467206480457,187.89543358490417,185.9702454898916,186.6699265170194,186.085078992317,7306383
2018-03-28,186.02457407286923,187.01517654417464,184.92134058119993,186.59406901714434,187.22583486161005,2184169
2018-03-29,186.57411602099438,188.19699170777284,182.75474283565399,184.97827746626416,185.4255241069445,3160418
2018-03-30,183.5215604746808,187.1812461252472,183.61964086283854,184.82982032210606,185.62613563341932,4127736
2018-04-02,187.01259257245388,187.13319555948027,183.60547169142149,186.51868774810805,185.89481954818194,4307553
2018-04-03,186.9138154404328,188.17081781605418,183.43096883383794,186.56697149667798,185.90326194728607,7474056
2018-04-04,185.40795798916017,187.89840843980153,185.61590242926022,186.82506966267061,186.90247015744177,3716411
2018-04-05,184.94636315995913,188.32717016225737,182.47933591730518,185.592302157772,185.80468221222372,8013500
2018-04-06,185.23637378137084,186.6810083334746,184.62009780063306,185.0033380100065,184.96665821563425,9044665
2018-04-09,183.5002548392858,188.3090593174894,181.56171252695722,184.65553888995652,184.83828626558162,7704674
2018-04-10,185.4737119908433,184.56708246859142,183.801983711466,184.36522105347427,183.77595250782917,5504888
2018-04-11,187.4276083389062,186.99260606029583,185.36631335173158,185.67426210875203,185.6364100972245,7000266
2018-04-12,185.19677585216746,188.05451867170896,183.86861703069164,186.25935042975112,186.5538126068351,9244235
2018-04-13,184.01576638045069,187.03864776858725,183.42746696429592,185.17528973308805,185.05067870551264,8530620
2018-04-16,185.28204668154567,186.6209926300575,182.08184021051864,185.449191771794,185.7819754057219,7887210
2018-04-17,186.89637279124702,188.68721712735464,184.62392994015394,185.97481078056478,185.88403885693037,1865356
2018-04-18,186.3249215476546,190.41640166298,186.0675900509522,187.14235707936,186.8309514127583,7412867
2018-04-19,186.93783884857444,192.2939659301046,186.86001780090967,188.75029502620237,188.3795989731627,5738283
2018-04-20,187.91739193893943,190.78592657738193,186.05040528602308,187.76259809464847,187.59530548575663,7921095
2018-04-23,188.6866334537137,190.15995288289852,185.6911206610944,186.9791378437121,186.08741493191607,5190613
2018-04-24,185.34505303034015,187.79422155519822,183.1717227884503,185.74895724507144,186.06199093243092,4028210
2018-04-25,185.2459662207498,188.6070792399999,182.72371712678714,185.54233464623843,186.1826517095091,3549196
2018-04-26,187.78074312451722,187.16534389381619,182.86237422754473,186.03609028095875,185.7656442111329,5645140
2018-04-27,187.7788523324916,188.54153765832405,183.4113495047128,187.05082205782182,186.20167330710478,1613595
2018-04-30,187.82198122881195,188.18753734317525,186.00496203878248,187.00226829445327,187.91254970306812,5438940
2018-05-01,186.9439596317332,188.45513411850635,184.03578435528794,186.70981803147242,186.26861947421992,8939172
2018-05-02,188.66295784658232,187.95640690938868,185.41532294718394,186.88897328399514,186.19116933186373,1846677
2018-05-03,186.7841177882882,189.6599843964374,183.56138275153185,186.08122764263908,185.83886151050154,6088889
2018-05-04,189.68505239308124,189.37569931441766,186.40658602375464,188.19816362460784,188.64712359427742,3142714
2018-05-07,187.3620531617469,186.9838371736595,182.90878287029005,186.61789985776375,186.23331133892552,5353610
2018-05-08,187.70857166529498,188.79854311678525,184.10642142679023,186.83003769693346,186.96960572097706,6590346
2018-05-09,188.08929311153744,189.09673984417586,185.28289020568639,188.88104117643707,188.7215500147605,9797522
2018-05-10,188.1727209094297,189.33290405334205,185.76046885331414,188.915238281271,188.19313621648357,4367663
2018-05-11,189.82087825412293,189.58080284367904,185.34409830163412,188.7525965065435,188.43225883601355,4424420
2018-05-14,187.6564459628687,190.17242949214645,185.35344953281765,188.42254834400705,188.84625508134755,7200141
2018-05-15,188.5059077871084,189.90091311776536,186.54064022941213,188.26955392251864,188.48042316040036,9644252
2018-05-16,188.71899371797045,192.7033475625447,188.71466634742177,189.66979965746913,188.9486340723399,1589522
2018-05-17,188.67392971326268,190.25814807065788,186.0967429633341,187.4853350064136,186.85411389837495,9211159
2018-05-18,187.57350144398157,190.65804274720296,188.9696543240995,189.04616596798388,189.31221698799254,7522600
2018-05-21,188.88601671929322,188.90199533775584,185.68306384658453,187.64960607580772,188.2377288661617,8006583
2018-05-22,187.79540356628718,188.5965415249208,185.51728981429883,187.4103510068473,187.12825063136768,3063371
2018-05-23,185.83749225760872,189.90337711201545,185.0439777753666,187.00850384682258,187.18674305785018,7494290
2018-05-24,187.78219170226942,187.8198555129744,183.96941283423897,187.62445437686728,187.0065012073082,5796846
2018-05-25,185.24438924338884,186.10143759888535,182.66213899342063,186.05372728525748,185.70278592952783,6369538
2018-05-28,185.88467750271488,189.51136669057752,185.93996851419442,186.5432972116134,185.64839343556943,8600496
2018-05-29,188.03498270311314,190.39475254984725,187.2036160819048,188.59500409517423,189.10095912991312,7479500
2018-05-30,185.62377734263632,187.74940136846223,185.67143321891714,187.25922735085538,187.07385910420902,8627706
2018-05-31,189.29845704855242,188.35959152022463,186.12450300746417,187.47633077873977,188.06899140487943,2238984
2018-06-01,185.09116810210742,190.32635919360118,183.85789826315934,186.84174586121713,187.2310736048893,9971899
2018-06-04,187.90372746350823,190.51464304541213,185.33203730227018,187.29503032768415,187.91075199988083,4212914
2018-06-05,186.85908705872131,190.0010203549689,185.19801374581974,187.34157536537387,186.94002494031133,2226680
2018-06-06,187.27276840694807,188.52837981280354,183.54186417356382,186.72748571660355,186.13949716619038,1577823
2018-06-07,186.70442579843717,189.1912918496658,184.2246711019785,187.24275526174858,188.12636446418233,6087574
2018-06-08,189.73153696532628,192.76237810186362,188.57454407870893,189.07450063180931,189.485412059891,9645261
2018-06-11,189.77709625989138,192.55988719289442,186.21366782471637,188.910994100356,189.54203666941163,7176755
2018-06-12,190.38094652523722,190.47469987929648,188.00646909583563,189.65814930277813,188.73476706978352,5811331
2018-06-13,186.9377420045814,191.44839027273702,187.2820820699166,188.39227360518095,188.11809054268824,5465753
2018-06-14,188.05146875339193,188.2027494522135,187.27570068960426,187.46323448863689,187.91842651067142,3425732
2018-06-15,187.13595385462472,188.76578108830418,186.13133987399627,187.96303802679125,187.16980173868464,7467552
2018-06-18,187.68894833776315,192.03659980151994,188.12762720357344,189.4745513156012,189.60214334500816,7997439
2018-06-19,189.53416110494234,191.39541234775365,188.90252887455642,189.85756192466084,189.7229012102103,6528269
2018-06-20,189.3199339474855,193.1037940397105,186.93809634525329,189.57190115441165,188.65743759614398,5653129
2018-06-21,189.47411505958902,189.93611222443988,186.68072293366467,189.598589820109,189.0980032375468,6441985
2018-06-22,189.14725676280568,190.30275812517394,187.4533319971113,188.37557934641325,187.97018000901778,3236711
2018-06-25,188.2848928890134,192.47964094815362,188.82057321325695,189.00749193304256,188.27387815244418,8173447
2018-06-26,189.21559401868416,193.35135735567286,186.69336715017351,189.91722225563996,190.1670335008641,5940077
2018-06-27,187.827087894908,190.0857515139046,189.4547832520646,189.49252918308085,189.0043924035612,8594568
2018-06-28,189.75625488094144,190.4361405912281,185.5066641246391,189.04988429559532,188.6294742169298,5959784
2018-06-29,189.60000791475127,191.68768782903487,186.9664491838398,189.34315978552132,190.09719733083904,8460749
2018-07-02,188.3648634845298,189.53613905430288,187.71768291347834,188.93383730975472,188.8717217071911,5855279
2018-07-03,189.67028581725725,192.55219489307623,187.9639325582178,188.89510195540285,188.69133730863928,2648868
2018-07-04,191.16494420942453,194.51696997356828,190.98781536505484,191.02222100484335,191.4498644344187,3894463
2018-07-05,190.68522968312413,191.43968310414854,189.90402142756167,190.8025925643713,191.58414630832527,7474524
2018-07-06,190.51478976288257,190.93318328408859,189.9469829366925,190.47164967262407,189.56697854691,1528878
2018-07-09,190.36922306332752,190.1758037074986,187.52709155941574,189.8515051272629,189.7532357983771,4418782
2018-07-10,191.2330981908271,194.09031366671445,189.98814565004483,190.62309435903677,190.83426920796543,8319391
2018-07-11,189.66532645432278,191.20685515032991,188.45551268797772,190.46926744609266,190.12368590821634,2211624
2018-07-12,188.48321367856602,191.42790299297263,187.60665157702653,189.84729166804522,190.3644503507908,8623750
2018-07-13,189.88298958707207,192.91236461154324,190.0563053914102,191.19599296059218,192.09743822667693,9422038
2018-07-16,193.1800467751536,194.95089883602702,192.50789289065455,192.64299322537977,193.4972249765048,4927651
2018-07-17,193.50232211316728,192.34553102192618,191.92685988757088,192.06996691991503,191.62048966071526,5596997
2018-07-18,189.88649227750633,191.0935538026102,190.1305827344388,190.2308242288284,189.71023528030122,8917092
2018-07-19,190.0015457890112,194.82897905226253,188.43835072196407,191.26573517893928,192.14075780647104,9038750
2018-07-20,191.58671497278652,194.071516419561,189.39619554042926,190.60850261345325,190.52964499283783,7504465
2018-07-23,192.69947156977847,194.41772055323676,188.3778659162259,191.42652547289,190.86812993946572,7132062
2018-07-24,190.92610321014683,189.55734335768128,187.84769123119426,189.48381891545216,189.87604466717812,3288143
2018-07-25,190.810635743392,191.64908022935657,188.67876219577272,190.40381351402544,189.99334158957708,1764173
2018-07-26,190.585180285417,191.5964863709117,187.27908552562272,189.22003884501862,188.7796234808351,7032230
2018-07-27,188.13698834336674,191.02380304740083,187.2689915686492,189.9782002243591,190.69869073076637,8451715
2018-07-30,188.52721051036153,193.47666147347687,188.9804509692557,190.0198705524695,189.37851387662872,8190324
2018-07-31,187.5525054423823,191.4906137567741,188.63350126107045,189.09332839334684,188.26962451710367,3890653
2018-08-01,189.51611762743053,188.98508497895733,186.61497671651532,188.71368934069403,188.27811255644343,6873983
2018-08-02,187.79674494126473,192.87121645545065,188.18863460426712,189.42740505792472,189.6299889782926,9493334
2018-08-03,189.54691332954417,193.19179507267827,187.88311753663058,189.56069677131393,188.84621948000944,1856495
2018-08-06,190.06869906185094,190.46808232069085,187.71187746350626,190.17250701206035,190.11848788820416,2468073
2018-08-07,191.44877875811267,194.22248573850547,190.27715928020558,192.17634485684982,192.42105666131152,9690185
2018-08-08,192.05177763706044,191.79616481006258,188.27450762808888,190.63950050541274,191.30433096616994,8552171
2018-08-09,191.01670116916884,193.79484458722075,190.1912900755793,192.28411034065533,191.764692487339,8207269
2018-08-10,191.84809352357493,193.10721842322477,189.56889238347856,192.41586353845253,193.02648820699704,1660492
2018-08-13,192.59479748063865,193.75900711648285,188.84011154923292,191.54447675040336,191.03670433538912,4990176
2018-08-14,188.45489655230296,193.8865101245108,188.2090580137477,190.24156038493834,190.5778438112311,3271463
2018-08-15,190.73732493307367,191.99231641417114,187.49892174010415,190.0798372544353,189.94806169193484,9973787
2018-08-16,192.23770672193882,191.34566622669516,187.69138229709327,191.02888462663373,190.2928145016925,3452639
2018-08-17,192.57937978023213,193.29625414481816,189.27807258275516,190.92873276653017,191.33782328087761,4709566
2018-08-20,193.91578081172858,193.7769208774913,190.87841719820167,192.46728495705148,191.9240703318389,1773380
2018-08-21,190.35339669418164,194.31388551816477,188.12342326215887,191.0435065272739,190.4257165810635,2337916
2018-08-22,191.38882744941805,192.71979667678303,188.83277392599055,191.05881483970182,190.7881283061651,3309753
2018-08-23,188.22893884824666,190.56596824263372,189.5642288907609,189.83381865556268,190.12481538081605,1840281
2018-08-24,189.30366496401118,190.95190855825868,186.8308103503813,190.2248477984616,189.71884300510254,5536929
2018-08-27,189.58793279896585,194.0779508200485,191.02145533971716,191.1391324488329,190.5344858584586,2000609
2018-08-28,190.04072307022352,191.75896212318483,187.89069916201913,190.7457679154258,189.81102519565107,9477523
2018-08-29,189.58092300916974,191.05634138299095,185.31332135707814,188.16895131907265,188.1155924322624,6105526
2018-08-30,187.81943575436,189.1710607462235,184.80406381164977,188.3952967261431,188.26086833472718,4736467
2018-08-31,189.09323335031132,190.07450263911437,188.65495666511757,188.8594325381506,188.35681666898316,5742440
2018-09-03,189.03891626984395,191.0533756029475,187.03153042588028,189.29112455338628,188.44622771522052,5601189
2018-09-04,190.39773134311477,194.14890457906625,188.92376676225945,190.55430400548238,190.4194980296937,1342533
2018-09-05,191.29042565874497,193.0421080997358,188.2574782783325,189.51064758610732,190.05682695847545,3951545
2018-09-06,189.44275810083872,191.00527711948516,189.87465616239646,190.21826095183172,190.6277668781823,9290729
2018-09-07,191.92566098253113,192.8097016482475,189.28389627243857,191.43816572458368,192.12886484376,7391547
2018-09-10,189.38371399226926,190.25375776330182,187.86961967391022,189.68697540085114,188.7567176343321,7001192
2018-09-11,188.36608133950375,191.9723148280499,189.63664639783406,190.0340244870441,190.92037988575285,2212930
2018-09-12,189.51679355369336,191.30337707599958,187.2352054829503,189.55724191631037,189.25662735637377,8730858
2018-09-13,190.69070725127523,192.91705366361467,186.70622818105468,189.50311650348272,190.4324356103414,1739896
2018-09-14,188.3544290443186,193.40994500839946,186.96440194289332,189.87819024729504,189.4084685560617,7367561
2018-09-17,187.78781482461395,190.8714530584319,185.98847287241398,189.41835894345544,189.36444363591013,6071538
2018-09-18,187.46236823328388,190.6265560279352,187.22413189152886,188.7700481245678,188.49430732934235,9461909
2018-09-19,189.83013971218494,192.21635226102242,185.23219272791366,188.8315978023298,188.55922845579488,3042312
2018-09-20,188.612949225271,190.80128784558235,184.52168526103108,187.77174912374096,188.41445820749794,8439453
2018-09-21,186.9561149265909,186.7269748958238,185.6061053934649,186.71332125512976,187.173418241715,7074211
2018-09-24,187.30099159312576,188.61980365636484,186.8230349687211,187.42009179836023,188.34248247005533,5232486
2018-09-25,187.74558687393605,187.87021484081984,184.6764454969614,186.29869502347555,186.51017139603832,1563397
2018-09-26,187.9898141332479,187.85150879074118,185.48936466704805,186.99240478465873,186.92369742561647,6902414
2018-09-27,188.65206693493144,188.2307166215959,185.32364867270144,187.48239333778668,186.71385400512239,3507429
2018-09-28,186.94796623608966,185.92437899254764,183.6163075017434,185.78398386927003,186.70651545680067,7922790
2018-10-01,185.6622519079046,187.5160063293695,182.3568574226784,185.13381647720834,185.22921714163752,8571074
2018-10-02,186.19883917547415,187.33372694074382,184.45490901925044,186.35532314052972,186.72892357699473,5784116
2018-10-03,186.75379131677906,185.59565983514807,185.01286925734473,185.40155486966398,185.22865380548234,8156700
2018-10-04,186.5404732553334,185.8190075424006,181.78947849124293,184.9645478676286,185.05280501152416,2778557
2018-10-05,183.68776448273834,188.42836912190884,184.30506436365113,185.45400602115444,186.27478415470736,4526814
2018-10-08,184.5942030095608,189.43684292739934,182.64642336764206,186.26479379071102,185.64345064464845,1897004
2018-10-09,187.7475502076033,187.8380513508331,185.6021167352802,186.0406521649405,185.6543807667553,2994561
2018-10-10,184.64393640828052,187.0139162624969,181.91599199787797,185.47053923052283,184.82521253143258,6819106
2018-10-11,188.31611295333389,190.57592059164077,186.58006725601183,186.92030635249532,187.4665172150979,3783788
2018-10-12,188.26694585114794,189.44348056366672,187.81473479449951,188.68660327656687,187.86024135456807,1326994
2018-10-15,188.2477786094638,190.50990094738407,189.5161409402778,189.69285858762265,188.8992437047998,6631217
2018-10-16,188.21288960634428,190.91353433178904,187.12888587994095,189.80557399046165,189.42310458461316,1423817
2018-10-17,187.72613566453697,189.6778135534163,185.81015616324984,189.02470552909472,189.0515246963006,2017069
2018-10-18,187.28014803011428,189.6497548233597,186.58762680530361,188.2216583828121,188.04524725810276,4585256
2018-10-19,188.7282215813164,192.2103618845395,185.26599835531673,188.77156974835185,187.91231235276666,1965411
2018-10-22,189.9799032664012,191.5460551715827,186.98346852841402,189.21736522951448,190.08301870146536,7443586
2018-10-23,192.5009634555898,192.2170832918053,188.24418972615413,190.6463610827349,191.50974034375042,5013817
2018-10-24,191.10038491476467,194.89971654804435,188.08922524431281,191.32420843554502,190.90206366752233,2315741
2018-10-25,189.91757308382347,190.03254265545695,188.72158376874424,189.84852539405915,190.28807336055607,2369851
2018-10-26,191.01117478012796,191.73082192837106,189.57508627838652,190.92787027205605,191.07789263156755,9562630
2018-10-29,190.10702370550734,192.1070992819057,186.51536498180656,189.9572069050156,189.45852496737353,1526919
2018-10-30,189.6679056896362,191.93481623206884,186.18416791208233,189.6006328933372,189.14970865023892,2710281
2018-10-31,188.0127707555242,190.02845254673403,186.1699739294247,189.87823035986287,189.86143216380054,3465696
2018-11-01,189.98890207075587,193.44816830235828,188.44001629182267,191.90129510992082,191.74630975468386,6635347
2018-11-02,193.46919887737005,197.57081267775712,194.54176162662435,195.03861092620014,194.6314275079611,6269724
2018-11-05,194.1134410925345,198.4045986539477,192.449123628375,195.6727312456103,196.27444758499757,8083250
2018-11-06,196.318148187004,198.01227500425895,193.91432465097805,195.51693188716388,195.4806887524671,8861750
2018-11-07,194.92164038569402,197.33594806614065,192.1933312881565,196.0788347959184,196.38245907235503,1660959
2018-11-08,198.54901280086244,197.36234533617335,195.133158219128,196.9938874820662,196.38177527060995,4761082
2018-11-09,198.38675970734218,198.38088275256183,194.52181913258846,196.700617116783,196.76652689573433,5378647
2018-11-12,200.41274334384775,199.0344406576441,196.4197732311855,198.5232257329693,198.16186591472416,8674352
2018-11-13,200.526311480418,202.54807951757385,197.50159155241315,198.78069375243467,198.83319891042268,9668013
2018-11-14,198.39655433643222,201.1999206176703,199.00678730174278,199.30583410180003,199.86553637145303,9769925
2018-11-15,200.03826282783393,201.26818695377267,196.4165658180257,199.99915561412848,200.53697976364586,7867440
2018-11-16,199.14705053695425,203.52022399172841,197.23024202040654,200.4481394850169,200.15592754638274,1801573
2018-11-19,202.54736597893333,203.3193624579797,200.7527020279574,201.3144772457605,201.70558520841752,8235712
2018-11-20,202.28397745795817,201.96925056080866,197.6062909770928,200.72462131948754,201.6103989013374,2137660
2018-11-21,201.60023319418343,203.44473363165315,197.68790542102116,200.1937168258155,200.44529892830226,5287523
2018-11-22,198.85559911044922,202.5743232260386,197.49157777775585,199.1209598531178,198.4208707160509,5737384
2018-11-23,200.62042167709518,202.27434351516374,198.5738676015706,199.58785834401198,199.9465349484495,7415574
2018-11-26,198.7813361637958,200.58242005752194,196.94849900776305,200.39419210779806,199.60244344476942,2247518
2018-11-27,199.03225548898686,203.154613813954,198.06629481480633,200.87936223422395,201.62685525021456,9782591
2018-11-28,203.6072709247332,205.67383670509673,200.3620151960234,202.58125192784544,202.6150029688184,3910576
2018-11-29,202.30058818281051,203.15617170958913,200.13304424761523,202.60305316929038,202.37034479420987,8730644
2018-11-30,205.3140873883558,204.2289636653568,202.9289184602851,203.29919208515685,202.39859007108913,9418178
2018-12-03,200.60590349453284,205.8043144522545,200.31802626946615,202.2348884692915,201.99379158790657,8535801
2018-12-04,203.31103411441725,201.95642755393658,201.0931203742988,201.8751860270911,202.68916023801972,1208345
2018-12-05,202.51701317867273,205.6481431205923,201.7537582084585,202.59812104493085,201.62764159592118,6715004
2018-12-06,204.80595565293106,205.40263723309968,200.7834489618303,203.47462041594795,203.42303585122605,6204229
2018-12-07,204.49690706541057,205.02380471890945,199.5045590019847,203.20805072855774,204.0841986810621,1513852
2018-12-10,204.85413945778396,203.1926839140606,201.52327379821813,203.16384873697365,202.95020366480296,1367533
2018-12-11,200.8580068520799,204.97838833967006,200.83542232114738,201.6733722505668,201.52852173737594,7515222
2018-12-12,203.15502599433566,202.79271013705122,198.73131761287604,201.34374031003418,201.50191606356174,1675918
2018-12-13,200.85243332742982,204.44904231277664,198.73736839705938,202.26152073382792,202.18655722109662,8634435
2018-12-14,201.16805226372082,205.61212320516236,199.82798226377318,202.86412301020846,202.19183473746688,5966908
2018-12-17,203.11400860367243,206.25037330174854,199.85821734756217,203.39218599186364,202.4129655784411,9803274
2018-12-18,204.80543020527787,207.3596098956416,201.2859082618515,203.46935693931857,203.69279001365223,1692289
2018-12-19,203.3956393306775,205.6664115341925,200.44362364001884,203.50381735822072,204.36017482647645,6580146
2018-12-20,204.20694712864832,204.49272272796557,202.3025930329834,202.87089347902125,202.07232087863957,9326319
2018-12-21,204.5323905988711,207.4805453772113,202.1789649922112,203.59711915949777,203.0086272228875,7782182
2018-12-24,202.85969282124879,206.66588330679147,202.45577436620047,204.0454893641611,203.7806984834623,7990378
2018-12-25,206.40141401574527,205.7847274613936,202.4730421524424,204.56490547242788,205.19648372137843,2250283
2018-12-26,202.2736729359379,204.582409621655,200.27440498158492,204.06626789003428,203.5954060293153,9667139
2018-12-27,203.54889688002174,205.34323678088867,198.40920764851242,201.940322230437,202.7118441255331,1022319
2018-12-28,202.27065888168215,204.53579942017421,202.5185241644711,203.06487220246464,202.16114797937567,9848716
2018-12-31,202.61403207949343,205.28983274637375,201.91324191906713,202.61343200673022,203.50686935072386,1411200
2019-01-01,201.46469974326916,203.67806191609876,200.3347732239655,201.7780535029611,201.90062777425467,2207108
2019-01-02,201.16986665553515,203.30459102492924,201.3214232420995,202.49892967514904,202.8204527746497,7937589
2019-01-03,201.56084657769264,204.5667444965896,199.64898819420318,202.13431429550388,201.86686941914164,4577418
2019-01-04,201.97360054218152,203.46829020530856,199.55237521687823,203.2216479398245,203.7947213739362,2168823
2019-01-07,202.65870125087767,205.55138105100383,199.9424796165647,203.86605114967517,203.18629293052197,3759708
2019-01-08,203.29659814903562,206.8135148172452,201.90277487692484,204.5770177331496,203.65419499795743,8323800
2019-01-09,203.19381746827824,205.01088958611376,199.83153558770357,203.23845928222306,203.02610952718388,8375596
2019-01-10,205.69620754262297,207.53953732211835,202.32995671317144,204.4778005278834,205.20102974439325,5517940
2019-01-11,205.04890329646642,208.157073367736,203.91328093943622,204.76644831939126,205.28845294858726,4823322
2019-01-14,206.03219018386773,207.5777890918569,202.27938439626107,204.42456844041902,204.45963945905285,7511810
2019-01-15,205.1540815280362,204.75417314411246,202.3240077393622,204.59535416803521,204.742944647337,8915864
2019-01-16,203.6146558520531,203.63408309097613,199.83441758893787,202.84651619541089,202.0957666873686,3395217
2019-01-17,203.96399882284226,205.46422529839296,202.3885986986414,203.28256626716552,203.97511238068105,7578176
2019-01-18,202.07612353277895,206.06251913472988,200.79055117655057,202.28059201925743,202.86105576481398,7422694
2019-01-21,201.71629186194997,204.31109909521865,199.4922538697183,200.95531899368785,201.26975457285405,7437180
2019-01-22,197.74383213708822,202.82140174529886,195.63295378071464,199.46035706774393,199.3929215880847,3636673
2019-01-23,202.04416999448006,201.81691666099525,198.81933159146166,200.60044270300784,201.5321500513517,7555485
2019-01-24,201.10981723443962,201.7163559321199,196.97822219687077,199.99857656958903,200.75663511808563,4723536
2019-01-25,200.5326740681775,203.4572085448595,198.53303518092946,201.5597015397795,201.85081521144,5169065
2019-01-28,202.1290627901253,201.68409255693072,199.98353727990144,201.0512973370012,200.7935515797387,8540052
2019-01-29,197.42803472007986,199.49521853275687,197.09104815260696,199.3713366396822,199.60663923422214,9531449
2019-01-30,197.1609099731899,202.03728944098992,194.73572238773355,198.28220946000752,198.43179539596963,1436363
2019-01-31,197.80992090768788,200.5060802124084,197.6489477858207,199.54541834028845,199.33438307248528,6904689
2019-02-01,200.5345571804415,200.37391483701583,195.6474690242976,199.41691742262574,199.03139261639052,4581123
2019-02-04,199.91387443001415,199.22770263764602,198.04292958935113,198.89602738640912,198.71107554627108,6999676
2019-02-05,200.3322376610823,202.78045327235196,198.788165870579,199.08344287253587,199.23058824434264,6996903
2019-02-06,197.63438869147967,201.9270797907298,196.05371395327475,199.61262286897738,199.46917094757632,1858418
2019-02-07,200.76236852567826,203.43567090070928,197.35385315732918,200.7574189451538,200.28277718993903,6023735
2019-02-08,203.06180950222262,205.92033975902908,198.218620605768,202.23331543532072,202.7610702048984,1089567
2019-02-11,200.5094473012838,203.29656481748006,199.15754031718183,201.90094404980562,201.96447722121246,2866060
2019-02-12,201.20326089405032,203.09580946636518,196.8442586940108,200.60229362399753,199.7350400855219,5648801
2019-02-13,198.55086759849644,200.37159133086692,196.90485346979267,200.21622572314823,199.9525740008125,2453138
2019-02-14,199.22599529415666,201.25287590950586,197.1176879699985,200.5039034900051,201.27566999677344,4947012
2019-02-15,199.47093842135163,202.88533546353582,197.2958981407595,199.56754182406846,200.0769110952212,9241882
2019-02-18,199.24786501481694,201.68397157627476,197.11874700935786,198.6377881694474,198.2866894905554,7243721
2019-02-19,197.59946888201665,200.404594151791,195.28926446093925,199.00897331127123,199.88099710337798,7688435
2019-02-20,197.73498439703803,200.48733196041132,197.26799800438545,198.98771821997477,198.14521000830703,8838480
2019-02-21,197.87132580245677,201.17197039947982,196.90289507061027,199.04791247566033,199.965990525371,7058004
2019-02-22,197.28041392088014,198.31777030686246,196.5473750362766,198.31681440123424,197.81250484146528,4237813
2019-02-25,197.03034176415582,199.06968764294132,195.87584477387273,198.11381094730243,197.14125871973744,5878512
2019-02-26,196.80340755021237,198.0383120114216,195.3611432946923,197.2169750633081,197.08643327519454,1382314
2019-02-27,198.74399166374636,199.12715735731945,197.94449010214015,198.13457073470687,197.85514240095821,4484195
2019-02-28,198.95033940245463,202.40790135495283,195.68318644563564,199.19721732970459,199.27508154035837,9561300
2019-03-01,198.46785264627965,198.4824584437808,195.62415167123794,197.37842672774048,197.96419233088812,2928282
2019-03-04,197.33793448049863,197.22890119265762,194.1620435938466,196.47631312782204,197.14910854290125,4093679
2019-03-05,193.55058245859922,196.9738810537584,194.4643287117273,195.00718113300593,194.81457253944365,6763197
2019-03-06,192.63059005804928,197.74991495316996,194.3713835524594,194.384554458873,194.24818542034265,8642315
2019-03-07,195.79741019767962,195.2665363341684,193.37517656265243,194.3285137493566,193.64482276166663,4592081
2019-03-08,191.28520139092615,193.20926845645866,190.18788458220024,192.90626578993204,192.03345677774743,9684789
2019-03-11,190.66134267632395,193.38048155733532,191.6308728251161,192.0118032370807,192.28295268627204,5272738
2019-03-12,189.20945540756853,193.89180008684968,187.56265246231845,191.03524312527318,190.20316548428556,8746083
2019-03-13,191.76084540988901,193.37651830821144,190.44736077499834,191.2699077149461,191.7171543685733,1104882
2019-03-14,191.68190888572786,194.4927895185745,190.5836014235023,191.36664931225633,191.44145481299674,2100132
2019-03-15,192.52908994617547,194.33166202921984,189.98013817623828,190.67230901919305,190.09759022399984,6140088
2019-03-18,192.35365339263583,193.9025403669212,190.8231515352943,190.8765271516064,190.95196717361148,1698142
2019-03-19,190.0178113863389,192.6560101313938,187.4188690845681,190.35724432729313,189.75380751616228,6400247
2019-03-20,189.62472249143943,191.98879933040232,186.78587791712607,190.11298647724107,189.99651795283975,6094160
2019-03-21,191.0345040169061,191.96755193082512,189.45773775158978,191.81383582781356,192.38843396101572,1245117
2019-03-22,191.8387217387103,196.98475388880615,192.45455831391772,193.1816941398779,193.10812918574814,3547321
2019-03-25,190.52040639959282,193.38138365102867,190.81455895015887,191.90951016322427,191.23533074576903,9856288
2019-03-26,191.34897116093904,193.35353026709362,190.93178403614044,192.7666398413774,193.19810687032873,9198142
2019-03-27,192.11124406061577,196.1870027975714,189.9101024197027,193.60543365614296,192.9990002901145,9172419
2019-03-28,191.48561908122122,193.57898979582728,191.53234119053536,192.48456762766432,192.94373932192195,1313224
2019-03-29,192.58320458656846,195.59572149325376,190.50174961419108,193.33074253169315,193.2908241591183,9754469
2019-04-01,196.69527027517174,197.18324691527226,193.18313706158176,194.8960717103797,194.80591621601215,1940716
2019-04-02,194.1050879357363,195.52858118878152,192.64646233696743,193.80092416440925,194.4820085156146,4475598
2019-04-03,194.79206860384988,196.13674513516014,191.15179627116103,192.91081860366893,193.3132373701106,3819050
2019-04-04,193.46116163032352,194.98371570854135,193.6796581033353,193.95587733078642,193.049930369103,9367017
2019-04-05,194.09014532715992,195.99775031898986,191.15179327261365,194.25476990188605,193.85882878571445,7102942
2019-04-08,194.1500838579695,196.9288537666193,193.88557541571421,194.83364343739953,195.55632167519545,6003187
2019-04-09,193.96361296585653,197.79244245697498,192.36959733794006,195.201629914074,194.26139474420467,2593385
2019-04-10,194.2236426741727,198.68693022148403,195.35231730534196,195.61972309527613,195.70824776154484,8666484
2019-04-11,196.05040979184855,195.85503236991374,190.6087408161387,194.32064822723902,194.76336054440586,9509239
2019-04-12,197.29777419367144,197.92005473977872,194.64107853062927,195.3953631941344,195.63346433494115,6893575
2019-04-15,194.80300421188852,197.18452967217175,193.12154365483877,196.59235044683618,197.1045368266242,2329492
2019-04-16,195.01698299354155,200.05361883077092,193.21090231127422,196.3903569630421,196.83359399076227,2940304
2019-04-17,196.07391925143781,197.8787351987857,192.57302141163274,196.37427727350223,196.75137616325244,4095511
2019-04-18,193.64807956475093,197.7138120944599,193.00803054967201,194.87056703122047,195.4971535814377,5068615
2019-04-19,194.8802303607674,195.49171696648077,192.56937266112044,195.41221904751228,195.69691641567468,8992763
2019-04-22,194.55764484422417,196.81605525575338,194.55840142224534,196.0116737495004,195.82040260682356,4825801
2019-04-23,195.80642618809446,197.88601833948465,195.25424175163778,195.97687999277508,195.9218283428235,5177113
2019-04-24,196.22852005939734,200.59120473884943,195.3817715745853,197.12863061291955,197.55585720921832,5393842
2019-04-25,196.23898392609695,198.89745838420245,196.1694897516979,196.82195064221355,197.56260351018798,7342441
2019-04-26,195.81218695852328,201.0853419975399,193.5365675919779,197.41395382838112,196.9642819570412,4754075
2019-04-29,196.13934255977256,198.3222507993868,196.04358878729047,196.421686749963,196.11149132883978,2353913
2019-04-30,198.32401452452697,198.3522663528888,194.11080733622367,196.42553185936274,197.27161400959542,9649812
2019-05-01,195.60664674930217,196.74864944155695,193.81934620750081,196.2785748617339,196.43267668897357,4417914
2019-05-02,198.01088258866554,199.6862212260205,194.4162908175177,196.5312800440488,195.90033959383408,3156183
2019-05-03,197.53578933558438,197.1581890643703,193.5908766493205,196.18915037548942,196.5103024777276,6286043
2019-05-06,197.85791321757796,199.6130866898032,195.62944872036326,196.0850750400917,197.04738638104948,4016864
2019-05-07,198.08119422841855,200.5260469408258,194.75242894307883,196.93851947180718,197.57552413285399,6479809
2019-05-08,197.15646107809766,200.2369112313718,195.40023963105244,196.52915249484295,197.0121054678386,4159524
2019-05-09,196.34029520740063,196.97835104687064,191.2842266977614,194.94997265437823,194.38080968670678,1415886
2019-05-10,195.05731123263547,199.39100577346096,193.72855311939966,196.72695381885762,197.46692215936727,5480768
2019-05-13,197.98851360456004,201.2208425723054,194.2820063588148,198.13580515782206,198.1869020906021,8622250
2019-05-14,198.79734643222008,197.38679914481375,196.72306574814937,196.87093972299044,197.63733864769134,7572593
2019-05-15,198.65344012388985,199.96288393173245,196.46126665674367,197.5880447885096,197.25180492389603,3152482
2019-05-16,198.934083634901,197.24767815719946,196.34206271394865,197.11246727823223,196.2492153026629,9814815
2019-05-17,198.50736693716274,199.36777600543653,197.35931269538153,197.40335175383726,197.3559275107452,3898587
2019-05-20,199.2074436820115,198.3372984444201,196.76669617302787,197.7249731431247,197.2698846090653,9310462
2019-05-21,198.33382884687614,198.24057387607087,194.8365536165052,197.51796260308237,197.9430791111736,7402344
2019-05-22,197.78672999138698,198.19814102137903,195.85220570335713,196.76159419776997,197.66100433835194,6349698
2019-05-23,196.18935384198792,197.79445557154665,194.1021546675213,196.09845040572765,196.47294775681135,7362965
2019-05-24,196.86596166116675,197.6426412398433,191.7434423786925,195.20965575052037,195.96498814268767,4636793
2019-05-27,195.66901609135488,194.69461627986007,191.70782743003252,194.4052308025639,194.31390702778356,9608496
2019-05-28,195.7022368932225,196.3234552871838,192.83140463947444,194.3654497727885,194.89342551340428,3094616
2019-05-29,194.3472450180841,194.38449310892062,192.2343130618948,193.67708704395176,194.34148357939299,3381141
2019-05-30,193.62679582547955,196.6179972946733,192.61475824224146,194.38653636993834,194.79645019844637,8705315
2019-05-31,194.08176636674168,198.39854609640255,195.20752724205687,195.90117978554824,195.9164155807138,9643556
2019-06-03,197.05061553281197,197.52357043356966,192.8715015243401,195.34852380445216,195.59440139155586,7654438
2019-06-04,195.95225476664913,198.5037638981732,194.19064811996842,195.61532556526151,196.0075479776399,4287804
2019-06-05,195.35055346188287,197.45895204165717,192.79870809493187,196.14240793583843,195.6581017387478,2824154
2019-06-06,195.26191333563995,199.65084632870526,193.66640981667646,196.64180746703167,197.25056972123798,6795568
2019-06-07,198.0418017535933,198.44805656984863,194.34284979225174,196.74515999522174,197.63115172991064,9202975
2019-06-10,198.84459701108355,199.4279160185065,196.07652988792802,197.51523967385543,197.4465820239208,5332252
2019-06-11,199.27049397680088,200.59169288268754,197.19345134658707,198.02488588681007,198.42304894671923,7152495
2019-06-12,197.38570862462015,196.8868846924353,193.7594600295815,196.81462072475674,197.28112236225743,7763807
2019-06-13,197.18136894894465,200.29721335619067,195.787803768823,197.71117404941998,198.0319555804911,6595799
2019-06-14,197.8475279748461,201.0832023178758,197.73303874494988,198.62586214696069,198.71944493707994,9170370
2019-06-17,195.94493163463147,199.11628605630278,197.11751131586206,197.88997330305608,198.64521633847582,2068954
2019-06-18,199.27609614206355,198.2949770813003,197.3004686575776,197.95530839877767,197.85420610860152,9646055
2019-06-19,197.02677245154368,199.02735035673288,195.57812398915345,198.66603465186273,197.7940952993104,8588990
2019-06-20,199.00317390200365,202.1490231170067,197.57511170198072,198.4841180925573,199.16800777622126,8951652
2019-06-21,199.60075932461157,202.33588268336462,197.4823008132169,199.5844934005973,199.9317330415622,1107014
2019-06-24,202.08357522823624,202.4891961037987,200.15173473833832,201.97576315549065,202.68118093174968,8295313
2019-06-25,202.93441344324597,202.6527509464363,198.88462103544205,201.21717438312965,200.4898697600813,6297941
2019-06-26,197.9912655230491,202.23184185770066,196.3573015972733,199.86352704024983,198.92567331661988,7840145
2019-06-27,201.28937661851586,203.54028414956673,196.7203735830047,200.19474289612867,201.0643378904537,2409936
2019-06-28,199.1434576681203,201.11917043507344,199.1308847404387,200.9437026615288,200.23583487587644,2053478
2019-07-01,198.8860104878017,201.6902693494875,200.67854105273312,200.740233547958,201.36183036254295,3608244
2019-07-02,201.93704491860552,205.81940815162193,200.49617454047166,202.22089147155302,202.8744894979554,8071011
2019-07-03,199.15403436834538,200.94651188773034,198.47387990411627,200.90968293210375,201.32899188878957,2310142
2019-07-04,202.7960007065428,202.44216083256447,199.38075666108497,201.62999881540935,200.88651281600394,8163036
2019-07-05,201.17040936222207,204.9078009134435,198.43249277416254,201.05153525492443,201.38809275959957,1322743
2019-07-08,200.88810763839356,205.286247583087,202.17338445695603,202.7983104214057,203.58737143846892,4352999
2019-07-09,202.93594637723768,205.89012432152367,202.1697796336092,204.8182230348478,204.6656982730057,8616143
2019-07-10,204.53882924317165,204.35239316977692,203.33345664588447,204.0789637073384,203.90246979997275,2424032
2019-07-11,204.80302669605697,203.67157461484717,200.50131857751026,203.5568038317038,203.44048803302826,5890200
2019-07-12,204.1894589889085,205.4445212072562,203.05730184993251,204.44378897895757,203.58976980462586,3757647
2019-07-15,204.30683648551772,207.68199960956778,201.18648880766378,204.08405558944202,204.88411726966598,8664541
2019-07-16,205.28974182883542,205.76351869364578,203.87068676580168,204.06604163178375,204.81941848869164,2652472
2019-07-17,204.5699551257245,207.05949936436608,202.45378910997405,204.11882731260013,205.13515398131858,5169825
2019-07-18,201.1133356576564,205.94058373512505,199.3750174153361,202.22655141667644,202.39881434611706,1348097
2019-07-19,202.6973840159122,203.89055389523284,201.32246456305975,202.2401109308562,202.74812117506448,3475623
2019-07-22,202.09494618969535,202.3489257750206,198.37153647137254,201.57778041706598,200.97843304524386,2906987
2019-07-23,202.05368957455798,203.19202784847957,198.57490668922853,201.1120548549402,201.44897550374503,5297450
2019-07-24,203.07282543279487,206.26233199793197,200.20248260043607,202.58308411868296,202.88641754163444,9279461
2019-07-25,203.24364984394535,204.59325418988587,199.93020514530673,201.35397448467768,202.1618242202745,7918075
2019-07-26,200.97044368467502,202.46078567826552,200.24359551282393,202.19457693169966,202.86342187816496,9943889
2019-07-29,203.76490346531853,204.74021599695328,199.5304009293517,201.9430112616418,202.82846363962452,1196868
2019-07-30,201.84530268674462,203.99757599534914,199.7848245518615,201.69064835341993,202.43455097585624,8152551
2019-07-31,203.2048688275998,206.18379614555127,199.6801309866022,202.50841750974564,203.25505368176033,8063301
2019-08-01,201.2506745584082,203.37283653499492,201.11613324631588,202.87586606458848,201.99076598517044,9020235
2019-08-02,202.98788279940376,205.6471242830766,202.65073015478094,203.473876322082,204.17781851783204,6359627
2019-08-05,205.57105440567398,208.065923452633,203.5945997495052,204.46945824288883,204.6892187338575,8831624
2019-08-06,205.01042913203617,205.83980173502613,204.14184852715593,204.16554711997946,203.92145588081513,2610743
2019-08-07,201.70833267023187,205.5432049744199,202.35532395164805,203.5807076457457,202.6778569797695,4385749
2019-08-08,202.7116825374738,202.8083524716357,199.48949411672973,202.52295437946185,202.88278455727962,5055985
2019-08-09,200.06384996421588,202.84711129954908,198.52089259632024,201.72494110975688,201.3783811922013,3326797
2019-08-12,206.73148322561062,206.02997231606955,203.87252487610857,204.7014327953396,204.63547034806584,1796479
2019-08-13,207.61016109048535,209.86691339243205,202.0227564777248,205.97350963635034,206.34782207616007,1807798
2019-08-14,202.68961727763872,205.80678909034754,202.59349957944585,204.6498325304163,205.49252845130408,1413961
2019-08-15,204.81343389966838,205.22916896406988,199.62533174828198,203.3547718339467,204.01656333113868,5380646
2019-08-16,205.57416737261278,206.60113172805606,200.9823547105704,203.86403515593915,203.76332046984686,6005816
2019-08-19,203.83988900191622,205.10182836088651,201.48483025706594,204.43869721359107,204.20928256262022,8138521
2019-08-20,205.9150008501514,207.00953781815358,204.66627398563446,205.01497830918242,204.48148779721745,6903899
2019-08-21,204.55029128732673,207.8122898618636,203.88639147088642,204.78741977590272,204.5261658113117,2796475
2019-08-22,205.32485154317564,208.23808359964804,204.65327672397328,204.68936277617377,203.89321610482665,5703544
2019-08-23,204.38979835501152,207.6128617055,202.10787688218832,205.04463956060712,206.01061615218381,1855446
2019-08-26,204.42986223358898,207.90316251009483,203.74464490303026,205.15792982717443,205.30957732498305,5157388
2019-08-27,202.65927964804368,203.47865180810535,199.77275200283808,202.96602671470086,202.21059902215805,6429862
2019-08-28,201.32630502759707,206.599005752428,201.3891456168792,202.76362434439963,202.46516847397,4722648
2019-08-29,203.27701667133348,202.47505433418905,198.63049631770602,201.93961517041328,202.0346058360203,8833913
2019-08-30,201.53053297150132,205.27410605515632,201.61383113627693,202.14222384959578,202.20869960682876,7629296
2019-09-02,204.7451839865207,206.2414473273983,204.44351312868702,205.15488011247317,204.20194260544142,1188876
2019-09-03,207.16971565199796,209.387755952772,204.14841722675624,205.54975903822145,206.47646169772483,6867918
2019-09-04,205.2497664489328,208.21925673362531,203.58667455497553,205.263626612323,204.80255458986525,2800642
2019-09-05,206.3953398481965,209.3217464857616,204.77468553777453,206.21282537457424,205.21513611078333,9844931
2019-09-06,208.61028294209305,207.62860151868733,203.5656437785628,206.72291052205742,205.8473232496689,9986033
2019-09-09,208.77276748009615,209.00609767643186,206.76869309255557,207.17040227278324,207.33654237644433,1496571
2019-09-10,206.43092302798237,210.37233922117332,206.3449595285855,207.80465012627286,207.05195159480505,2905346
2019-09-11,209.7761537587931,213.1207645072787,206.37404847564775,209.8885909513764,208.9267235764171,8686471
2019-09-12,210.7530923736819,209.2192031497755,208.50617508750545,208.78509977632444,208.53377777411993,1990890
2019-09-13,208.75188984564684,213.31432335088525,205.34174061309605,209.28612911340986,209.54305126091208,4758325
2019-09-16,207.85189497792567,212.09735612717827,204.27643022236538,208.38714524370232,207.5782692940394,6707880
2019-09-17,207.69546416467452,210.099950347632,208.59989322694273,208.97005515031853,208.57996621821482,4074739
2019-09-18,206.47374249010838,211.50274461912673,206.86661335968054,208.07876589910643,207.90764331953906,2098699
2019-09-19,208.68696860074,209.84179777964252,206.14192742403034,207.6887963457753,206.98153312179156,4521604
2019-09-20,208.5413040487811,209.3368718937639,204.2003046001565,207.42110369181137,207.43370223904816,3305560
2019-09-23,210.37939180937343,209.7350319505574,205.94020488747927,208.42431767143006,207.55980296225786,4402786
2019-09-24,210.51508171819924,211.80291920334614,206.6719502586067,209.3701693756464,208.42071438335685,8311231
2019-09-25,207.08341619997927,211.19040465156144,204.99830785043625,208.15184925947403,208.19313694301485,5632649
2019-09-26,206.31891168063277,209.9455861659305,207.74283542515977,208.23418063074786,207.70921595761033,4969879
2019-09-27,209.56706801722112,210.16391205050547,204.0933122849838,207.55199803627264,206.7121882899869,4674018
2019-09-30,205.66252329475347,209.20654767689342,203.40920826042424,206.32089038587128,206.16390615890418,9105156
2019-10-01,205.3560996983897,209.06295946951482,203.75110692806783,206.13127059572088,206.98700547684857,6604013
2019-10-02,207.5215041686599,206.06412968588987,202.1871414010146,205.85018506753903,206.31168563388403,2893931
2019-10-03,208.6588323080699,211.8860820905633,205.3867623341412,208.30429881415853,208.96174033356806,4731097
2019-10-04,207.57415947422322,210.67799781123045,207.92249943391985,208.76465589979318,209.54108085866835,9845602
2019-10-07,209.02851921131585,208.5030133291719,205.6317277454528,207.41443565931291,208.39473382189968,9587249
2019-10-08,208.91835976897036,207.87736952056656,204.83293620961985,206.87705891541594,207.42165568439768,7790051
2019-10-09,206.20703532823686,209.93446176890885,207.6962160432057,207.92583947111933,208.15124755286521,3118797
2019-10-10,211.5634383124994,213.76711122401144,206.03140617178482,210.04167950426321,209.759017763072,7841087
2019-10-11,208.02658093167474,210.06067493688712,207.94696975072807,208.48309345229922,207.81937342366012,7029957
2019-10-14,206.73004839252553,209.72889144039704,203.748229994664,206.63056632743417,207.01626268215193,6536799
2019-10-15,210.2589513842816,208.93271888821923,206.41765244982682,208.52892876307993,209.56104266705302,9124302
2019-10-16,210.9241534233787,210.935342505121,208.8388251096936,208.9459402007248,208.87773749740794,5454110
2019-10-17,207.11514692787088,212.232542501196,204.25615243256448,208.1050447291224,208.57053277814174,7562871
2019-10-18,207.46869930381106,211.8823710706095,205.11206523690754,208.6670710755188,208.65683063465798,2480996
2019-10-21,204.3299561718126,206.9263452163208,203.8981622390443,206.0587205967759,205.91846347980467,3959412
2019-10-22,206.34421112656904,208.15632974896545,205.14584116235767,206.08949336364702,205.90464265705702,6742692
2019-10-23,204.43643578875609,207.4093237367644,205.94254374447726,206.4447117967641,206.45425921011395,4708698
2019-10-24,207.0309397150408,209.09520826406862,205.8890535073461,207.39637919657588,207.1203256187311,2503233
2019-10-25,204.64872542167348,209.63022150701028,205.35542208519317,206.40988050455732,206.92337322085692,9083667
2019-10-28,206.13150388007472,209.7084776358039,204.43009754355754,206.52296492623464,207.29592261244096,7293359
2019-10-29,203.73290926333243,206.56300007972288,201.6505805369847,205.62493756044904,206.41224523316635,1166416
2019-10-30,207.28819500358492,209.70557656558174,203.5399713348284,205.90771857639731,205.34702920955826,3723853
2019-10-31,203.84946851867173,207.46977038662052,201.39034434264164,205.03976951430826,205.85154069984938,6591558
2019-11-01,203.95630235607405,206.2141649457113,201.99490083704163,204.659065935422,204.3347861665505,5841294
2019-11-04,205.19815412382943,205.73543947297733,201.7545823435922,203.69064780090577,203.3022253494261,5999055
2019-11-05,205.37576516974693,206.84233963690446,200.8760723443799,204.3691813030034,204.83260080106314,7715775
2019-11-06,204.10165389153238,207.55343663456443,203.32001617105934,205.255029679934,204.85415909481213,1996442
2019-11-07,203.29218466804838,207.04253208113332,201.4856003519595,205.04780637025058,204.13117379121522,8861049
2019-11-08,205.99819343826792,207.18481173021226,203.91731533137008,205.1134416254846,204.85421468866733,2744308
2019-11-11,203.24698660926103,204.41092224143966,203.16748298115607,203.69224747112503,204.14335572987034,4907544
2019-11-12,204.50248778195737,206.72649011247185,199.94020726255278,203.41996808339223,203.06796695713481,5262613
2019-11-13,203.17462296710875,205.6010109440315,201.0075891969606,203.39716072662446,203.6606801679828,2299529
2019-11-14,205.41074134024277,206.58551900041223,202.3814839711699,206.0453510779284,206.3752697490044,9940273
2019-11-15,204.76076175929603,208.1014244753976,201.116425370804,204.9607813124282,205.43984846827107,3417632
2019-11-18,207.47866757445095,210.3024609314188,206.23092166084336,206.45235581145462,207.27224101479857,4393391
2019-11-19,209.1456378905304,211.40749236181964,205.39782357743178,207.47661184519438,207.3366989530957,4636539
2019-11-20,205.91361624088256,209.3181698842774,206.22640799179348,207.78464550995852,207.09154258291667,6075677
2019-11-21,209.671724688168,210.1386704759135,206.94743206688088,209.57066325442761,209.19118467527503,9709981
2019-11-22,208.0083535373355,212.14713510034656,206.63755647925566,209.97016598730846,209.82773746040354,8929999
2019-11-25,210.25379819759402,210.8605521768432,209.2060733254805,210.38672244325033,210.83672169515546,4071304
2019-11-26,211.9819686674234,214.29048957968516,208.01842576237783,210.3609990505068,209.33679788968237,2034448
2019-11-27,211.02618207870606,212.38891810748052,208.61245624155416,211.61196519319938,211.2221450229234,3909282
2019-11-28,214.5757856871264,213.8112787960615,212.16386552305062,212.73583168728425,213.33115712943086,4556027
2019-11-29,212.69169088810244,213.8628092046406,208.68366845374234,212.137551660062,212.50000500873034,3982158
2019-12-02,212.67649748813747,212.46147335073155,208.28978964766307,210.84570172573717,211.33431549922278,5497470
2019-12-03,211.7536648168349,214.01835286038985,206.66933506355204,210.67011834861552,211.3270104656168,1879387
2019-12-04,208.23271788439195,211.81307203182405,208.47215177430832,209.89747704449184,210.49198167250552,8973088
2019-12-05,208.73293099262239,210.57810288085784,209.40743666161595,209.86134973015044,210.24368178161976,2255358
2019-12-06,210.67931736116242,212.25448524234167,208.98747179838435,211.12618512510858,210.99879482023965,7065804
2019-12-09,209.3061356703242,212.84164666487615,210.33468052138025,210.69628073029574,211.71520442291586,6075261
2019-12-10,210.65941406017325,211.30216895603454,206.59564107925323,210.68085460925812,210.8263786080332,3731670
2019-12-11,210.64558206118352,213.34460236627072,210.60320491363862,210.76627460434048,210.13981233995014,3942220
2019-12-12,213.5733758681816,214.03682173845644,208.4526397456541,211.64210274681975,211.2036075167424,7255655
2019-12-13,209.14503307753392,212.41610717212689,207.2232443713159,209.4226106731091,209.82797422168542,1217501
2019-12-16,210.03633256977284,212.75997430789425,207.3036285119848,208.84330763861777,209.73034779543022,3899323
2019-12-17,210.9298993011103,212.89670854589912,208.80666037739888,209.0819885911712,208.41025024837177,6231896
2019-12-18,211.89515119348576,214.2888379459487,207.69251295098982,210.30946480787205,209.4310999583237,2930696
2019-12-19,208.62226700922884,210.8720063121594,207.38884889283537,209.84495962063983,210.6455832943438,8364339
2019-12-20,207.97928886812406,208.54310480999126,206.8273533296526,207.99580417487192,208.85956494667283,3198076
2019-12-23,208.0075525743582,209.90427070686542,204.84468673811503,208.642912881112,208.1763442333753,1412136
2019-12-24,207.6182899300603,211.759127695571,206.7696375627884,208.03494775256036,207.77965917337113,9295407
2019-12-25,206.29677306048197,210.89450446971244,205.01196034948543,206.87267835374396,207.20406355456902,1042928
2019-12-26,207.62212991219025,209.82088785994523,204.03243027104108,206.2757302243047,205.9249171329052,9870824
2019-12-27,205.92130150583014,206.5721361046828,205.7054090345578,206.11860212692284,206.895996384209,1387855
2019-12-30,205.63865797824636,209.43596551227031,201.7093009352266,205.5412547226586,204.73466706441775,2819028
2019-12-31,205.32532559235062,205.08499382370408,201.83974937076886,203.3630859258335,202.42351231285215,1902414
2020-01-01,202.4897342597603,204.32558891267232,203.95750563012513,204.28754938299463,203.69202299863605,6920678
2020-01-02,205.54030595078567,207.40885469004292,203.99735921782909,205.5898216845473,205.15003992919745,7397628
2020-01-03,207.39934820077258,206.45879352865944,203.7926804622515,206.26874093616078,205.47032948951366,8179011
2020-01-06,203.72711106920383,207.39007557937953,203.0508487802757,205.15845252600997,204.26742973167288,8819927
2020-01-07,205.44160289927578,206.37232385329497,202.13695343578956,204.9843582523364,205.50831408350152,7551682
2020-01-08,203.93701251961684,206.94636698615432,204.77774422662438,205.0052341973809,204.31698358505332,6494385
2020-01-09,207.1424224805068,208.15316775855402,204.4612160191832,205.6314258472168,206.48257996705502,7299020
2020-01-10,205.61368288375212,209.91230891279622,202.94657317119479,206.32716359620886,206.0548110417373,8271719
2020-01-13,204.91742366267655,208.34239622466956,205.29183163756178,205.62038705770433,205.9711873839963,7964606
2020-01-14,206.13380797464183,207.51571543772673,202.20980113148718,205.72977987439185,205.16485024956597,9066442
2020-01-15,204.9093794743339,209.5940149460253,205.8354514837279,206.21445753928109,205.67896554497355,1218371
2020-01-16,206.8041145212554,211.45942325003872,204.23139307975345,207.69767712170182,207.85284640065393,6517592
2020-01-17,208.0820531509638,208.92881131409396,206.9256014170348,208.42958092180052,208.555978716541,2666403
2020-01-20,208.63352093359097,211.47213219683445,206.68398848949573,209.24603486945,209.80834012360057,7067627
2020-01-21,209.46142328099666,210.54855163716223,208.71709820902475,209.35725875765334,209.89700962716736,3904492
2020-01-22,211.2151882760086,210.99352057565454,210.5161542968057,210.79511516313082,211.15491663322297,8380308
2020-01-23,211.51392157813888,214.05664800935054,210.32001285652515,211.23227521936428,211.1248225563099,6307307
2020-01-24,211.04732046203603,214.02909957717102,209.86057932306886,210.3985845694647,211.22048641295584,8238296
2020-01-27,211.01486589426034,212.51950307395234,210.50581702378526,211.82935179986387,212.08900902114573,9483565
2020-01-28,210.9665554645235,216.0082983836082,210.3679612901188,212.55465233267688,213.5965920298192,2281448
2020-01-29,213.24555462151875,215.7597760172576,209.64102862938873,212.13900557182234,212.81651352768483,1339460
2020-01-30,213.172022169502,215.55798792214483,208.3428150876592,211.6869098646971,210.72227338555092,6807039
2020-01-31,210.98053620631464,213.1357491880389,209.22828268989335,212.0108826701118,211.63052222894882,4420093
2020-02-03,212.10660281762904,216.34329173357526,209.91422401057403,212.50146472565336,212.6542016759362,8885436
2020-02-04,212.72006695210035,214.0904213440944,210.97421810961941,212.72615425155857,213.19727788231125,5143190
2020-02-05,213.2068757671068,215.41853661751358,211.04582162628768,213.0648601852754,213.17210957385404,8381506
2020-02-06,215.4773597619249,215.00918705062634,213.0114978794499,214.79221482012576,215.40680069180644,5412395
2020-02-07,213.9118790825181,216.0806260098505,212.25483129008194,215.89115523263462,215.42192801053963,3661540
2020-02-10,217.06645273475158,219.2227734865965,215.11508386298905,216.1091880841736,215.42609298446095,3215134
2020-02-11,215.17616768203203,219.00763149322117,217.0530581695778,217.07789592521505,216.10954764831246,5461864
2020-02-12,215.93572974194507,217.18032534779906,213.25811940431916,216.07276928196148,216.23118032012147,5209555
2020-02-13,217.9168971157006,217.32257676985458,215.62144005653593,216.49809359218227,216.9064079589687,8760322
2020-02-14,218.12176930855068,221.26028039342228,214.4479350467333,218.33479720218935,217.95522153962648,3356615
2020-02-17,216.6131682075028,218.14590045666134,214.3962299636004,218.14414856707094,218.39192582003164,1517656
2020-02-18,219.43210095072533,220.82670032781584,216.99041804638293,217.32391189872584,216.3506424736607,7608422
2020-02-19,218.38637739228875,217.04268682750862,216.23813458042594,216.69922027040678,215.8308920762603,2247652
2020-02-20,216.80708956774978,216.4628293557499,213.5014383141616,215.63698449333833,216.07204240030796,9309116
2020-02-21,214.49933278288955,216.5395064413318,212.26142916194198,214.87961984548463,214.59612852959452,1710660
2020-02-24,213.17997632595117,216.6169070347747,213.35695150676048,214.53650900716855,214.9040830562382,5237959
2020-02-25,215.04014873539953,214.67174263482676,210.10251103089217,213.15833924826387,213.8654304791883,2137667
2020-02-26,213.33930092257015,214.56888020426985,210.66461680893934,213.20135484248746,213.95315065666514,3240168
2020-02-27,215.64003402462777,218.25911583257562,212.73993085746216,214.13102927654808,213.42903848147955,9651067
2020-02-28,212.57720343918572,215.98701629892267,213.14246062001573,213.25067035667513,213.22142424777877,3195986
2020-03-02,214.08975887540836,214.8980182756245,211.57474566698383,214.79735154059085,215.29981994749912,5611788
2020-03-03,217.42662332998523,217.18818412784125,214.41065895362394,215.33554088939243,215.92551848829578,4609237
2020-03-04,216.48800933906082,220.18044296452226,212.7820245424887,216.39351873529046,217.00953910698388,2948810
2020-03-05,214.21258819123403,217.06394375570494,213.9494190095274,215.7630814417123,215.17656690600668,4306767
2020-03-06,215.43038231930788,217.05470712275616,214.14458503252632,216.64500392905288,215.9788959728301,6604395
2020-03-09,215.5026180752164,218.85032615781478,211.81665338451447,215.58046728893152,215.77451658865425,4963621
2020-03-10,214.51702836829733,219.12212905984947,212.75865706559878,216.498112050042,217.02005825056605,1091897
2020-03-11,216.53497292944934,219.1690528170695,215.08720251157158,216.69734865010952,216.30542877551636,6323965
2020-03-12,216.9257497007302,217.51081728166093,216.37025792573104,217.27799713036828,216.4191084124393,6563876
2020-03-13,217.33725760694128,216.73712024215934,212.77915645334494,216.12979978501738,216.5982533084422,5923662
2020-03-16,214.63761717717605,217.94235334937053,213.39761188547658,215.26212720301478,214.8309524940096,8360130
2020-03-17,217.97027038432782,216.78408096678916,215.05756623418327,215.88675268154213,215.16647400132354,6475334
2020-03-18,213.59333093159026,217.13295851610923,211.07739155751418,214.96580193759192,214.20852799537337,1435952
2020-03-19,215.84847877177862,217.8043704797491,214.60274913789158,215.456405489965,215.05761625416096,7258367
2020-03-20,212.35962058080514,215.33073722514663,214.00615004808375,214.11666494377874,214.31510412764766,4929397
2020-03-23,215.9978152354432,219.07031732199417,214.90503567842478,214.99223641671938,214.68781222297122,5572786
2020-03-24,215.90254958846126,217.38926970191022,211.12625032641694,213.78711036222484,212.76234718588265,2706456
2020-03-25,215.73506217905674,217.46386561412413,211.5299841520142,214.3668075601783,213.50271304005278,4107153
2020-03-26,215.2593830776303,215.35524032100187,213.68223302741774,215.0198357540983,214.56937618031458,2438014
2020-03-27,214.28504725437068,214.8054415676551,212.9785711332851,214.35046119594267,214.69278848997553,5257280
2020-03-30,216.40024506236702,217.07844945227654,213.50033356435347,214.95988502330138,214.09685348684346,1144408
2020-03-31,217.12457314081698,215.93958820126235,212.31967295648928,215.2477245469089,215.37828704385086,4946180
2020-04-01,216.83728774054273,218.93766167984714,214.48661127049917,214.73627995099014,213.9200370104295,4238544
2020-04-02,213.3128171254137,214.43281276813926,209.78305493095695,213.75512252718792,213.13868551681395,7813364
2020-04-03,213.89961584620426,213.88500180145098,210.8772064155543,211.81989409578932,211.1255241820241,4472438
2020-04-06,210.7367134652449,213.74224889460953,207.95438947225762,212.19694140336298,211.27861380477466,6390698
2020-04-07,209.62119409582027,213.35339282826178,209.9368780709109,210.6595358922749,211.02045849042656,7021769
2020-04-08,209.04971500831945,211.32624911453087,207.5297109648869,210.78227735199016,210.7051385157404,1854224
2020-04-09,209.58503451646618,212.3582563977941,209.6054530308919,210.5462263961819,211.243246923346,4501120
2020-04-10,212.38481741209998,212.41341039455955,210.91118422180793,211.2527664318941,210.405412234945,7972527
2020-04-13,212.46730453173515,214.72404111463646,207.2862824663669,210.97811819267818,210.22858242087653,1666699
2020-04-14,211.851187782032,210.8470764313248,207.0577008988034,210.67606766660506,210.26832042574145,7847783
2020-04-15,211.98957436710026,215.29922121858095,209.72875480359966,211.43533563116733,211.9974702729805,7050557
2020-04-16,211.85695245050863,215.32631728843086,208.8224718937022,211.79779092052542,211.38639239891114,1653312
2020-04-17,213.02684030680507,213.40388517321932,209.7778098233213,212.14134413798217,211.94706235309096,6486739
2020-04-20,212.1737502534224,215.99467285453315,209.010591192749,212.63800898806466,212.21614276153562,4949419
2020-04-21,212.57104163788463,211.26163640146703,209.79947983428394,211.12983412513154,210.24356236871347,9449694
2020-04-22,212.6650013680002,216.01186737790073,209.69454959577095,211.9140200653925,212.8452415211908,5380483
2020-04-23,213.39476926683443,214.79248214884865,210.49053044538704,212.55388611968007,212.6570576336107,4329803
2020-04-24,211.7166559317973,212.84787083224484,210.06712135820425,211.56460025137756,212.17355338535302,6422741
2020-04-27,212.97626390589105,212.8805411726738,207.5797736174384,211.3479170379773,211.68260145379284,6152381
2020-04-28,210.28784269098892,211.61668385551303,210.63488744563585,211.33600701062363,211.36613143482134,4131266
2020-04-29,210.72680645984084,215.40849182596378,210.59729655478088,211.22890748649587,210.36218935085793,7988404
2020-04-30,212.76509345432916,211.7564404962652,209.14879704126568,211.5901647133384,211.892174856877,5421109
2020-05-01,213.01803195720478,215.8394739758628,210.24735992822005,213.04892875544357,212.31469899059329,2703060
2020-05-04,215.82515935906883,216.05440238072217,213.32450697704456,214.15809274339034,213.97473737181642,4751180
2020-05-05,212.21932122621774,216.91324879204709,211.20980481232593,212.87327081023292,213.14811818180561,5089532
2020-05-06,212.9647184581015,214.57326882306407,209.48047999076923,213.52273806081297,214.12536115022272,6747340
2020-05-07,216.54969232803586,217.16575506389728,213.81921019865587,214.87906864062234,215.27669199074938,7112360
2020-05-08,215.1398578128935,217.3702353732528,212.41540314051426,215.29327442158552,215.66257457301813,2490200
2020-05-11,216.4814430651814,219.45382187439515,213.20811304512296,216.41165210704543,215.65213855372312,5935511
2020-05-12,217.72066007090925,218.74845831163609,216.49343369613504,218.45131981302018,218.11518557799099,2113700
2020-05-13,218.5219968268263,220.35317030525295,215.3866420371516,219.50242661940115,218.49910796611078,2977219
2020-05-14,220.46461792289097,220.72226987571142,216.54109691134715,219.77913247531683,220.26149688712385,9033637
2020-05-15,219.17244210815267,224.1120539834652,218.82895052007026,220.85161820967556,221.8511616732052,1238242
2020-05-18,222.70046969445244,221.85998676160213,218.5071695313588,221.0239033030464,220.50253087993386,1443376
2020-05-19,222.3097014127643,223.6108997759835,218.0128104460878,221.07520360660533,220.16370326690918,4734419
2020-05-20,219.38583287607173,221.7014932069778,218.1366529303441,220.75118663116558,220.69725728570617,4618048
2020-05-21,223.20477289549214,226.17350549591845,218.43456973493412,222.34199725027167,223.1350872037297,5971613
2020-05-22,222.00573430136936,225.72580779354197,219.9695852880594,221.55096584460364,221.66611517621826,1077538
2020-05-25,221.7030585219306,225.4243577609428,221.77257629697144,223.1107308295557,222.09954201705833,8216489
2020-05-26,222.62358596260998,225.2137852436409,222.68154221549202,223.63799221357004,224.69864512991305,4884693
2020-05-27,221.8614990321934,223.30654539741866,222.09812585249946,222.26608329904207,222.99656058168176,6305405
2020-05-28,223.5484021031999,222.88281573319344,222.46957909414164,222.66112985230745,221.84083306182754,2642112
2020-05-29,221.2005163799248,221.77306118934413,216.75001719509964,220.58850060492983,221.51893795158614,3226362
2020-06-01,221.38403954240252,224.13628675670347,218.23963281300323,221.24140588203483,221.13230795848045,6176899
2020-06-02,223.34660432707284,224.52493770999203,219.21923580349764,222.1540346252978,221.86945084292395,1301970
2020-06-03,222.73219963725535,225.77286061979913,218.86511324442486,221.58907592991972,221.50277436492942,1975389
2020-06-04,222.26270271181707,223.49743145538156,217.9739034685215,221.74002088614927,222.4819008131941,1281472
2020-06-05,225.0056930527883,226.8262195838342,221.5726541139943,223.72157558017352,224.0783660291669,6326127
2020-06-08,222.5032345581213,225.42798591154892,219.35695970756106,223.24322613618557,222.25927816207755,7035218
2020-06-09,223.90607804620475,224.4897246178751,220.61425788926073,222.21171580940293,223.228566334079,2656213
2020-06-10,224.23493194454133,224.91891002379006,219.5743020234735,223.7207764721395,222.93279640069915,6120961
2020-06-11,227.16597920287222,227.76450664341414,222.556872950979,225.71076092294427,226.26503421538905,8648389
2020-06-12,225.95079647326833,227.8673714149221,224.5807409859603,225.7418538550661,226.0491709826285,6731220
2020-06-15,225.50365863316833,229.9857720653786,224.22224252310411,226.78071415074842,226.07208802636086,5705170
2020-06-16,228.3431043936817,232.44171987929647,225.71737327383354,228.14958732655327,227.39836391700646,4103962
2020-06-17,226.8482272672795,228.93248075829425,226.8072413618952,227.43450035428884,228.2767530667052,5278692
2020-06-18,227.87314494078248,227.16816214979633,224.2926257859769,226.97659177919496,226.79431805352868,1375102
2020-06-19,228.12436953981268,230.50030055763307,226.79796247507633,228.23486355262366,228.5876610488334,3128059
2020-06-22,231.49303956393652,232.4512230860151,229.70652596596068,229.94727509160614,229.95663625404342,1391329
2020-06-23,231.35860123775484,231.3141906624473,226.1635358233101,230.5375532120545,231.06168844746298,4661952
2020-06-24,230.5328783832418,233.17848445094776,226.73832006407744,229.6851361188264,229.63745893968044,4985711
2020-06-25,230.3888946001197,236.26374799136138,227.63595927248423,231.69959449079983,231.20695461664099,5668504
2020-06-26,233.4351532355,235.56920787718136,228.06999168860148,231.1960208532618,230.88016864318183,1107412
2020-06-29,232.4660563623822,231.79846981930666,229.23981331666576,230.88828033236433,231.71734864613782,7444067
2020-06-30,232.59470934817298,235.30671073987415,228.88675090432952,231.25801542712793,231.18409309235582,9160482
2020-07-01,232.04892081823678,236.12025305930632,229.6927613639481,232.8395731081167,232.1723697565766,5133456
2020-07-02,233.8875036174087,235.84241531270993,229.23232470142264,233.7209463449429,234.73671017082313,6306414
2020-07-03,232.4636674644848,236.69503321175551,232.9752080135785,234.16320910557877,234.85773825273716,3718355
2020-07-06,234.83446565164746,238.64113469924948,230.54755940095546,234.65389489597084,233.61124820135032,2321190
2020-07-07,233.06243526061175,236.97879844401822,230.38672713811098,234.72480682488828,235.89594972856344,3922010
2020-07-08,235.55995066554036,237.06673468484195,232.15522949750167,235.31034359968078,235.7690262788415,4351529
2020-07-09,233.50065418948802,235.10482181279622,228.4720509952897,232.80818078226042,232.01725363197713,2363644
2020-07-10,232.0282962486322,235.2323755527549,230.6885250404808,232.53897058346462,231.92778301519573,5580955
2020-07-13,232.80091450837458,233.68806441395344,228.37029989334206,232.80768977865534,233.25571765761723,6410711
2020-07-14,233.424731092828,235.8585924014134,228.42760096760856,231.68407295530983,232.33223476272323,6091457
2020-07-15,230.2807609249528,235.22733959844268,231.9028046147237,232.09779353339536,231.49210171553082,5958973
2020-07-16,233.2738976220332,234.8580832325217,227.7142675783554,231.9207195726832,231.35707998986067,9773660
2020-07-17,232.16467564613748,234.16864504130706,231.43913181217718,233.70359253127268,233.25282666593932,1503771
2020-07-20,233.12372013229793,238.14730051871237,233.1376738126218,235.3040095167615,235.53465065928486,5945097
2020-07-21,233.3886470086909,235.43379118110036,232.20473080836504,234.86560120791734,234.09481030201752,8759084
2020-07-22,235.98649697877468,235.11163400306242,234.0408237307701,234.74216075662463,233.81315269034545,7116126
2020-07-23,234.25028056860785,237.17076150229835,232.49338620785926,234.69561045129018,235.11539661704757,4730870
2020-07-24,236.01676590994268,236.15857043762034,230.37716236309245,234.27134823540456,234.92519474185525,4983648
2020-07-27,234.6096457695289,237.2552172866288,234.42115967531757,234.49377047970665,234.49594987516596,7190995
2020-07-28,231.52928294385202,234.1800223005108,232.4869276121613,233.76288567109302,233.44457708527628,7262344
2020-07-29,233.6680779239016,234.66511511926416,232.64824593110723,232.65966759642947,232.50155839961263,5370853
2020-07-30,231.49104662480693,234.1253650675847,231.36998583156517,233.30977608060368,233.04942064768684,3982581
2020-07-31,235.3208068997947,238.58567397631444,230.5586713515109,233.96670292509947,235.04291444885618,2024017
2020-08-03,231.641882528466,235.80687436707754,229.464475812982,233.18978442571347,233.81494269776107,3575058
2020-08-04,233.38887834195737,237.3312888691989,229.68692165606566,234.11253711675005,233.42913268926745,5834310
2020-08-05,234.7285378912758,235.02811440676606,230.66653840410973,233.5083566478587,233.23792864,8322107
2020-08-06,235.91280430830486,234.23189731591754,232.59834034736352,233.78891914617066,233.8918150064399,1069745
2020-08-07,234.03333424978663,239.21616202393292,230.29988064868596,234.63666041905708,234.90176667254903,1088915
2020-08-10,236.17619152035,235.97374681242815,230.9921915058806,234.63044511462732,234.55579484826148,4095038
2020-08-11,233.6586107023162,237.10543603172948,232.4114759959919,235.1125832870424,235.84173003008019,2288040
2020-08-12,236.06498307244098,237.67301852170655,231.35927935216475,234.62355090342882,235.25141764871304,1864348
2020-08-13,235.19298534057265,234.57028942278336,230.12027934368598,234.45448158027472,234.4665745516547,2582571
2020-08-14,232.8363628483071,238.0725050854269,230.93808266483123,234.27601940966832,235.10636246863868,1679739
2020-08-17,232.63430731136773,236.06326843492965,231.83611061719347,233.55683832340208,234.1432750920644,4196005
2020-08-18,231.68851297828598,234.70622076770633,230.078939368209,233.40746142056028,234.05769224163762,7110743
2020-08-19,231.34347358587127,232.17196126371007,231.69944134744648,231.8862403819705,232.94457099047264,3938340
2020-08-20,230.05083654356358,232.17459963386466,229.63397891241127,231.42248389510237,230.8820358897325,6322739
2020-08-21,231.83075141733278,235.30301580299752,229.28645234286293,231.16500566200668,230.62788952338624,1905309
2020-08-24,233.22020599192277,234.10478003536,230.16564333503598,230.93622316978525,231.83445481901092,5267188
2020-08-25,228.47031734638784,231.8752800992578,230.61559636252815,230.72212298418845,231.35020945218676,9643165
2020-08-26,230.8765500427025,230.99042190980185,230.072367681034,230.68775604460228,231.6717443826484,8224708
2020-08-27,231.5352212064089,234.38792536947756,228.1676957932983,231.19459482296233,230.18457536722073,8933199
2020-08-28,234.01923744031313,234.75358585760532,228.3723404850886,232.0965091573688,232.39302887389448,3213658
2020-08-31,231.5019427849493,233.34685738117207,226.89927009478012,231.4741411907945,230.6515476884303,4469895
2020-09-01,230.49962488157524,231.9731198412639,228.70299881628532,230.29833759567936,230.30731277856,2501776
2020-09-02,229.15369943720685,230.27792999022836,226.53513284260407,229.2836904437102,228.49437430459807,9168959
2020-09-03,227.7662804870528,231.88834576309324,224.53506174456376,228.82388478278926,227.97283957870638,7662829
2020-09-04,226.4704195405816,232.93530120179346,227.73598192024326,228.49936072524673,227.38466851302928,8773995
2020-09-07,227.34068530880137,228.55716862755634,224.48778922030093,227.75676191932325,228.05338962116872,4075034
2020-09-08,224.46138887767995,229.19283800376115,223.0681694071139,226.48804251534733,226.16874559949935,9016947
2020-09-09,226.2876048133366,227.97713864434544,225.6570439673137,226.0593189481471,225.16681027381702,4565567
2020-09-10,225.3960766394387,228.28957137836744,222.37067685058327,226.26814282853508,225.86728115841396,5886973
2020-09-11,227.04305091505475,228.04384197742388,223.2008522097099,226.8905695546446,226.13943491819478,4370263
2020-09-14,224.70492900191323,230.09610334444127,226.2093213071673,226.36054376181025,227.3603665841652,1394283
2020-09-15,227.9302138386317,228.16805535163328,225.5632872903624,225.97494319994078,225.56819934277732,1072445
2020-09-16,226.8515845960546,227.52179057401415,224.85449680757523,225.07564215136745,224.70191197764132,9016808
2020-09-17,223.67614060618223,226.44346076795233,223.56477499381674,225.07160024126665,225.83652408806614,3963356
2020-09-18,223.5484146967347,225.06598190436407,221.96640194979275,224.25056886734978,224.58191200256795,3611558
2020-09-21,225.36147341897095,225.2374348362308,222.45711456111434,224.85109394086498,225.32366709926373,7650501
2020-09-22,221.28863620483963,226.27891897928527,221.89833510951735,223.0926247092048,223.39603470337565,1183863
2020-09-23,222.11246171261078,223.63465680844456,218.69903869568805,222.76039229702633,223.75434088956493,8023281
2020-09-24,221.9784151887993,226.1678598873208,221.44579010528105,223.08889689649206,222.435248283699,7083021
2020-09-25,225.15582745285369,225.0435508857531,223.09670155932568,223.30012867308852,224.39215392919112,5497508
2020-09-28,227.61405262290504,227.90003266106612,224.66340960220546,226.020559597343,226.76858860187824,8289815
2020-09-29,226.75923595315635,228.52217153608498,223.9929172437251,226.3977568821849,226.59918882764094,8392716
2020-09-30,225.5128294182032,227.07888466990462,223.58066330348976,225.42109954561687,225.78711944668098,6929842
2020-10-01,227.29433983884385,225.80653289886396,224.11880771635057,225.35303255880177,225.68841618472814,8412772
2020-10-02,225.53803671219868,224.9888828467464,223.01689492488475,223.60418348560927,222.61673896817513,2591763
2020-10-05,225.64936519525878,226.5185503456719,219.88848044470467,223.55098099658647,222.9206041128061,1200660
2020-10-06,221.07642017661587,225.7113294202762,218.3075883415635,222.74532219985971,223.77322700845292,7209794
2020-10-07,222.16952610219522,224.9686092206323,222.21381659716934,223.68810973569384,223.76497887703084,5108596
2020-10-08,223.95479904569314,225.21955167030808,221.46267013647446,223.16596672137229,222.89449336411002,4800336
2020-10-09,223.2614593075463,223.93966905645445,220.31920389621152,223.07659806585102,223.6611445556034,6608048
2020-10-12,220.32591473004018,223.40446045008758,219.2718264385479,222.4684374847206,222.52298439333475,7196878
2020-10-13,222.27027829069843,224.33804522953392,222.47655370330037,224.2346860968479,223.14302816556562,1524966
2020-10-14,225.67898153140226,227.95720411467244,219.88782705683357,223.94084059100396,224.46987305087978,2565955
2020-10-15,227.46662127168224,226.7523495440279,223.27180797651462,225.80079489475713,226.32514399124173,6026533
2020-10-16,225.99537486147037,227.67372014093806,224.60079466527608,226.64234391714936,225.88342910963866,5858123
2020-10-19,228.92836499711953,228.42204732312072,224.2139502046983,227.1518079047587,228.1891195515938,3583583
2020-10-20,227.97424971336017,228.12776719312316,223.21176728664673,227.5479383123502,226.91969695782396,6603226
2020-10-21,229.36387377266428,230.8837769739478,224.34646491924337,227.96913287084044,227.8728144700292,5264746
2020-10-22,225.74074605503748,226.40860718332726,225.88794309762588,226.0688575517688,225.19789554083354,5202202
2020-10-23,224.07134394779735,226.42347620091036,224.31654440710375,225.817371417892,226.05060083681474,7603952
2020-10-26,226.38945850319806,229.61312375049795,224.5565718470136,226.6899266493503,226.4075868847654,5577066
2020-10-27,226.4748509739715,228.20823349545728,225.24260266074285,226.66842672615016,226.33561732292443,2418114
2020-10-28,225.5201791343422,228.48051443592612,222.13572014769719,225.29063413962055,226.02728241980154,4520254
2020-10-29,223.4886538001724,227.7769996410207,221.54302618786357,225.26562694931704,224.16083806697017,7957652
2020-10-30,229.22806597493042,228.1594511545267,223.67686497692387,226.99712972584652,227.6734603438832,3343599
2020-11-02,227.10329368349676,231.24272709343302,223.754688442594,228.27141870165522,228.43451535633034,2562057
2020-11-03,226.86078318481404,228.76757063464393,226.99270382735767,228.23681195256316,229.34626770267917,3226086
2020-11-04,229.33853146379553,231.67473167346535,225.20443262441995,229.21565848989522,229.42067635697782,1500499
2020-11-05,229.04687032348954,230.87760772113074,225.36730973413756,228.87654872980113,227.85891583710642,4682702
2020-11-06,226.926619746412,228.41729236218416,225.55433358995865,227.20007440324838,226.17914025059406,3665044
2020-11-09,227.5336058740516,229.03676860402098,222.98031385999985,226.3030056753928,227.1700923998873,1873174
2020-11-10,227.969200228243,231.86471331479203,227.4189274582667,227.893291704175,228.6708958521404,6302262
2020-11-11,228.1461320409616,232.19464297067339,224.05291269853268,227.64669588261967,227.29586973165493,7108776
2020-11-12,228.44844514563994,230.1951875134886,225.00934263440206,227.4307091635186,227.6991512793351,3174248
2020-11-13,225.00037871991185,228.99691393860007,225.83034563846658,227.1582682275177,227.13462413445922,3577988
2020-11-16,229.41347931330793,230.12165507766366,226.08516423191338,229.0898020773647,230.16002728665248,3010598
2020-11-17,232.51616316649225,231.9296215258312,227.78216975496775,230.74315825300073,231.78141224658773,4567577
2020-11-18,230.74047022252893,235.22349368431426,232.0131746291322,232.98933574672282,234.11662903880548,2708798
2020-11-19,232.4161062751838,234.56815652258624,232.7161223620366,232.85768779659674,233.7109919541405,2873126
2020-11-20,235.1684699309541,237.4423879211933,231.15846109584305,233.18070954561782,234.13570485094255,9643786
2020-11-23,231.0110068253755,233.39808258007446,229.05244347807403,231.691464256471,231.0364233192328,1850281
2020-11-24,233.00331064906078,234.93751011631758,229.10738263051633,233.19579594286324,233.9676898590729,6190026
2020-11-25,234.29029939493722,233.835438850522,227.74745900241697,232.0554136518693,232.5400778898568,3273527
2020-11-26,230.9026476113268,236.1865170540217,229.84276180582353,232.29958647590587,233.37463762217976,5209400
2020-11-27,229.2191631280331,234.2393127278205,227.74364642363315,231.229681208547,231.39445970727823,5522339
2020-11-30,232.32635896723707,233.50159624906894,228.641545638154,230.66821164208227,229.71132416422932,3629872
2020-12-01,231.55224315256777,231.39445772350814,226.42848225447474,229.85834647130656,230.08222595207076,2457492
2020-12-02,229.14982977995152,233.02841499645655,228.33873932895185,229.2778684709047,229.70565724564514,6561886
2020-12-03,228.83114543819963,228.94167007990984,227.06840206413526,228.76614302802972,228.1263322325547,7185580
2020-12-04,229.7781958134312,232.22037823369817,225.35008065782029,228.2452714933786,228.00359029810207,1308762
2020-12-07,230.19911092565653,231.45548426361063,229.02280068709737,229.10600266543287,229.33167989985566,7875402
2020-12-08,226.9574825432724,229.84478550201706,224.7337012180138,228.02853713264432,227.74146228711322,4528923
2020-12-09,226.07083817294284,230.54630771463638,224.46181382689343,228.27647581993216,227.9910108759122,5322385
2020-12-10,229.42864711472527,232.5855609410829,227.6895977250195,229.5218322325117,228.67968596403523,8215664
2020-12-11,230.68011023646798,229.09450798128927,226.98413404226932,229.03603312827227,230.04550193895219,1146451
2020-12-14,230.1532529321463,232.32581058699498,224.45778205424745,228.34551149779867,228.91750418134725,9967494
2020-12-15,230.22407477898912,230.18078854071112,224.60319017755216,228.14238413289237,227.0045090233023,3401316
2020-12-16,231.09055942693843,230.9226906430082,228.02776773878134,229.34950660152705,229.95868935790003,4678589
2020-12-17,229.93852509181963,230.20575497949434,228.08350104309804,229.5710114927544,230.121511282908,8144556
2020-12-18,228.81341365898695,231.0805364657389,225.95701981696865,229.06719445842077,227.94414892355078,8653804
2020-12-21,230.8404605058627,231.85736880285404,226.992505260821,229.57846836988278,229.2791079135243,5696854
2020-12-22,229.5995754893289,230.34826772262588,227.76217274592574,228.5035734803203,228.74749576732185,2311664
2020-12-23,229.38718914089196,232.32347548212624,227.79153511685902,229.21233025103723,229.10402891913262,2350162
2020-12-24,227.7529431846663,231.58149855822617,225.51474160101014,229.64833481901297,230.2867253116826,9646761
2020-12-25,231.32251148416165,233.77829067916892,226.21102077552422,229.36792360814806,229.19694893348876,2223137
2020-12-28,228.3537882884946,231.2961133274668,224.04971365171386,228.55673506997482,227.76561557409033,2749197
2020-12-29,227.0750804169407,231.37466476828743,224.2045154424734,227.69745140796533,228.7822376425462,7626314
2020-12-30,228.85116621151136,228.75889684297317,223.9593706192661,228.2596660045852,227.67084735367038,5658224
2020-12-31,230.31401578942078,231.3397382829514,228.5236688436991,229.51604376734824,230.01568254608844,2318866
2021-01-01,227.58162707611442,230.44826337744786,225.3741808890173,228.9061332805934,228.08929619176777,2512618
2021-01-04,230.93773819652037,232.0046103814505,229.29916253024624,229.39191724441886,228.9996860009317,6955790
2021-01-05,226.3772058658166,231.24746561210605,224.2825792842927,227.33228748609076,227.20049752222525,6766344
2021-01-06,225.35402154174994,227.13037010736494,224.64663661430748,226.77506701570752,226.07712593772087,3818076
2021-01-07,226.34688860494043,227.10056312201243,225.19869996658673,226.7714053431106,226.65792797120204,4753796
2021-01-08,226.93073945827226,229.73066954888918,221.99296399596264,225.88911918640275,225.1146873070153,1231948
2021-01-11,227.0743857853557,225.93775036190132,221.13614698992353,224.9800100718871,225.11276298924065,9757107
2021-01-12,225.72730865023382,227.34018489923326,224.23956465217768,224.33962777569218,224.7069014770155,7739952
2021-01-13,226.63778420571575,227.09846929544287,221.92059888363613,224.65921776429252,223.6761860495851,6338477
2021-01-14,222.88561119856857,228.23896635358588,222.84772457155788,224.49928600616013,225.33247496812913,1206691
2021-01-15,220.38200312157963,222.84456843579002,220.44051922122782,222.28845203310917,221.58855658038397,8009552
2021-01-18,220.4492753138315,220.76670073061246,216.53092244747893,220.19514914074807,219.5904105235856,7170317
2021-01-19,218.69460200085493,222.0614020933666,218.25476777328328,219.61568122316487,219.9700307736158,6520901
2021-01-20,221.5448680802002,224.26673838248468,215.94944977510812,220.1007650694924,220.03198591443245,3563720
2021-01-21,218.12839421834582,219.18490719844678,216.59967910136737,217.38065748704113,217.37934363654534,1532639
2021-01-22,218.9504217187358,218.3266538351239,214.0333243609928,216.90832457116346,216.10176177817797,9797472
2021-01-25,215.34816882870368,219.03534032090914,213.5004758947535,216.40947397492005,217.0711152587957,6562572
2021-01-26,217.7632774481648,221.87871223120143,216.72651973839834,217.82520901340246,218.08018266963805,1109538
2021-01-27,217.472979734549,221.10767794551768,216.05512985227057,217.46758446196355,216.67465859903405,2403717
2021-01-28,216.74141809398319,222.21584968655065,214.24028667672724,217.8779707069785,217.60344308477593,4645744
2021-01-29,218.4395163413961,218.14504517535454,214.72444381070065,218.0466251073399,218.7234634896666,7485351
2021-02-01,215.69851548454034,216.43087544369388,214.5221338535345,215.9434558878067,216.0910641363839,2290085
2021-02-02,216.5081099668634,219.38096977180567,214.4244755595471,216.73906036471237,215.89084940587927,7267279
2021-02-03,216.38618099790082,220.54285807569096,216.71418402955638,216.98185413044263,216.7058034055167,3529385
2021-02-04,215.41599344519378,218.75843286921656,216.60940229727308,217.5175200303912,216.95783526701285,8379285
2021-02-05,221.56902414989057,222.53072211620255,219.3192501912585,221.4711549971015,221.50983616050505,9332249
2021-02-08,218.6914592427525,222.86791639343613,219.03716173942985,219.41443931787688,220.1678232136269,2279757
2021-02-09,218.96070611258443,221.41592881098558,217.43619536210437,221.16653322791197,221.0255774594321,1086967
2021-02-10,220.05795336733703,222.53846339972893,217.73423843629303,220.90648296878558,220.75923119245385,9541604
2021-02-11,220.2417669770271,223.45912368971725,217.04617350146444,221.2212091334626,222.11793130082384,5753456
2021-02-12,220.7317021845521,223.68211135980061,218.13515364265962,221.20309414843533,221.37161863819117,2323213
2021-02-15,219.18046740570588,224.02391075856173,216.6533249697733,220.80625507531124,220.95240913658708,5199641
2021-02-16,220.29766877858208,221.8270128942105,217.82103833883005,220.2638194073465,219.73939304156013,5179379
2021-02-17,221.4698520065814,223.3241426944993,217.97231209573368,220.62072540319346,220.85838411089597,4496726
2021-02-18,219.70150271256998,221.69642640475618,214.84925708052887,219.13094896679576,219.2972922944126,1238913
2021-02-19,221.24489387665614,222.31743875906236,217.08472678156218,219.9089253945915,219.68209257145998,7529254
2021-02-22,219.30942531445996,222.33210774303114,219.38496281908644,219.5201282499802,220.59730378555903,7300530
2021-02-23,218.500855514708,219.55082073022217,215.2556329463878,218.41745617121381,219.25157270220114,7318363
2021-02-24,219.3481610057171,218.36390040434046,214.04709050975626,217.99484057349196,218.5389258086382,2267173
2021-02-25,218.96231419168382,219.8024634333761,215.7903000601388,219.27938705062851,219.361278227991,5561171
2021-02-26,219.65353286268882,219.75409349035323,216.2169282007385,218.77144922388626,218.68844690265274,1532912
2021-03-01,218.87065273627275,221.3497406836889,216.21487879279363,219.15730010236985,218.46672974118877,8806673
2021-03-02,218.0943243656284,222.12569834745167,214.1275190718166,218.45374108692835,218.02936733138333,3238679
2021-03-03,220.38000492872155,222.31407806196512,218.84152677552004,219.23906019712595,219.83968927996688,3340960
2021-03-04,218.52156000714092,223.42298582646674,217.01672896969262,219.95196519619014,219.85023511145198,6162777
2021-03-05,221.11184836212232,223.38509550231416,220.57066057666472,221.8279712897605,222.6759520032258,9461714
2021-03-08,220.45689588863004,223.47387585215816,218.84190232364602,221.67980460453526,220.8992946995517,1000617
2021-03-09,221.74924572699103,224.12676360261622,219.67344040517082,222.37585666956716,222.39441859583448,8451020
2021-03-10,221.30148230288054,223.35516221107085,221.81843451072865,222.50132146938006,222.82832205843397,1387529
2021-03-11,224.18004916876265,224.09862638034642,222.89909084506826,223.82459051151704,223.86230149985576,2155389
2021-03-12,224.46379122481338,225.77021483137895,220.35903199960387,223.1331553841823,224.00164962897964,2685885
2021-03-15,225.1890431051306,228.33538022617336,223.33132999937573,223.90555795733354,225.0017173550673,5855949
2021-03-16,223.13193155865292,224.4847816725934,222.55163578077574,223.73825792149083,222.87873307852567,1557512
2021-03-17,225.88819540090307,223.91033625862264,219.96455391789434,223.7014670046563,222.87367069649758,3023306
2021-03-18,224.24074758524011,227.3101219854089,222.35642029724326,223.82061674937864,222.99320590037516,2675042
2021-03-19,223.64936604678613,225.23234617322856,221.91276630236925,224.1002544060793,224.5062727392989,6575533
2021-03-22,225.51471524900822,227.72841640538454,219.79489891594883,224.0114226232313,223.7262025334121,2488909
2021-03-23,225.2845342565823,227.4107387594292,223.23475335258456,224.2535330666758,224.77674943772715,9081508
2021-03-24,226.9850701917284,230.1308268877262,224.09903715438543,225.85904838451196,225.6455471527226,9700970
2021-03-25,225.49314649755706,228.72737727096793,224.12013083089272,226.87189533040117,227.16139911765623,5455616
2021-03-26,227.62415271668974,230.78396403144734,224.32759968176964,227.76844718317204,228.38309857230632,7197868
2021-03-29,228.98546726920947,229.45390946967035,223.2406618001203,227.34030491742215,227.44991911572373,6547612
2021-03-30,226.49675178456135,229.33475650768386,222.33176307681475,226.47846134946778,226.56792847329672,3997975
2021-03-31,228.29572664140147,229.50648493440303,223.92805013651744,227.4611591679795,226.52455219121833,1013302
2021-04-01,228.7662222618651,229.22614178296882,227.32174960274926,228.36460322078327,228.16086030197792,6770402
2021-04-02,231.43858576535195,232.1996246070284,229.75061538697113,229.8646711568082,229.96989665953365,6433577
2021-04-05,228.30013512938527,231.71204900679663,227.52819197840654,229.28808779111296,229.2009143532895,1780638
2021-04-06,229.4317428902135,232.7998952285246,228.43739937454004,229.08593639602657,230.00407159406495,2643667
2021-04-07,225.7597642853029,230.82008402035999,224.24195723786278,227.4738494937751,228.39860037202868,5337922
2021-04-08,227.97274638021364,230.12383370796286,224.10580448563977,227.10877564798824,227.83987826964145,5755029
2021-04-09,229.1911326058085,228.65008960237572,227.932115994127,228.13274341884164,227.84825749709424,8000683
2021-04-12,225.61178456321664,230.97524030156148,223.8839035557767,227.6936452998874,228.18842165957048,1612277
2021-04-13,229.16440019677026,230.64653129830933,227.2254545360442,228.3615223553622,228.12240149097903,7141556
2021-04-14,227.8090650749974,232.27905847646696,226.22574582564542,228.19841650963838,227.58819933685564,7570859
2021-04-15,226.83161859017895,232.75459846106378,225.4967474193314,228.5498707981339,228.19082499294214,7091986
2021-04-16,227.0652688181665,227.6804614696132,225.47632601044526,227.42957666859223,226.45382335031496,7496798
2021-04-19,226.15068524285383,231.27679482678403,225.5339515755521,227.5421833785001,227.1594062495556,5968217
2021-04-20,224.19917448901785,224.74776509405658,224.2836720054899,224.57844466787333,224.49028014998737,3093508
2021-04-21,223.89981550173977,226.06694217633006,222.6171150077635,224.41894576998533,225.44113119223616,8092920
2021-04-22,223.87821858521906,225.2325306016088,219.40746481489984,222.81586978654417,222.4001189612998,5018579
2021-04-23,225.2780174296921,224.712899054752,219.9483699124265,224.04926156336495,224.95095574609053,5889665
2021-04-26,225.3353827391185,228.21030008439885,222.9945359239834,224.85406617640342,224.24439298449175,7317460
2021-04-27,223.1969018256903,225.3857887586197,223.4390489015759,225.34813441864347,224.65173859497057,7042482
2021-04-28,228.8524871637087,227.66162871375565,223.70806474880078,226.89653790607682,226.93963793908085,1475710
2021-04-29,226.81670002437022,228.59993013463404,221.7141602349611,225.97501864552598,226.36485124446145,1279986
2021-04-30,225.6280414359964,231.00381129268422,226.53331770078063,227.74977910371553,226.71199681147084,3989283
2021-05-03,230.1677693453297,232.90226522090816,226.69606586275842,228.70936792824986,228.07141943126322,2533403
2021-05-04,227.13042497007564,231.72433256233947,224.86260883675442,228.50020990130488,228.39894698623982,7098020
2021-05-05,230.0271111901246,232.74888721367896,226.862743452525,229.6632273087618,229.2751064127689,2176714
2021-05-06,228.43179385211974,230.38713519955752,228.07876494744417,228.58433105662414,229.07034952853786,1958070
2021-05-07,227.42202014635765,227.79306566962126,224.92742433401327,227.78721415537044,227.81263656617608,2621122
2021-05-10,228.97692777137294,227.75203983534126,226.3574240846208,227.2060216924047,226.43433712820683,2424079
2021-05-11,226.42043177668302,229.1281590322884,224.39107687962778,226.70444124461466,227.5987117786944,2166191
2021-05-12,223.75859415139968,228.72248339425548,223.2871702914416,225.67528086212837,225.20792016362591,3597545
2021-05-13,228.9528378524969,228.82035658110675,222.94909889090363,226.92576118949768,227.45025721786092,1979712
2021-05-14,228.60096288088423,230.00711944944047,224.59740769792015,226.6943040494018,227.32885717676925,6214570
2021-05-17,227.911804410002,229.4442356080124,225.80512295344016,227.07420627803268,228.12591794970484,4462551
2021-05-18,226.38578525576642,226.8673167012795,225.484830250474,226.53125217189296,226.52787111712092,5564102
2021-05-19,222.90804680058503,225.60111327297955,220.80849295975966,224.73804613161843,224.9983726057997,7929913
2021-05-20,226.34407371940955,228.81608916622483,224.26583048512902,225.03550075028383,224.66391379045808,3394405
2021-05-21,221.25599550756013,226.38593794621028,221.2499861709476,223.15064303513805,223.54825127414253,8390702
2021-05-24,221.18442268699476,227.102002562463,222.27420459858277,223.10940624932653,223.02771136205368,7784814
2021-05-25,221.9342996353879,222.2898983396944,218.3385991086777,221.76848847076775,221.63022106241985,9004925
2021-05-26,222.26201019038626,228.215064322527,221.6600295460354,223.78316173027252,224.57863820585303,4110984
2021-05-27,222.50944570623554,225.66308729628872,223.14372801393674,224.7219217127212,223.7110524933689,7231397
2021-05-28,224.5093060629059,224.9080480630584,223.23117104490237,224.85507276426665,225.71393465930015,2257448
2021-05-31,224.50533798129888,230.65744438663583,222.2916770105614,226.1461767021953,226.94236917976622,2094880
2021-06-01,223.79735537294397,226.59393014297433,222.83165065170996,225.32725798500354,225.3416028895907,3633631
2021-06-02,223.9866326741691,228.91622158824956,222.6548344544065,225.8981346239476,225.8760030543517,8927321
2021-06-03,224.79162680012135,226.92438929343314,222.06847948674903,226.1253423179403,225.8128537558524,7833412
2021-06-04,227.3925442543962,229.04422894199885,222.3333710927661,226.41675965954792,227.5356519457604,6907002
2021-06-07,229.12346738738987,231.83378426818788,226.22037171002532,227.71651041992868,226.8310787930332,7126140
2021-06-08,228.25950094052237,229.93947659122966,224.12414707153363,228.47639978298244,228.6825203054024,6085085
2021-06-09,228.8225099871965,231.85950263993067,228.67869239106324,228.79252070608143,229.20819459575856,7499397
2021-06-10,225.04174186343695,228.0187330198494,225.45295329566562,227.16503053012713,228.15167642589466,6874110
2021-06-11,224.2836893378978,229.05936051510824,222.17920731762493,226.23238149512161,226.86629253909325,7304526
2021-06-14,225.0406113387628,227.65874775581034,224.89495823646357,226.13706982179986,226.46236167125852,6858560
2021-06-15,226.45648669287257,227.21358994161943,225.02210307744434,226.2578394563505,225.39084728330675,5021119
2021-06-16,226.2337559278843,226.5653232911238,223.79229438031632,225.15503299195055,224.87073765011465,7709884
2021-06-17,228.07206848720128,228.40817039318387,224.80692856811945,227.59410692780295,226.77213178956492,3101778
2021-06-18,228.64354631158395,233.27116147016605,227.12912522462173,229.13789824333048,230.01140108633794,8118655
2021-06-21,228.01348001069803,231.5926258974748,226.4278141463027,229.76741382399695,230.3409618974931,7293748
2021-06-22,231.15765711537455,230.99447955956933,225.75264217356923,229.86684794555464,230.45883963966568,5573240
2021-06-23,229.05631829527817,231.74186075570134,226.58500653061012,229.68203623592746,230.03174210625167,8324715
2021-06-24,229.83749763152716,230.22401617613673,227.8220490597793,228.7575150361792,228.77362765624625,9812409
2021-06-25,228.92180019130174,232.2697842486771,224.59327657678315,228.86239281497205,228.0613082061153,7688491
2021-06-28,230.24131907717344,233.59859573834265,227.93538477605162,229.14754261538877,228.75729263332505,2030593
2021-06-29,229.78987539293433,229.93002738041267,227.24986163431896,227.9331793001811,227.10558992243682,8796728
2021-06-30,230.21712956497646,232.22614112474423,227.8839718236272,228.29475297769997,228.8082178815891,6714873
2021-07-01,228.3270952861972,230.74911555580593,225.59598085606294,228.1668911891492,227.3916457502433,4122971
2021-07-02,226.3385646388184,226.9980869980421,225.77162274569972,226.28648089154578,226.74383653163423,5440826
2021-07-05,224.39692097162919,228.56755933393788,224.8277429843017,225.45349314104027,225.88693963263617,3594171
2021-07-06,227.02897056445622,227.37843103240496,223.7167439549878,225.06728486789257,224.97569256369542,9135098
2021-07-07,226.7913376424752,229.9358939944202,225.70376443359876,226.98236978550676,226.15440314032543,3238997
2021-07-08,225.87136634482331,231.61557798193013,224.81622893295852,227.5663201703145,227.1448692253619,8270556
2021-07-09,225.95371451551367,228.25127484086954,222.56232893985484,226.25823586148857,225.85118170388967,9448201
2021-07-12,225.08019427028012,230.85890049224014,223.31861876032502,226.77166941118017,227.22608612286103,6852640
2021-07-13,225.26316800934504,228.6335530556776,224.0692609604829,225.2517626825158,224.38171202526095,5352708
2021-07-14,226.63925977594934,228.57388130523353,225.25127222881636,226.36185099667682,227.10673687530127,5501036
2021-07-15,225.18504532655064,228.64369986523147,221.55432739962296,225.9181236051329,226.50778637759353,2139067
2021-07-16,223.9170143551495,227.32254692455942,225.81468126294382,225.85188467666774,225.143402939264,3675238
2021-07-19,229.2204036978048,231.67464462013655,223.20753912755728,227.20507858448389,227.7030311903338,8261095
2021-07-20,227.18056936792718,228.9610096148394,225.04275782370223,225.9453122761736,226.3260599102676,7217370
2021-07-21,226.0976797323789,224.7725300079011,220.3208526106199,224.5755913513346,225.13281010544935,5536189
2021-07-22,223.42290806513125,225.4827820823197,222.4857199073634,224.01938928526255,223.32252893493788,5201965
2021-07-23,226.25934930720547,227.89114204489022,223.10283235936726,225.08516539655585,224.31445200684792,5361565
2021-07-26,223.52780615298514,223.84513135702701,220.43106912969688,223.59321658135298,223.0040126492707,3459082
2021-07-27,219.4685119287492,220.89392531907131,218.19344736687216,220.78845824351637,220.49231844483072,2868418
2021-07-28,218.70942007308255,222.3480857459136,218.96344456653173,220.36469664538134,221.01183058999462,5387405
2021-07-29,220.25913360324066,222.41395158696992,218.4965241789596,220.94383470556625,221.4695129767145,9343374
2021-07-30,220.56098193982652,224.11904284438276,218.92464891623584,222.17149371557903,223.11672587318097,3655794
2021-08-02,223.94541031341785,222.90069946838557,221.54798621141063,221.7357296137676,220.7570536463354,3443625
2021-08-03,219.35594459670176,222.0809113339249,221.3021205617224,221.35170026692558,220.2705217901035,9395112
2021-08-04,222.27104843546977,225.60014101067128,220.49429807432853,222.5329982614553,222.97614786989126,8107699
2021-08-05,220.4792035847143,222.96187454377534,220.10875163441895,220.69065382203382,220.20356195343498,1966710
2021-08-06,219.45099683644804,221.21152797419614,217.402036993112,220.3295303071248,219.96395711697406,6207090
2021-08-09,220.86207943410383,221.957043487632,219.60317741144593,220.54735145732383,220.65057208590667,6994749
2021-08-10,219.47669810254706,223.6400420731519,219.11055806019704,221.02396743888286,220.14520514960137,7546392
2021-08-11,221.7938475810038,220.8601494660013,219.66966487815097,220.54155800596595,220.85625849540853,8432764
2021-08-12,219.86414422977197,221.2539689706562,218.1834494415665,220.60339627794576,220.21766560585297,3872288
2021-08-13,218.54098014093438,218.46202571915038,217.6361424280182,218.14246618480675,218.43197422995718,7793162
2021-08-16,218.4496958027739,221.0453841319017,217.4110948553843,217.51161503274687,218.23811886369384,2545152
2021-08-17,219.68868644582787,221.2729127170905,217.76959471169485,217.99252100557533,217.27556830981595,3332510
2021-08-18,218.49519438068265,220.30756921235482,212.89542453060608,217.0376242315946,217.97278095590946,5331517
2021-08-19,217.59433551419372,220.2346342728499,216.50613063860564,217.1240057134582,217.19063703461197,1327124
2021-08-20,217.11256644494156,220.5114177509019,214.5150025526591,217.59827547453483,218.51855899805636,1861129
2021-08-23,217.29704994842672,219.3559693994273,216.98793917748426,217.28312353395106,216.64807032740896,3753583
2021-08-24,218.64987871424066,220.274650312507,217.01052816732104,217.4809845652216,217.70838847769053,9480085
2021-08-25,218.18076615298776,216.71178981597484,214.3417504951202,216.54564926021095,216.33752099439664,8157432
2021-08-26,214.65186940522105,219.05571607597335,214.3547859206976,216.3664352407889,216.95976002043233,5380239
2021-08-27,216.50431552629053,220.38010090009487,212.8741130749776,217.00404867065208,217.23387536532923,7215692
2021-08-30,218.38780544067922,219.361859715319,213.08427252880287,217.1884188918945,217.17650709957883,9670706
2021-08-31,216.33316028675938,218.17824201606837,213.25156362815906,216.6292848826045,217.5239322152255,1385468
2021-09-01,216.15316668155785,218.08426973766217,214.269210828471,216.8808985471693,216.6143889317837,3439507
2021-09-02,217.23694135052142,220.42067459569336,215.64270987402202,217.62290559807985,217.0135183837295,3946371
2021-09-03,216.04382887165073,218.58772535832662,214.06451716401315,215.6003615797764,215.83342812950156,1864853
2021-09-06,218.9538563903342,220.56311905574776,212.68051070915422,216.78683290500626,217.05571022585477,9587420
2021-09-07,216.44763573139699,217.96013120841272,213.8676458493177,216.47797542659916,216.34612869645204,7925866
2021-09-08,215.66613171997935,220.27061003335797,214.41848856110275,216.93086262011337,216.9018156723843,2219990
2021-09-09,216.68446927921846,220.60476409050094,217.14369666907413,218.15550680403254,219.15804788403375,2322168
2021-09-10,214.82675608052725,220.63940768221337,216.6087381400535,216.81123036707606,217.31571907748162,3259434
2021-09-13,216.38342904777093,218.41069865805684,212.04352984591057,216.12918662492248,215.2875833576701,4341847
2021-09-14,216.06046898560024,218.10282986955386,214.51352691139257,215.86803518932075,215.24661602940824,4401712
2021-09-15,213.84352643044147,217.59784111253109,213.20755757081758,215.1116789284703,216.13469981139613,9169833
2021-09-16,217.72125020834696,220.12415332249822,216.37676427281033,216.8740127645811,217.36515769862265,3292959
2021-09-17,217.0864356012584,220.21296203530835,212.42837765440981,216.04463793102826,216.94132067105787,3370763
2021-09-20,214.47812223525236,215.8335707273429,215.39738610010554,215.51648841181537,215.0937775265815,5221399
2021-09-21,215.07557056496267,215.97884316919914,212.14963334285838,215.74827470369232,216.2700982814091,8569103
2021-09-22,216.67836712572128,218.5969920050967,213.97149345110705,214.5735224378902,215.03271558768162,7027937
2021-09-23,213.66657479214555,216.47528168635188,210.40710543394934,214.2052389864079,213.76545417905527,2167138
2021-09-24,215.66918994831389,217.18863944421273,211.41863381471381,214.55008950793206,214.65911597967118,8256671
2021-09-27,214.04205989765995,216.31175964927854,213.5390319865413,214.2446263638235,214.5176063928956,3897201
2021-09-28,215.43520067186526,214.57982527564496,211.75491423784032,214.17863676519755,214.13822513484553,5291033
2021-09-29,214.82638188104386,216.95915801612162,212.34055451134904,213.67670191302312,214.37580658277165,9574901
2021-09-30,212.9015506386483,215.3606952665057,211.43324456192934,212.18962886411634,212.89594244851105,8023915
2021-10-01,214.04670133356709,213.8635992075784,208.8864313673161,212.53861933572955,213.28378090047318,6317505
2021-10-04,216.2036241663264,215.6336193849079,212.59128201704382,214.32094966765078,214.97124994245743,7812357
2021-10-05,214.70966384559304,217.9588552113613,212.65805815456784,214.3667485587082,214.34120349623444,5784008
2021-10-06,213.49252457179438,214.92999537545066,213.89019037816922,214.61940993622972,214.36495351130677,4259520
2021-10-07,214.90294611661508,219.13426532132164,213.6897462990423,215.33952995162053,216.05311408334222,4206084
2021-10-08,215.2036493649686,215.1966097348601,210.36537527423548,214.0975967153478,214.07661827360363,3370406
2021-10-11,216.47880476751664,218.38715704906906,214.2600453357841,215.8275086337514,215.28010834222755,3338701
2021-10-12,214.66495469080294,220.10180097047777,211.9452180057425,216.05723469044815,216.07310092331213,4822216
2021-10-13,215.76243782108662,220.66925785070345,213.59594783175163,217.71648884981124,216.93673685728447,6687251
2021-10-14,217.8049461445965,218.8095684577528,216.38196148113235,217.01085311456123,217.42670990692875,3908003
2021-10-15,217.7667537603049,221.87449058067182,218.08019855589714,218.85631229739303,218.4972156650903,3881154
2021-10-18,219.6574163739374,221.1700285819848,215.8689849077291,219.65886505170178,219.13313088477037,5078452
2021-10-19,221.3261691387699,221.46056640184156,218.5092745819659,220.2393023978281,221.2447140759206,1416918
2021-10-20,220.77708552270556,224.8961118023627,220.48143478724208,220.50072411245523,221.11124871303207,7025461
2021-10-21,218.44379400877375,223.58726808202388,219.07302529642124,220.27959275465474,220.91194828617782,4009810
2021-10-22,220.11459482309834,224.36372816066617,218.85993533014422,221.5075216734026,221.78157514131846,1775217
2021-10-25,220.43091874237987,223.25045741785755,218.13172868667775,221.67527880352463,222.4271410768491,5448761
2021-10-26,218.67148945927477,219.95165405228252,219.14940178704066,219.73560636021142,220.30507860965395,7125023
2021-10-27,218.9318207203379,218.7816262795605,218.16242901972356,218.6458171587784,218.86178173131938,5463074
2021-10-28,218.5046981228349,220.9090007522097,214.4580567159384,218.48736866685962,219.49486723874622,5722556
2021-10-29,217.5256462138805,222.1597975310057,215.53736761026852,218.82476491029917,218.1498982839746,6617818
2021-11-01,216.90323195943375,221.14709744682835,216.21475035971346,218.79557368167323,219.765668881436,9668810
2021-11-02,218.59596781738284,223.7421013279117,216.65687463523867,220.04194173174085,219.82506434959666,3319526
2021-11-03,220.2312850880983,218.26405585740807,216.24741798251924,218.11823712797622,218.18018048993378,1166232
2021-11-04,218.15190508736012,219.89038283573547,214.97796801979834,218.28922232475534,217.46570291925153,7438790
2021-11-05,218.08923640584683,217.52514870681694,214.8887435177905,216.49864035964217,216.58547241959093,4513054
2021-11-08,218.8013287405,219.22947076145843,216.2249844707136,217.2857499154003,217.5273863401319,9108600
2021-11-09,217.26873372450703,217.53311856533588,214.05158167635437,217.21868846123226,218.2997892228001,1493441
2021-11-10,218.56547217059767,221.81933024444595,215.83873046481617,217.66569569353038,218.70002656097208,7957700
2021-11-11,215.49680321613027,217.7973758380263,212.57338554848502,216.8292099932146,217.84049555661534,9123853
2021-11-12,218.9579945296539,222.15984409494249,216.61136568603433,218.1360721851463,217.80535185448923,1338371
2021-11-15,218.20730445978108,221.07235394387342,215.1642453468083,219.20519410947912,220.28207579164805,6011799
2021-11-16,221.27598781100284,224.14881780445324,215.71453122969638,219.81613567276497,219.71826946607126,8324278
2021-11-17,217.8847828392178,222.1487035332682,218.65124604207287,219.71401568617551,220.48704925894128,2921788
2021-11-18,221.52483541893457,224.422915811918,216.8039681386775,220.32127023174462,219.69626278409342,1954040
2021-11-19,217.88436356557392,219.66527215144822,217.7393498643453,219.64177492403127,219.65458702336355,5186848
2021-11-22,222.2059608977844,223.8248310252231,216.47799002808605,220.52472784332593,221.55239975002831,6535108
2021-11-23,221.33148458757302,226.21479210626086,220.20123927235989,222.20160599792382,223.19491694120265,7578402
2021-11-24,223.98913339303212,223.92360479115413,219.97555916527966,223.299613818177,223.70989309080153,7016285
2021-11-25,222.54176940079077,223.02535591856108,220.51849390495246,222.59740860864355,223.26033557311206,3336027
2021-11-26,222.38997205239414,224.87970002908486,221.97029458308324,222.98622318619064,222.26469929770556,4919980
2021-11-29,222.36542756082463,225.86079358688897,220.83647878152732,221.72047890270596,222.211941300151,6706665
2021-11-30,224.31013503994484,224.73193696602638,220.42862694468585,222.32026647415563,222.58271734582175,6251037
2021-12-01,220.75418103983264,225.1485948695489,219.431809138856,222.7982671472921,221.8882514923527,5767334
2021-12-02,222.8068078277813,221.57950089110145,218.2819664050359,220.95584806803393,220.10110027036936,6469896
2021-12-03,220.30103126095267,219.8249325140429,216.79395154585757,219.82146148439554,218.96073652240094,3629115
2021-12-06,220.91523356128414,223.12329969196955,218.3259360793158,219.56571984792575,220.0583307669136,9699930
2021-12-07,218.78295088910778,219.67634583315208,217.18075648528998,219.2922573610589,218.5065665534436,9207826
2021-12-08,217.98735101068857,220.87515961772496,217.9165165032966,218.11017768591407,218.03979848510664,4921932
2021-12-09,220.13862734777504,222.52391331034318,214.95350284799292,218.52655367554024,218.2140209447959,8060942
2021-12-10,218.43279002242252,219.71850795356883,214.4735490485063,218.80542454475471,218.91593034437966,3750484
2021-12-13,218.7901110232561,221.54763847400085,216.85936368574568,218.63855267305019,219.08998987631685,8302530
2021-12-14,215.81907042661118,218.25314281954175,217.86237660534775,217.91015843316578,218.31268760668652,8992645
2021-12-15,217.49101588344087,221.63054447200162,218.24261770806473,218.98626281985634,219.02024930371002,5257500
2021-12-16,221.2943837841919,221.39256039214106,217.78921724458485,220.6690671932186,220.59036529150137,1508370
2021-12-17,221.16852523485875,223.45423236988395,217.51714769945897,220.21290296964605,219.98787972528254,9421008
2021-12-20,219.9909631038825,220.95131065218467,216.16738815945402,219.6281333127652,220.4229893764993,9904201
2021-12-21,218.57625559692485,222.1870186207985,219.02890350037165,220.14673823845115,219.77436400408908,1395916
2021-12-22,219.57609079687305,222.45139587172417,216.4589342353032,219.81610611897815,219.28715343707717,9087002
2021-12-23,219.06738068185336,220.45669561064054,216.68104788830868,219.70410617858886,220.23868030911817,2981195
2021-12-24,220.45202562061485,223.74135154342645,219.0477308770839,220.4711565905875,220.16197547262766,3805441
2021-12-27,220.20819629478734,219.91227594876682,216.20444142989044,218.5891977633542,219.3476992188137,4846601
2021-12-28,221.14832849235674,222.84847108880953,219.28708434939685,219.93489734848083,219.55636457849027,3659540
2021-12-29,218.20423793874536,220.73153127557663,218.04337474789284,220.03497513308415,220.47932437761938,2268374
2021-12-30,221.36551441819745,222.67379222622193,215.77976384029404,219.65087924879595,218.65170718147812,3319840
2021-12-31,219.4650498700093,220.15201627784373,217.73926211996897,219.58904235484846,219.33775097918425,8843711
2022-01-03,220.64980844931694,221.44685493734423,215.89184681348573,219.57886897014293,219.23463556145023,5529980
2022-01-04,216.30653540978318,218.95226571429603,215.30303512138562,217.87506492697202,218.56502893577934,4385881
2022-01-05,220.14650881750237,222.68123209988408,218.55545537360373,219.3974004146992,220.4221078278785,9731150
2022-01-06,218.30877317259907,220.6162794394422,216.9154606121742,219.46612330724378,219.38027096171453,3331992
2022-01-07,219.6654768736733,223.8149594653895,217.71083841880625,219.93652269796513,220.65095631039864,7707776
2022-01-10,218.7808204088283,224.85580734714398,219.15414897244855,220.91546972881315,221.35662621545669,8900180
2022-01-11,218.3893368845872,220.78573870921102,219.3955179280822,219.9217045315268,220.94958776233833,9319720
2022-01-12,218.62428033954825,223.1286837518018,218.5855337675465,220.42257369083603,221.1083270851218,6629414
2022-01-13,219.03625517296823,220.56860735468612,219.86191006967908,220.1823298602112,219.25201122167974,5697615
2022-01-14,219.28812589088454,222.7875342963852,220.61982708364792,221.05649789570168,221.5279710018515,7829471
2022-01-17,219.79706733429762,222.08039871392438,217.13531377348215,218.95666773562417,219.03439672956864,2924393
2022-01-18,216.82324895158172,221.7717274569125,217.5481023610236,218.88497069565688,217.82652190276727,4017375
2022-01-19,218.82362480795362,221.037109706872,214.26844404444287,218.3095473001469,217.7666397461463,5972465
2022-01-20,217.19716624875068,220.00543232771344,217.1253502850481,218.76920751105501,219.69187811823667,9896040
2022-01-21,221.21883017791657,220.9244142364024,215.9431887424396,219.2666489586972,220.20085945331414,7667371
2022-01-24,220.47978998624288,219.03647290927327,216.26832215066648,218.58642032414912,219.23966684722393,7038527
2022-01-25,216.70537721711128,221.03516880914407,214.83321522990641,217.90164372024708,218.95144939489873,6488791
2022-01-26,218.31683683825074,220.01350039608653,216.68521479414125,217.8183756119637,218.4860874407562,8924814
2022-01-27,214.90115393273288,220.02445240029022,212.86222134477435,216.94913064492246,215.88652288730256,3884728
2022-01-28,219.69954235612093,218.90300176152604,215.50924985235807,217.81851160064855,217.35637551856559,5624822
2022-01-31,217.57668573978683,218.88785677759753,213.86082931979362,217.4767016604751,216.4559186136139,3747663
2022-02-01,212.63665086260647,216.0315436159899,213.03035567954797,214.59711070142743,213.72607812977088,1230096
2022-02-02,213.57479936451847,214.3599919691352,213.82028090391557,214.24968590507956,213.6473032385033,5116952
2022-02-03,211.4338992909985,214.69303034948865,210.36531359052205,213.23853934450958,213.24612753671602,8720093
2022-02-04,211.181527444146,215.03480260786262,211.60181657844788,211.6346607893226,212.3701589659838,7751214
2022-02-07,211.13976516970155,214.2009055160564,208.42436442324976,210.42463141137398,211.1862986238493,9072418
2022-02-08,210.4346366587746,212.74377300936845,209.74950422929197,210.56143714348093,210.8061134468466,4873723
2022-02-09,211.42464916882471,213.84805061629822,209.25843857355622,211.91747523200314,212.82485487162322,5152268
2022-02-10,210.64131725568555,212.38891243957906,208.10026178161675,212.25805696614208,212.2581892593514,4146265
2022-02-11,210.59913013405318,215.40113187324968,209.712864438677,211.6789508382003,212.5024582548039,7929977
2022-02-14,210.46556228028174,212.21745781731005,208.69340686663273,212.162252293645,212.06479610689368,8416584
2022-02-15,213.03269681210784,215.73120850026874,209.58029064613459,211.73055924369996,211.25887650605918,9686205
2022-02-16,209.52360601301368,213.1284686012866,208.9702829133947,211.0633561348108,211.94225121513244,4147708
2022-02-17,210.33683753374663,211.3720805957736,206.02979572674334,209.93639072685178,209.70112566946122,2906450
2022-02-18,207.55709264864282,212.06062580095823,204.50592843766583,208.21195918037404,208.2190469420917,9552987
2022-02-21,206.7103279879626,207.95082581572368,204.5828691154585,207.84943273408857,207.49372052961888,6331846
2022-02-22,208.61516949547217,210.4540166894617,206.80225286182656,208.03488348428266,208.37364249631605,4845932
2022-02-23,207.7868162148795,210.2488393374836,205.69879640879807,207.96565707454175,208.99515201434969,3814372
2022-02-24,207.16253714555947,208.48760520871568,206.64756869550737,207.57708740686837,206.59216225146164,9643043
2022-02-25,207.0425121706077,208.43140531778545,204.82395330915284,206.65873860644558,207.48505945200287,9430596
2022-02-28,207.2581786272831,209.99859533942555,205.28688909337887,207.2943820584045,206.26604864368764,5642972
2022-03-01,205.19498407221954,209.00049551525746,202.5782131339769,206.0046473987319,205.72495052402135,1811250
2022-03-02,207.0523595945774,206.8110376161977,203.10195458878013,206.80807257284937,206.12272469629912,2443478
2022-03-03,206.53102168137272,209.68996459271202,204.12640089169477,205.8332528141966,206.3629477722049,5082437
2022-03-04,203.16663241086863,205.78312494565557,205.03558829464447,205.10821483711754,204.18648075492305,3498464
2022-03-07,203.52980960802122,204.6202879673047,200.15849756659892,203.66882690677585,203.7777590843127,1108336
2022-03-08,201.39729269485235,204.2655508182602,202.4865715189643,203.19482202016417,202.77812254282128,7989903
2022-03-09,202.91682693063652,204.3519873095952,201.65779649772875,204.1975317389161,203.4494954290725,7677174
2022-03-10,204.98832892610986,205.24443229432805,204.63830596631678,204.74055708763404,205.29707920935866,8718553
2022-03-11,207.25321730824984,209.80513491128204,204.10243626679323,205.74637645993607,205.1649718359305,7577267
2022-03-14,207.87534123294537,207.5964747793374,202.22792458760534,206.29591626614396,205.72586951298223,1594399
2022-03-15,203.4545249576977,205.6928846714347,204.80635759906397,205.21964369788756,204.7580570777538,1523931
2022-03-16,204.5847180837848,205.35473669799757,203.17981948197277,204.91625173383397,205.09405093402108,5845592
2022-03-17,204.50238766361787,207.10119844577557,202.90927399585766,204.16344986499047,204.48942933938937,7962453
2022-03-18,204.07072812742848,209.0340653703769,201.8011220656917,205.5214220293035,204.52999187618101,1098941
2022-03-21,205.4368628929493,205.40220512681083,200.79900231574305,204.35203064315115,203.82453600284313,7613349
2022-03-22,206.27582429040186,205.35896881184772,204.2972622432623,205.27312559281424,205.13142728365446,1123569
2022-03-23,207.85680244162222,207.1134708537068,205.85866888160916,206.19347672319697,205.84702415916192,1930135
2022-03-24,206.0052996234876,208.28565653317668,205.44096512904864,208.05049418518703,208.8497631387334,3577838
2022-03-25,206.49149136368496,208.09764167044816,206.2711431215205,207.6682048528315,208.26568440946818,7122034
2022-03-28,209.77169035199503,210.2065185039708,205.60657001704,208.40792427268568,208.67028945775257,8659958
2022-03-29,211.43585561004784,211.6859274340987,210.58160981381894,210.71697336949848,210.3757012503451,5009766
2022-03-30,211.78416595063584,212.29500934826368,209.56611405418565,210.12672895283876,210.54839518697693,3832736
2022-03-31,206.77147045120321,209.6767586676304,205.75527900891672,208.61908596558038,209.33598044700958,8783888
2022-04-01,207.16745113630446,210.65590480503715,205.88825056381938,206.76647319194657,206.96255061872634,2163731
2022-04-04,207.79313485684605,211.26636921515643,203.94748072557488,207.50658248108186,208.09685874950787,2545679
2022-04-05,203.74105070431747,207.98211244689605,205.40984424008363,205.65082953329727,206.16311595282443,5403025
2022-04-06,205.36143098613442,206.76121452863387,204.42111325908243,205.3059077406333,205.45318867849974,7276489
2022-04-07,206.22133943119385,207.33919477868014,201.6611309953726,205.77061818794624,205.38414643213915,7641425
2022-04-08,204.71142264391582,207.6798839349818,204.19906303404622,205.98319098505016,206.4894609169731,3246384
2022-04-11,205.50017427584783,209.44000489018913,203.5336842496213,206.4360331095083,205.830755159284,9828029
2022-04-12,207.26587607260907,208.55266684699848,205.93064334935087,206.6857202255831,207.2633827274344,1478061
2022-04-13,207.86012032362268,211.55584251368154,205.4550271443345,207.99198329917047,208.62541600422972,3396148
2022-04-14,208.54972091887672,210.97688289128612,204.06001114151368,207.06706417870566,207.73412012323405,2940940
2022-04-15,205.76676317045815,207.8043693763988,205.11919689279554,206.41746630052108,206.36156013404272,4151923
2022-04-18,204.7123716681569,207.97858951192316,202.2625821954228,205.67220411552424,205.0397225325185,4563230
2022-04-19,208.53257843532404,206.92243332552408,204.0373190339072,206.5297931876608,205.70310316669824,4048237
2022-04-20,209.16345374908553,208.28936554285022,205.84305860806398,207.45758903632986,207.96246041924076,6531743
2022-04-21,205.97742233095178,209.655701719174,205.61713068175808,207.93621161592233,208.73938890584884,8126338
2022-04-22,210.27954465242368,210.0096365544337,206.73454534105588,209.14710254308625,209.4625766001172,9146492
2022-04-25,206.37547919168688,211.6428884985286,207.3078438417987,207.9964589359838,207.25632446211168,2589056
2022-04-26,207.70943750865567,210.35490462842714,208.00209259356237,209.69108030780893,210.60301936892571,8947956
2022-04-27,210.28561723802088,213.16680766870172,209.790778853689,211.24171618979517,212.27490367922687,6314692
2022-04-28,211.02674012952522,214.57295759200161,210.30486993450495,212.00473544731489,211.86349494555608,9509528
2022-04-29,215.17942761668542,216.7725344633065,210.55921066998243,213.81393161635992,214.01668129552277,9329900
2022-05-02,213.0787130204455,213.81033489828033,210.13696026971044,212.1847056689561,212.772942188152,9059703
2022-05-03,213.72667019692943,215.36720566578924,207.70658836810415,211.68765479296744,212.1880627956944,5882788
2022-05-04,211.8722473631969,213.3778252248546,209.74055307540092,210.97974859255947,211.96668483404886,8980604
2022-05-05,211.38247239009243,213.58975273876231,209.96829823436562,211.72862517659078,210.91322244000932,8059919
2022-05-06,211.54418626113133,210.98924163893895,207.38955312506957,210.7058816972626,210.87597373821777,3785776
2022-05-09,213.60339380195308,213.45632481488968,209.18119082841815,211.49077410687408,211.89669135209502,5076221
2022-05-10,213.78344418659867,216.38321535833146,210.5595852098544,212.88870751114476,213.71918300441922,7471742
2022-05-11,214.72926960438687,216.23676588190338,213.38342643208378,213.61130767150274,214.4104481393965,7222062
2022-05-12,215.79797836852703,217.48282067255093,212.21706757960334,213.92245595543818,214.9450048532864,8528987
2022-05-13,211.31642802854742,215.06609394385325,211.8088600413028,212.96197987481142,212.98770238945534,5640965
2022-05-16,213.01139531559457,212.64514147642058,207.90249662002483,212.14252616896005,212.84421062739597,2774348
2022-05-17,214.91691927448346,213.4777625276468,212.10336237351308,213.41954233453066,213.2643472888225,7802073
2022-05-18,216.17308542158995,215.5254405611921,210.43664040016378,214.22628859870997,214.0598645024847,4019984
2022-05-19,212.97637399628027,217.20506225880888,211.3174826612208,214.21466633960642,213.68630236154078,3418495
2022-05-20,213.84095638917267,217.20368716297887,212.3662307981412,213.8241540541145,214.50462224096813,3940623
2022-05-23,212.59066673796144,213.07870472264344,209.52305196557728,211.8257434412771,212.8548249009166,3723123
2022-05-24,209.7177016860471,212.8717896356695,207.23888675967572,210.7822882828666,210.26869980228645,6400156
2022-05-25,213.14855859939962,214.51272220091855,208.9628830272302,212.7211046302803,211.77690284121385,4039084
2022-05-26,210.44275949452074,213.20429534308101,210.7896827317684,211.46804631955183,212.1353177472709,9645207
2022-05-27,210.97983064401208,212.664384093701,210.2472731133328,211.6849234010469,211.93943229566014,5215801
2022-05-30,212.47096205224148,213.2999412218123,211.29359271461473,212.71976463451603,213.69763484107582,2661547
2022-05-31,211.61570881373098,212.3242012989999,211.314396265389,211.49223922678772,210.9682444032878,9143917
2022-06-01,211.48995766021116,211.93862909964787,209.17135627629554,211.70434696184276,210.79619386656745,8654104
2022-06-02,212.64071762979657,213.51238770865825,209.0337739631163,212.6696597596274,212.65358674152665,4162925
2022-06-03,211.85271441596527,212.74869871884547,211.0862659668934,212.70955634180865,211.82780295837176,5380360
2022-06-06,214.13477760702952,218.31016208146318,212.41424238059204,215.60535665774938,215.09176314003247,5851547
2022-06-07,212.02713706999103,215.3180145910781,211.27804689163958,213.96415465914515,213.16388135080885,5473099
2022-06-08,213.74268322948856,219.23578131150526,213.4346131309391,215.05028044930302,214.45702592799262,6338861
2022-06-09,215.25707773447073,215.73749074759607,214.29858719788945,214.90487597218052,214.05846162681652,8608738
2022-06-10,216.93851942497156,217.1961268434694,212.64411079702307,215.70419338729118,216.68328766209234,7813538
2022-06-13,214.74290369296767,217.7200090035722,212.47822122069752,216.17289779926443,215.69421040012068,9721465
2022-06-14,213.7802697207533,215.50355925594206,212.51155675935453,215.46713886242838,215.34625659613383,2855477
2022-06-15,216.79908845915494,219.3442705980515,215.64639632052157,215.7235325151617,216.5834319876128,6697396
2022-06-16,213.0595228295356,214.02989616343464,212.9680141519462,213.8930283240374,214.27230683840045,2428258
2022-06-17,216.46081944685912,218.55748971501185,214.22557105362083,214.52367308488277,214.77689142380078,4242493
2022-06-20,215.77014982526748,218.68245853864065,212.39828853877626,214.84922881114727,215.29087974035713,1487853
2022-06-21,214.76855183870876,217.8235494207262,212.2546361702741,215.5152862400643,216.22394846868602,1220075
2022-06-22,215.68909763386824,218.95566657331622,216.12177101373993,216.60080182542544,217.41883648784057,3377513
2022-06-23,217.09866794063245,219.83316044166014,213.35750288758464,216.99581892590913,217.30534104738194,3193996
2022-06-24,215.3433515687562,218.8524287345156,214.75849340370155,217.1713056059814,218.01828949639275,4285789
2022-06-27,214.6635682814006,219.1177463967834,213.33258523748972,216.31763452959407,216.39420562360283,6935475
2022-06-28,214.2348975017433,215.82588169617924,211.443488801188,215.63281102621897,215.15257703917814,8949215
2022-06-29,218.03840233371886,217.08134416191322,216.48402357705183,216.84694290667028,217.67112763058518,5382226
2022-06-30,218.37117976192414,220.30704120864044,214.3757390666786,218.31067557265024,218.40121518235483,9910613
2022-07-01,215.96505655424096,220.49741446068347,217.54990253155287,218.09996239661217,218.9857483223748,4661632
2022-07-04,218.93049608876498,222.0473256000149,216.45869952153453,218.1733624041394,217.17013106241893,1181514
2022-07-05,216.96450868892362,217.75099233565425,213.5958583561596,217.2961452894196,217.07345096798986,9724249
2022-07-06,218.54372342664647,222.091209950897,214.53603545419642,218.496299394961,219.47473678858793,5595026
2022-07-07,217.93586133563988,220.10991527191996,216.96929031462275,219.18911347892677,218.64037373664837,5180107
2022-07-08,221.3867689754948,222.90082106397765,218.52991153367213,221.15772817566452,222.13421970647533,9822850
2022-07-11,222.41801672054854,221.70179575947526,217.186608861073,220.30680235875874,221.30678035670027,8520055
2022-07-12,218.07972209352795,221.7165243183376,216.2927832133207,219.9561917200145,220.79673740133643,3979345
2022-07-13,219.26334215531827,220.87786233002947,219.67986317399766,220.21503490281404,220.3552415105382,1192407
2022-07-14,219.7535420090641,223.11358271552982,217.31021498086022,220.8889217008138,221.21349466544115,1072306
2022-07-15,219.59074470568075,224.23911215762953,218.57629212585212,220.70065132354011,221.5163984465215,5990629
2022-07-18,219.32174700596332,221.7965574630233,217.87365044228608,219.85508749336037,220.46166126523872,3253378
2022-07-19,222.16843536762374,222.93008753499697,218.89225709878858,220.76389228255795,221.05109252823593,9478462
2022-07-20,223.34149149652288,225.2726762253124,219.25649104462224,221.5124249053775,222.58068941408618,5638277
2022-07-21,219.30958078578666,223.7390089929195,216.45353994127188,220.62354806508773,221.03319444809503,9056779
2022-07-22,222.1970913383495,224.18406836199077,219.57229333536944,222.0063881264672,223.06198852409221,2473150
2022-07-25,223.8151120160572,224.35435800313797,218.94892361411593,223.20398409593776,222.21605753719297,7510502
2022-07-26,223.46318802560174,227.31892310665322,222.5602653087545,223.36567785345954,222.55923923824827,1627097
2022-07-27,223.17803048808878,226.05163880666026,220.23618092035153,223.47267297610955,223.3641967617734,9936527
2022-07-28,222.67384481870621,225.0451087063853,220.41441557637546,224.0541280074994,223.7961956874262,7559407
2022-07-29,223.16722874661878,224.4212794641911,220.18792185792162,223.21982219751715,223.85094240768476,9120942
2022-08-01,222.8361213029162,226.863677901639,220.56701217172775,223.27725093695517,222.51947926519,1654472
2022-08-02,222.45955479193438,221.34752247322007,218.6540721397809,221.15226465261998,222.20515992312698,3776947
2022-08-03,223.22681676974094,226.46212034462962,218.2326199494148,222.05611755839686,221.64546002096063,8074631
2022-08-04,218.90779458168078,221.0969299148124,216.89819822334144,220.522021596229,220.36528271966196,7230204
2022-08-05,220.22542843606925,225.58822420197436,221.50974753138593,222.05283868493197,221.55265363518623,6273312
2022-08-08,223.5602795351563,223.50094529582609,217.98662762610888,221.75011585123949,221.92610476460484,4094630
2022-08-09,221.72319505449462,223.74701203215747,219.73097684914165,221.56584612958227,220.58791807510042,8440490
2022-08-10,222.54674281178015,224.85737755430455,219.84434449788293,220.96550948377177,220.19141759911923,4841598
2022-08-11,218.75450389904455,222.52749806093132,216.86562473250166,220.70486787012365,221.24735536668175,7698899
2022-08-12,222.26860578213206,224.53888978512845,220.2313034088292,222.15079647554566,221.45435502463323,6916844
2022-08-15,219.8636176026763,219.90699831566357,216.13858607789575,219.69038507928457,219.10933575943034,3453397
2022-08-16,222.58901281936232,221.00512331354932,219.8305314301626,220.99474772564673,221.6422230783678,1491340
2022-08-17,219.57870609539606,222.44394728958972,221.3427725619827,221.3601684670224,220.4598992702806,2942502
2022-08-18,219.03756733927776,223.17756719324157,217.99873458618856,220.18054407943916,220.04287360222392,8568714
2022-08-19,218.72301884698933,219.6640908442784,218.69336331920596,219.13262894666389,218.08750520818174,8365822
2022-08-22,222.45224166292758,221.33887490669525,217.50454553865688,220.83641923414606,220.49811418026806,1779933
2022-08-23,221.8486791498437,221.7258648592252,218.7040300694579,219.91830961447732,220.3559061515461,9351227
2022-08-24,220.94844397534578,221.62719220849672,216.85103083593384,218.79235636415532,217.89553367118924,6922752
2022-08-25,221.97712522684813,223.08957352156492,219.5741952106012,219.95706816679404,220.81123762653309,7067236
2022-08-26,218.1459702319534,221.10935412606636,219.05986568650454,220.32301830335393,221.22523895468427,8911516
2022-08-29,217.42772120705152,219.76174265885868,215.98311558361186,219.41248998709148,218.54578953346487,9271946
2022-08-30,218.10840308207142,223.78779887439237,218.99056678229815,219.65651222277006,220.73443797685894,7744246
2022-08-31,217.997206092549,219.79809341441572,215.82802246358114,218.65815679940377,218.21543865279483,6608140
2022-09-01,221.2366052226783,223.53745413248603,215.75362139931119,219.78637545810034,218.8722875954897,4809738
2022-09-02,222.6097035545043,224.68961964705207,217.8719628433947,220.87514368324747,219.78195996125766,8126714
2022-09-05,220.04763351388894,224.85581094762676,217.84278273252252,221.43454714234338,221.23198523083914,4803544
2022-09-06,222.35449213500556,222.5726310508872,221.34015586975505,221.82360546386437,222.1115546544098,5194281
2022-09-07,225.47873540615646,227.28748734394054,222.4908569904479,223.6121908490057,223.23692319301526,5371104
2022-09-08,223.47705427143998,227.0799671752437,219.638194039258,223.6392744366679,224.39230670971762,7041100
2022-09-09,220.72068700872083,225.14003344472215,219.3027950177595,222.48479757152109,222.96671360523922,1728052
2022-09-12,222.7735499651198,224.4653313139344,220.1097489770054,222.96166874462733,222.62758639588188,9239033
2022-09-13,224.51600352624936,226.2567961300995,222.08716559095106,225.07511305443842,225.6024858014552,4958675
2022-09-14,224.4357949349613,224.63402840921648,222.2314054094634,224.08775082152656,225.0748298839456,9706426
2022-09-15,223.47917840658678,226.03488576179632,223.554291104513,223.75368531510654,222.8432226161519,2772145
2022-09-16,222.03333160598942,226.82180945115138,220.68013151200182,224.19752861348195,223.76281848407592,9698519
2022-09-19,226.3858205504153,225.78208879270875,221.12806424184203,224.1710210247502,224.08880840801686,9374815
2022-09-20,223.41049235863753,225.3382707881938,221.10536319476176,223.21611470464686,223.21162834591053,9690396
2022-09-21,224.24704291519933,225.99657093441112,220.3278718441066,224.36536982115132,224.4600422358484,9900516
2022-09-22,228.77415941884064,229.6192934649264,225.18857377306185,226.71280780344256,226.26080346525174,9191585
2022-09-23,225.374380774099,231.0269057802352,225.60049055484401,226.93633652274042,227.31590943581367,8774683
2022-09-26,224.6546486209482,226.80078068539646,222.11358458745397,226.0596654932784,226.38764303664053,4901438
2022-09-27,225.92132317275778,226.25091843547648,220.95902031851642,224.5381022284989,224.71284116180684,9606907
2022-09-28,223.74805971373038,225.4568868524908,222.50788445345722,224.82347546999404,223.95512114914897,3596408
2022-09-29,227.30698579393112,228.77893034263516,225.3639473659816,225.95475007358428,225.90270792947345,4232277
2022-09-30,225.4225567994276,229.75847625275438,225.4832249207865,226.45731508035362,226.1317303499546,4432532
2022-10-03,224.3678136368515,230.7035434396876,223.50982789631053,226.48230849970875,226.46201221932122,6245519
2022-10-04,225.99731358432783,227.18049144102272,224.1806604361442,225.92043410819343,226.87351659066576,9999752
2022-10-05,223.491632247995,229.12887523944653,221.0939529746472,224.8556677357493,224.81189135740897,4418494
2022-10-06,226.88182636609875,226.00340656510974,221.42938091612933,225.71781632234814,224.6207843787811,6706928
2022-10-07,227.29906851559923,229.39255541069102,223.0068882454939,226.6589852040077,226.52035317523155,7159785
2022-10-10,227.0480563004813,225.39791063203504,223.44063621861784,225.14065267759096,225.86256208295293,7576551
2022-10-11,228.04128576567356,230.81129587573662,223.18107152186056,226.7578889160456,227.39294915321392,3738349
2022-10-12,225.90778592175056,229.768498332387,225.76128633635568,227.35935739721359,227.38980098234228,8537045
2022-10-13,230.15979144622645,231.84910461428856,228.0217449216724,228.78634930263337,228.21385496233026,7467604
2022-10-14,228.11644191501858,231.25480815623652,227.31969868705747,227.47161881442221,227.39220543080418,5325773
2022-10-17,226.89730339990743,226.81299633611425,224.38872489061552,226.13319191928076,226.27724378137452,8878985
2022-10-18,227.51352533140187,226.18606269832625,221.9273218322466,226.0116198697874,227.14138740469716,3385672
2022-10-19,226.8762863096032,230.52386791994743,225.45899251419422,226.5418015569566,226.86842519987673,9801681
2022-10-20,228.21028711074607,229.80395769491633,227.42234975051252,228.36555964015753,228.80919383487955,7137616
2022-10-21,229.72512240331355,229.6900146831764,224.6553356780199,229.09903581424663,229.07945733955896,8050109
2022-10-24,227.95886656405128,231.02821510803432,228.76929109451626,228.88375179770858,228.55070202228194,8491414
2022-10-25,226.43815419219513,230.61167681717853,224.30342400326086,227.88477985031665,228.59795206813607,5887823
2022-10-26,229.67648150545048,229.2841111135578,227.66938945330077,229.1421776833098,229.1305655009428,2430807
2022-10-27,226.99012755373693,229.45952007430463,228.03377083171446,228.20486951783306,229.3337764834362,2777302
2022-10-28,227.92951489552294,230.01152339728165,225.64139999722016,229.86073533287936,229.76217236958536,5767590
2022-10-31,227.31025532126787,231.53395955859875,228.962499895793,229.6037479435468,228.61186040369614,7148604
2022-11-01,231.7226432582241,235.36105877255636,228.6700600952704,231.22172727643863,231.64388759864747,4472725
2022-11-02,231.28862453395618,236.48614909379572,230.65683863636625,231.92805582677187,230.87659015797965,4248032
2022-11-03,232.9882643987329,234.77204522299414,231.51619970062498,231.8184575976034,231.24007424777088,5606568
2022-11-04,230.74895845177718,232.07427999127208,231.09549064990466,231.32645848605125,230.98811636608718,6555241
2022-11-07,230.94828017532936,235.19820662716023,230.47904599609532,231.01294786897913,231.56618595978532,9303791
2022-11-08,231.03852348151747,233.85856567771725,231.13827727756473,231.46866182162833,231.45531979761762,5383996
2022-11-09,232.27059734936392,232.28530003005193,228.05071780922034,231.57321557812003,230.4816858044969,7020030
2022-11-10,230.34214478964512,235.26530402438638,228.76341952488198,231.00680143032528,231.27673253423387,6397837
2022-11-11,233.0099547381441,234.36608317027358,229.28530716305207,230.86856728028164,230.66410139049907,7095451
2022-11-14,232.9893185760118,234.3546473689104,229.04189022577486,230.97454157027477,231.9488718958565,4134474
2022-11-15,230.46628996450923,232.119453944423,224.6209844081404,228.8732047361339,228.8722029836138,6152956
2022-11-16,231.28676117391595,230.27776401061612,225.18099179827328,229.35877011119658,229.83807293576112,5178557
2022-11-17,228.1741096865756,229.37035191807576,225.13714371844142,228.40644614675375,227.7643236610849,4946706
2022-11-18,227.4461093877897,230.40922269187996,223.25908974749242,227.28051100382197,227.8736530548744,3353100
2022-11-21,226.71298526204754,226.61204333269123,224.1781805521998,225.62056391698525,226.11908453450303,3377524
2022-11-22,224.73222994643882,225.81803756226844,222.14781121461903,223.85406867939133,224.75862202475025,3046290
2022-11-23,224.2647414839224,226.00633348974367,219.79467987067238,222.526018436553,221.48865029705783,5456494
2022-11-24,222.80423125529794,225.3227041768302,219.07743632276012,221.8443947391965,221.72792797958365,9717107
2022-11-25,226.0538325425883,225.85407792527798,221.66872131948114,223.82505113699705,224.2260458087937,3961046
2022-11-28,222.64991512327978,226.86490993518797,221.53701787091705,223.3265687213758,222.4224621504795,9239940
2022-11-29,225.02042722344137,227.28088747297548,219.1228645393976,223.5317160879178,223.33188782510297,3005589
2022-11-30,224.84483903123942,226.89246097269273,220.28162444404987,223.9595947346981,224.94982447505836,3459817
2022-12-01,224.975920346636,225.14194434577436,222.16831884392877,224.11805718118794,223.9744748068499,9115345
2022-12-02,223.28751754380144,225.29595647306155,220.80875140520948,224.06801098073592,225.1556478242863,3820934
2022-12-05,224.17332792193153,224.30367706906682,221.6984078317167,222.90011447741065,221.9123082372384,5273184
2022-12-06,226.1751542264014,224.9026057538745,223.92892254425468,224.37843928596385,224.86720233796888,6461506
2022-12-07,224.9396730655679,227.44887851525328,224.6185433642656,226.2130331898757,226.39630247526918,9395901
2022-12-08,225.12139755813408,225.49875515906047,222.74795827454702,224.55777175602697,224.55898364296954,8932862
2022-12-09,223.07885121305526,225.59701671692838,223.48719925689176,223.56114042541458,224.6137722458379,4206256
2022-12-12,225.49513469317256,227.36596799703622,219.66972404461512,223.30872734331155,222.48170436592724,5168494
2022-12-13,222.2774472020397,222.83625588521235,220.77409867146554,222.37158680867532,223.2521759612739,7709028
2022-12-14,221.69377406294086,226.11597532844775,220.31738798234215,222.90494962240518,223.3312339645069,5353810
2022-12-15,221.67904033891026,225.2584163610545,221.87537624851362,222.20407468027253,221.66855413500485,9668354
2022-12-16,225.08694401933803,224.82626620279868,223.61115439267104,224.3965280083531,225.29785962523277,7463314
2022-12-19,223.70166639401293,229.777387617637,221.5999182281914,225.61447386297067,225.4549529639084,2164608
2022-12-20,226.32242423804573,228.42228462994748,223.10494947623573,225.85444515387684,226.56414154221812,7190873
2022-12-21,228.8658027775107,228.55947931669056,222.5962718627692,226.90882867747055,226.65658892038573,9945801
2022-12-22,229.64007586401485,231.49257970720666,223.48698473116548,228.04212636210184,228.84239648304074,9566604
2022-12-23,225.53844251190282,228.6766176721323,225.81357113871297,227.50557613431755,227.8164149974032,2299242
2022-12-26,228.95395120654933,229.86136216231543,225.36188292171647,226.71675615004958,225.9029487216192,5484578
2022-12-27,227.72381041740496,227.00244421923847,222.92841064083433,226.8222964732932,227.1617658976494,8307322
2022-12-28,226.17328020578466,231.5341842688162,223.16342713682192,227.7113298580651,227.00848691253697,3212610
2022-12-29,225.6555966604134,229.92035113796922,225.0081624892653,227.8777875169925,227.67707875013463,1131460
2022-12-30,224.84022818729287,229.21021937121435,222.72893311176207,226.32818829507548,225.58197426418425,2650516
2023-01-02,227.07829136443974,226.55077713379188,222.0262623725349,225.5527611113986,224.47465526261828,5954980
2023-01-03,223.34871968550453,228.55987171306623,223.90355946487534,225.50618550807823,224.8564718332565,8450962
2023-01-04,224.25463610170894,228.94007084708778,222.86844108759124,225.45791716402636,225.53992077114518,8863972
2023-01-05,228.62838018521694,229.6105777451721,223.6681496753578,227.45785660109016,227.41591557361852,8062099
2023-01-06,226.48865649805424,228.89261800034012,222.98762507313955,226.0992659189651,226.10265084098228,4258848
2023-01-09,227.91379303865102,228.7006158601549,226.53632436442354,226.63225242107495,226.06042951054457,9106097
2023-01-10,229.27194144784,232.22847958401934,226.61238315401235,228.14876278967722,228.571205778045,2499909
2023-01-11,228.37635307171126,232.74226504818012,229.78172821629903,230.44760979537398,230.91832965754094,1780166
2023-01-12,231.8767164620379,233.94411849006758,228.99860845525964,230.070609632464,229.74383534285488,9366251
2023-01-13,229.33056483599609,234.28510273407434,226.4135101808288,230.58943634545818,231.46837430398827,7037521
2023-01-16,231.43346629093253,233.08465819198852,231.01600928686335,231.18659396293077,231.51955633198637,6820650
2023-01-17,232.0772658798722,232.47434757467406,230.39219361655424,231.40947295475803,231.9024660188207,8679870
2023-01-18,229.80484710901015,233.21686978458806,229.9057217627609,231.33802501379273,230.82292757745856,6916316
2023-01-19,234.00921908185398,235.6317645131391,228.94150586200266,231.80139766356672,230.64380845408814,7408914
2023-01-20,229.24223287075156,230.3404559359564,226.84719535330976,229.29654883862102,230.13434250746914,6362494
2023-01-23,227.9711187679113,232.4184858757731,229.00194970744224,230.0060155889576,230.74761106921684,5672707
2023-01-24,232.1723918184504,233.87020870525126,229.4035576165556,230.15959075289356,229.29233074448922,9840306
2023-01-25,230.3612839675401,231.59025862569945,228.87541022173298,229.96451311638927,229.674999602953,1931482
2023-01-26,232.96318347567012,235.01912329046806,229.70664541716062,232.0387725723828,232.41314232324444,8656788
2023-01-27,231.50774495677564,232.5279756833474,230.13627255464655,231.39123581386622,231.7432070061917,7102813
2023-01-30,232.56215058708156,231.52046212406864,226.6373386889928,231.0155570850752,231.84802241849107,1010248
2023-01-31,230.85858737205544,236.73688638310384,230.87257557774396,233.03450764755388,232.1962083291695,1089169
2023-02-01,231.15405448284292,232.6895129616941,231.9567598084452,232.229843602978,232.06714278883155,2667903
2023-02-02,231.56647173842404,232.96474564011277,228.32760112674157,231.70712558031545,230.77386585655339,4153189
2023-02-03,229.6264312388909,235.54815043832292,230.06436827048367,231.58749741715854,231.3318138159879,9926306
2023-02-06,233.41291244689165,234.0664038818088,229.41748554255386,232.45562915956208,231.3284691214551,3116285
2023-02-07,232.19595796061574,237.21920350643327,231.38964801038082,232.69082892718936,233.61757382378786,7119017
2023-02-08,230.37339190146247,235.96031298208953,228.78390657318144,231.42560084031106,231.4881875724631,3906943
2023-02-09,228.62722616424082,232.15983996122074,227.35470759866652,230.92082953745785,231.7285958198434,4862473
2023-02-10,231.3535904801326,230.52965155373934,226.06570550167459,230.3408723645196,229.32715301357553,6236574
2023-02-13,231.8285144948896,233.53844384026277,229.0883437014889,230.29104857957054,229.66340900436006,2059755
2023-02-14,230.25991355806812,232.82554070101423,229.19896291363665,230.74428949847436,230.18907257805625,8375527
2023-02-15,231.4868234587933,231.65575329794743,229.04321843855504,231.18989251463628,230.92793470288177,8608663
2023-02-16,228.19167944948413,232.68797681716677,225.18663442648324,229.44127802086186,230.13617849638618,1091975
2023-02-17,231.0960271306734,230.67635293588688,226.37663486128113,230.5326162686967,230.2710951670591,4762481
2023-02-20,228.56048611316163,234.82962928110058,230.39768161637832,230.8125823749673,230.13088555979067,6970067
2023-02-21,232.17176837381794,232.86848200017369,231.61176489559355,232.22451168283516,231.2143124391341,9350544
2023-02-22,233.36722835582742,233.2886068422727,230.39004613676784,232.6961072703998,231.7176009380657,7407081
2023-02-23,235.78049987305985,234.6463583837495,233.32622282699617,233.82482748840954,234.43288241913623,1001755
2023-02-24,233.76266515249173,238.81893870117335,232.69924835614617,234.31877006013366,234.18943310762072,2701364
2023-02-27,236.94245934783174,238.95988798312257,234.99292697881728,235.69239307661036,236.22548477573972,1476352
2023-02-28,236.70359663951078,240.02839391521243,233.23685154015237,236.2420409729021,236.6726797897874,4571560
2023-03-01,238.18848500759918,238.0497241901994,231.6866473430775,236.17152298673318,235.31035295929104,8718067
2023-03-02,237.98667469984528,240.07537400387216,233.71750591257563,238.47135496745403,237.61974498537006,4344226
2023-03-03,238.5216620165895,240.51044151044297,237.5912264463753,239.3877893500079,239.99904695603743,5008919
2023-03-06,241.8471269197647,242.2959351616261,237.11380298217892,239.98893103128626,240.51995044353305,4905892
2023-03-07,236.5877558276302,241.3748959753993,234.65151667410694,238.7400238750219,238.44883449873745,2763791
2023-03-08,235.75209602686743,240.4797801141028,236.9212177394393,237.47911351783233,236.47557965487144,5182585
2023-03-09,235.81314821333567,239.02207788640982,234.51966859215295,237.79922626024816,236.63899913093863,9532694
2023-03-10,239.60515696310412,242.48720964285525,236.02627665758652,237.9721447182904,237.46801726748785,7464489
2023-03-13,235.06192617233367,238.19138325947438,236.406697559184,237.38541941355604,236.22038464932277,3287138
2023-03-14,239.2720600006204,242.14169098429784,235.64028632654492,237.55379937344208,236.91257662932478,8900717
2023-03-15,238.93671810610306,239.24088628573827,238.80647539313765,239.16982356175964,238.97729362415458,7535274
2023-03-16,237.51300975769365,242.2009933834904,236.55616239389818,239.8926232965839,238.98442764460344,3275402
2023-03-17,238.3093106987976,240.37103690778017,237.57201915218707,238.77901204710514,237.83411038680467,3098215
2023-03-20,237.19971963869122,240.8389698520647,237.20828169117678,238.69490048023619,239.64117642289142,5172470
2023-03-21,238.50927189939316,240.63275113316809,237.34118447279633,237.9173312596576,238.1206792717357,8415880
2023-03-22,238.4091874272772,239.62657392491118,233.44891160651025,237.557028603523,238.58910862359573,9555723
2023-03-23,237.1116482735236,239.13860147005107,234.83019860806456,237.17081019816732,236.8051548617042,3425808
2023-03-24,234.54519235365933,240.1895758477617,234.01178326813525,236.7205618758373,237.1399003668175,4780703
2023-03-27,236.2281680243649,238.72320257959663,232.8108775544259,235.49282376413785,234.79739384989412,2174806
2023-03-28,237.00283408412776,239.3154836536587,233.46002578893416,235.39256634289364,235.6711306527572,3600078
2023-03-29,235.89426032385276,236.0334600733584,233.95500692743926,234.8593559663203,233.9894033974144,6975515
2023-03-30,233.48802752641956,234.78499633980718,228.50052485931937,231.957304536592,230.8023442084595,3358404
2023-03-31,232.63583273257154,236.77682634748234,233.44295476559282,234.0376738213676,235.04762081118602,2044369
2023-04-03,236.98281058837978,236.89274606169786,234.6653143211412,235.15384073585827,235.28292696978227,4063758
2023-04-04,233.96994015786692,237.08751148394038,231.4700260510811,234.80493727120722,235.80741502663787,4709186
2023-04-05,232.56560476722206,236.32499554779258,233.87024127794953,234.8511535812218,234.4609049977478,1478078
2023-04-06,235.31195641309012,234.36989677322129,232.27299834122522,233.70689649417824,233.30442066108557,1902196
2023-04-07,237.51037640628013,236.43672108390956,233.19236042305653,235.43001663226306,235.196128686414,7365416
2023-04-10,238.09315198097042,237.85558579051934,235.221589624519,237.35470258731016,237.84375055199206,7303446
2023-04-11,236.2629091998631,240.78390403221098,234.1724929654115,237.53879357583065,237.69511461154522,6337138
2023-04-12,237.40509709783453,241.74257677421613,235.61483312109775,238.58972148028994,239.60457456844048,9695411
2023-04-13,238.63285815722176,243.33235716293223,235.71486732552142,238.79240551949783,237.65919443170034,7847881
2023-04-14,239.37264032180778,240.94880284373926,234.09156094424284,237.48307734089587,237.97750746129182,5209877
2023-04-17,235.4370527698859,237.3454511956328,235.71108957209663,237.09865123220624,236.6963604721798,9398162
2023-04-18,238.8047735237397,241.45386087245706,235.7284534731884,237.25797645925218,236.49930529215902,1229726
2023-04-19,235.84230743681462,240.9169874289986,234.75619863237097,236.83082600078268,236.85544603946497,3854820
2023-04-20,238.1000439523535,238.7377125850747,235.18441565536398,236.63956998362164,236.65155290073008,8285613
2023-04-21,238.56408562948292,239.3475853616889,231.91532297663443,236.57556768638648,235.71682446686714,8160052
2023-04-24,236.17910043527047,241.1393681234722,232.67126124649786,236.522086448795,235.81700478097434,1013015
2023-04-25,235.96315719261997,239.1206249969046,235.8225904775124,236.60174219956644,236.38445819676872,8213694
2023-04-26,236.99241105689427,239.8338411187428,235.5421782513986,235.56853439344383,235.3537227740823,5043335
2023-04-27,235.01741365337426,235.26899657217592,234.67793775163662,234.87891550458983,234.45039804150215,1059617
2023-04-28,234.48355460960383,234.51440585517818,232.48135799324146,233.62172849916385,232.80065360722736,4095354
2023-05-01,235.20332227255471,236.69520099405423,234.09062501284026,234.62694130912402,233.4640684320757,6947832
2023-05-02,230.934286731665,235.2683802415406,230.06815001129016,232.54869162755767,233.64221711280808,1774726
2023-05-03,235.341434037398,237.54521271105702,229.7189002673501,233.72967923114857,234.76626855812816,6523382
2023-05-04,233.712696237827,239.79109267730075,231.67858646928974,235.14342588868539,235.10498083016034,5686373
2023-05-05,236.89923296961047,236.69522302467814,233.85584640257326,234.86864256197674,236.031363894873,1521579
2023-05-08,231.13409235960646,232.51318904950298,230.4378150695849,232.29290273442342,232.69628942012153,7375313
2023-05-09,233.04400531689248,235.6757680780638,229.6027768810979,231.9589894327301,230.9589157339492,1192830
2023-05-10,230.92333862282942,234.72558868246298,228.16410802929738,231.92220253171524,231.03560615914978,2412612
2023-05-11,230.09739245580414,231.85602736398604,227.06328346768268,230.93900157206036,231.89996380032596,3153387
2023-05-12,229.57547449237705,232.7318564773857,226.25826726161227,230.45118043852608,230.7508872735662,7785677
2023-05-15,233.15903645101193,235.45322268117627,229.64578558420067,232.0087728976634,232.8049890186568,5763449
2023-05-16,232.96551612615622,236.28661068502552,229.469927413492,232.7010973202391,233.62787516523056,8481515
2023-05-17,233.57932815507718,234.1202006988262,231.285615156543,231.803930466135,231.68325800216596,1694102
2023-05-18,229.34674261522528,231.6391421424392,227.63075685756937,230.23372855681353,229.19428302166216,7230010
2023-05-19,230.81702108743144,234.41204114965774,228.79045390944037,229.93410849947773,229.2173586986971,8267261
2023-05-22,230.91033792569974,232.79617429307729,227.76432673946607,229.74804898040128,228.7522564855949,7334783
2023-05-23,228.66656968216466,232.1517559341452,227.35156835139307,230.27164542803854,229.55490154916663,2188900
2023-05-24,229.30690678246802,231.0525314835935,228.58280504365175,229.76372597574488,229.55816309404844,9173832
2023-05-25,230.22347928902929,233.6701215019996,230.06225569773756,230.3026228113807,229.4233200520192,2896118
2023-05-26,231.59479824146092,233.39018971487113,232.2176347429026,232.26517411171488,231.49111150947348,3487963
2023-05-29,232.27873259729543,233.90861208524365,233.00476106211434,233.10807239443312,232.98177859496275,7162056
2023-05-30,233.95642364508998,235.55733301980231,233.04845677836929,233.08738114737633,232.7148398013241,1539610
2023-05-31,231.6079538857037,234.2825726455908,232.4175242770958,232.931627936597,232.85629347876298,9086105
2023-06-01,233.57644765960256,235.52804838136237,231.48823929666148,232.60235206269112,232.4376045333404,7197465
2023-06-02,235.84474730197263,234.36189598734106,232.77591246422855,233.81039023541723,234.1481948717652,7699337
2023-06-05,233.51456894615453,236.265256559156,228.60784801935264,233.2104740497399,234.2300458691692,1848057
2023-06-06,233.80300848953846,234.6048598305368,231.85537299877683,233.28309401901384,232.36830781498463,4203359
2023-06-07,231.34979732550724,233.36282301296887,232.76698659633817,233.3616891811689,232.42651589637475,6954538
2023-06-08,234.58494310494117,233.47853816922768,230.34621046624878,232.88730224863136,233.70894288291925,2556399
2023-06-09,230.54867598796076,235.86566176590725,227.56916624369617,231.54223396102122,231.5570450338734,9755335
2023-06-12,232.42619601623502,235.91526827195392,228.74786197267065,231.89260572491287,232.5103792758478,3886551
2023-06-13,234.08072837517417,232.9422861398994,230.48601307707702,231.85899901333147,231.19917908762412,1561306
2023-06-14,232.83050730598856,236.00430132369408,229.77639493275242,232.386636743042,233.1508694163327,5378062
2023-06-15,232.92254836505768,234.70275059609244,228.56521143030895,231.88043369687682,232.86325108726444,5088027
2023-06-16,232.87370098179704,237.6555663929493,229.73381187581973,233.12865225596383,233.4445019841431,9721224
2023-06-19,230.23691766589195,234.01489277516754,229.18281434210417,232.27927573502598,231.36381438058552,1521777
2023-06-20,235.41158961612504,237.2082039931539,229.94299457699367,234.0187132793178,234.94377711706636,6491199
2023-06-21,230.13809283783456,232.59365905707264,228.25599062539746,232.29847402976353,232.97791855716855,9980000
2023-06-22,233.6947462534895,234.60525708619522,230.06556845717046,232.76064135459438,233.34458607622565,6024659
2023-06-23,231.03776991791378,237.7599383257721,231.25807353822572,233.26346929739498,232.18282539856006,7234464
2023-06-26,234.17999485188088,235.0015199940146,229.5120678011916,232.49530948972807,233.19038333808254,7775812
2023-06-27,231.35204683120884,234.2883146008493,229.1350984185178,232.94710068786304,232.1037180636794,6007321
2023-06-28,234.32087972050846,234.8174957418048,234.22753605266934,234.2540166178972,233.60369508495188,5873562
2023-06-29,232.51549981668947,235.32987542606824,227.46044735528213,232.06459503881712,232.24359768099035,7052761
2023-06-30,232.3972428103629,235.59453954444444,231.74393452871504,232.59473710658187,232.04809475319797,9423916
2023-07-03,229.3959652019007,231.8499453704795,227.96450625344906,230.1288635465258,230.50017234006413,3555862
2023-07-04,229.0430627904552,233.54953230724237,225.19337571005224,229.19059600327654,229.43828330646144,9867563
2023-07-05,229.9764768771073,230.94966875473156,229.8081608900313,230.84715962845144,229.94258410547238,6037911
2023-07-06,230.0077753274877,231.6916830269742,228.09672495233758,230.29277485533336,230.65206515985355,6399400
2023-07-07,228.4997008515283,233.36748530318155,228.53867785132158,229.14629215119837,230.11776910745513,9340290
2023-07-10,229.27893766703875,230.4454803471025,227.16649371093334,228.97575168248767,228.19977554050942,2433487
2023-07-11,229.8598924730515,232.23682185125554,230.25243775159146,231.07105528092518,231.2953375169949,9441542
2023-07-12,231.50742449655561,231.71635005419455,227.59941510299234,229.26677029399312,228.90422013951596,4807573
2023-07-13,228.24682885554697,232.00339495328495,226.538046841267,228.24285764262774,228.15067416812974,4372840
2023-07-14,228.3622531472261,230.2416824385987,225.20371549186373,229.76768658608134,229.2782818251186,5576542
2023-07-17,231.5465351627104,236.02185368637714,227.04376199036852,231.65278618989305,231.31487574479502,6594088
2023-07-18,233.27381673911236,235.25916013801285,231.04511555363035,231.57675222587673,230.4858215260773,8921884
2023-07-19,228.16191629596062,231.20017143686786,227.02033942138678,230.36509678362404,231.47442391074026,2823899
2023-07-20,233.3232223187219,235.79900849007254,232.24773313483166,232.48833754570717,232.77848280979245,1488830
2023-07-21,234.33477218587458,235.91263229314015,233.96881203651944,234.11017719773037,234.11182905688588,6805803
2023-07-24,233.26465659973522,236.70583018380708,234.3218386730278,234.81652144576657,234.54346587448785,6277910
2023-07-25,235.5175062070668,237.6978077187224,229.51243491049107,234.0315163571031,234.1236652341779,9194414
2023-07-26,233.39623838963635,238.51590750651465,229.60645687728197,234.00988427653903,233.72932046287937,4816647
2023-07-27,232.91242252154714,234.46935916828411,232.96981662393074,233.8769214557682,233.54927842938685,7187941
2023-07-28,235.772339222711,236.20569792168055,233.47778308053654,234.23517002065776,234.150720141362,7698725
2023-07-31,236.36661337895924,237.9808579748038,234.5796210461666,235.71356871906306,235.18553033319324,8705602
2023-08-01,238.50510735888483,238.40124394573488,234.18060447641213,236.62038302047443,235.86331586830144,5068225
2023-08-02,236.18233933522976,237.28153637728846,232.88629319485688,235.57040420376364,235.7037509469101,7939396
2023-08-03,238.11564982233256,237.2220245300234,235.92405896204204,236.97429791405716,237.7865638998664,6720508
2023-08-04,238.91169930977372,240.56859690146695,233.72367118839105,237.3148273143443,236.49093710383045,9011727
2023-08-07,235.90959020058804,240.10592653360627,236.5556359455803,238.02929037047718,236.9170612372725,9447332
2023-08-08,240.84563124702387,240.4563813000122,235.10579104637785,239.52322849002977,238.91678380786516,7555775
2023-08-09,238.98128680077951,242.33053048850167,235.30727879506543,238.4390455007902,239.5828868241117,4148133
2023-08-10,236.3777667469762,242.25771827252024,236.3498274910363,238.4306171823577,239.21447708662075,2625379
2023-08-11,237.96737820009724,240.24106962789455,234.1677389876327,237.92655989127246,238.1546506945366,1679644
2023-08-14,234.41207561453172,237.79708946923134,232.51922479169417,236.38609772618096,237.4007824864562,9023394
2023-08-15,237.87746312087356,239.78170425497274,235.3847152744146,236.76020496405985,236.6306476889256,9842276
2023-08-16,239.52171519626629,240.67825004973855,237.67329068463985,239.29915877591824,240.45564519240781,9316213
2023-08-17,239.64082993261346,238.60745213611622,233.04094442572728,237.48647829168647,237.00272319228807,3713236
2023-08-18,235.97660459412103,240.95127064422854,236.69913565005632,237.48159494091095,236.86486889289154,5565908
2023-08-21,238.65457148479214,238.34160387813577,237.94877309214928,238.14953513625971,238.47829628555527,8685701
2023-08-22,236.9254109904187,238.75167715122822,236.1359828343895,238.30001059818989,238.00965149090212,6661115
2023-08-23,238.75771796970642,238.24662060567266,234.39708701874952,238.21427980594814,238.51530057168975,3506147
2023-08-24,237.99756406981874,237.66723540180053,233.28564190367388,236.9424607027763,236.48041228536198,1280570
2023-08-25,238.25726820292158,237.52993695647862,232.84034276466468,237.20264470599042,237.48234992980136,5617703
2023-08-28,237.9634095769659,241.1828909920159,233.95152381066063,236.47327798924846,235.94297782064044,8537418
2023-08-29,235.9675659511191,235.66417917836628,233.84182897258506,234.3107535445439,233.25863281536797,4223396
2023-08-30,233.54141602799845,236.23589311473012,232.75963244704894,235.53274302533157,236.50345802012345,7341028
2023-08-31,235.77712168541655,237.65852770021004,232.83642643677229,236.5185261054476,237.42487740087813,3795323
2023-09-01,237.48303906843714,241.02728531992676,236.15596018643117,236.59758434257265,237.71148139088132,7375484
2023-09-04,236.84735941973588,239.31809746594402,236.0361641750796,236.8540562910523,237.36690969090517,6345180
2023-09-05,236.48366268897627,239.6919829957911,237.89727888887526,237.95577156404187,238.3905671523328,6776718
2023-09-06,238.45862478874426,242.36847654343842,235.3792584440259,238.2075084810939,238.3480582242465,5509510
2023-09-07,238.6962085294669,241.02807425636004,234.89786914133737,239.13892329612918,238.24440601808706,9424002
2023-09-08,238.34350977792352,240.46930051442814,235.66482701110752,238.8688383555293,238.12651835277464,9841855
2023-09-11,241.69632713244965,241.20403866727634,235.49033733888032,240.20821935437723,239.7025082423363,6435502
2023-09-12,240.11184609291175,242.37403123609084,240.2531393671493,240.55640234058387,241.49494844989334,2189135
2023-09-13,238.49746620888402,242.30286312165367,236.4293983199618,240.77785154446372,239.99043459190736,3259155
2023-09-14,237.41800009447937,242.7799503366514,235.63522771536904,239.5351877160257,240.54811776833594,5541739
2023-09-15,241.55844022706884,241.23866640555656,238.34212714256705,239.84954083060137,239.90419230670005,4157094
2023-09-18,241.24706943096265,241.80451724680609,234.39065040932536,239.04498317338087,239.56029157222437,4919840
2023-09-19,239.33256190987464,238.74831648543372,237.0610141635049,238.43409770712634,237.50478766567937,5839117
2023-09-20,237.0014723677551,238.55530185429566,233.41932300853037,237.6461193390842,237.09723653077495,8502967
2023-09-21,238.6828022366325,238.53518274451804,232.4394511343788,236.60728166745895,237.69217008221648,6306698
2023-09-22,239.5368658390543,243.23356010777078,235.1414920091692,238.75945033074987,238.20111122944112,3993909
2023-09-25,241.7718016017631,241.92988790743829,237.41219648492316,240.11818665301226,239.62959829778274,1757044
2023-09-26,243.35302723368454,245.28094609460257,241.48497982026092,242.0659514154305,241.3339376479409,4905081
2023-09-27,240.28821829936794,242.09931315587949,238.30772819574048,240.8704536561489,239.97700171104333,3943909
2023-09-28,240.86646243448675,241.58132800763042,239.24956718086435,240.96910466633375,240.32633799317958,7462769
2023-09-29,238.1982930531457,239.98362226771187,235.9050584017254,239.70299430140363,240.0441561231058,9390284
2023-10-02,238.04037975616458,240.49478514423078,235.41031298602815,239.03469668448054,238.92801008163738,5300398
2023-10-03,239.46864592718828,238.8948874084702,233.80682946393148,238.14396696133792,238.2719832424662,5592802
2023-10-04,241.29740303569545,240.24414835527608,239.33993816305048,239.41094822805348,238.50684828375958,2559191
2023-10-05,240.11522570001924,242.6791861042085,235.17392091306087,239.04211581022568,239.76430135773455,3289527
2023-10-06,239.9706301024916,240.2139588237227,235.63068641342028,240.13789240419368,240.8201114305981,3106583
2023-10-09,238.7782921623173,243.45548285754424,236.96862247641974,240.76941055405615,239.61754540308323,2705873
2023-10-10,240.94632353596327,244.94539118797465,242.4674399397357,243.10044656643493,242.81727124100698,4039257
2023-10-11,241.04101907992143,244.0965395395109,241.25558029144892,241.64839960356915,240.6063406646123,2940124
2023-10-12,242.7592506668244,245.6696537160492,242.8337493244259,242.9350301036299,243.6446573667861,8041607
2023-10-13,244.64161446609486,245.63878489900782,241.03922252461237,244.10886823430462,244.68806457244588,8341099
2023-10-16,240.7628180050557,244.59807710295829,240.10062626305285,243.16288665655156,244.14037251065045,3724996
2023-10-17,246.5891985537325,247.7793140016262,239.37738165201972,244.19741725329868,243.55372252908023,3807527
2023-10-18,243.8954547321556,248.82256620029474,242.6140430651587,244.5609594765989,244.45407626904546,8523438
2023-10-19,246.06209484763468,245.30206882234447,242.73878223665196,244.36088047691948,243.589892275547,6461004
2023-10-20,243.7346751035425,244.03987123424193,240.52258931673526,243.56434225022144,243.25071646532527,4356217
2023-10-23,241.0775072261754,247.23363063413447,238.8622750652167,242.87263005904623,242.92665282913737,2421143
2023-10-24,246.40761210128207,246.6639761677562,240.36058684502783,244.9498394151061,243.85572390209902,7094371
2023-10-25,246.00597949968667,247.67913124125002,241.0429657478143,244.97791949433758,245.50430455602398,1745746
2023-10-26,245.92231566141783,247.55487058594792,243.6900245902862,245.787446756143,245.893856401214,4963753
2023-10-27,245.09526175165405,245.64043632866492,241.91256082593105,245.0239446347494,245.8299729949507,3190372
2023-10-30,242.2561495303024,247.1506273167223,240.0880987183457,244.27148894880173,243.71401378098997,3657130
2023-10-31,246.1457180332926,247.9580614106164,242.97314636536638,245.38087101832565,246.3705438594361,5813952
2023-11-01,246.0660511636942,245.0495389181329,243.00100689002537,244.0586920670481,245.27579873840773,4691842
2023-11-02,241.68858822598534,245.87302207438916,242.8437423760904,243.6708755594168,244.69258373541862,3412461
2023-11-03,242.57950226853143,247.61713719710096,243.73153128178583,243.732300230763,244.4096139542794,2841967
2023-11-06,245.8332956126814,246.75082700439077,240.36792072452803,243.871070092877,244.63284723508158,2877723
2023-11-07,242.66818272188084,244.19178667391733,243.17784322412163,243.71937406813487,243.89910307447582,4044035
2023-11-08,244.89427524972314,246.8184988758494,242.95196091723324,244.14259110950476,243.3861247219669,5610194
2023-11-09,245.0333576235008,248.3043340983972,243.40406721090915,244.86284412559655,245.2963509825087,1140631
2023-11-10,246.09808805766627,249.51903249279687,242.8720142252969,245.62487893132987,246.14745323506236,4433976
2023-11-13,244.2543997352043,247.7449519565068,242.71913631903453,244.666472382936,245.85404708310045,2638533
2023-11-14,243.4320339935094,245.1559373136496,241.11177698925107,244.4097145452812,244.51065897444673,6380559
2023-11-15,243.41398317049394,249.1206984836568,245.35854210353426,245.6318746674321,245.07028409296754,8940959
2023-11-16,247.75848757424268,249.89394484992346,245.94276523372218,246.55391911527994,247.00677091596654,8990462
2023-11-17,246.41534088654782,245.32825048953958,242.76023927487006,245.20845692407283,246.3839269743441,4044514
2023-11-20,246.42589567201045,247.60973432468066,243.93224840614465,245.58733408469902,244.7946123272209,5666428
2023-11-21,244.336394781493,245.25888279306974,242.19508741245556,243.63650609559818,243.2125735037847,1496644
2023-11-22,242.4616600069205,246.97369776431702,243.3841288713514,243.7108382579325,243.81290668144234,9013962
2023-11-23,243.28941691374814,246.69781727376647,241.23558498537236,245.63600253495247,244.82593094713133,7244969
2023-11-24,246.22645597578932,247.6074175229329,241.32953235576653,244.71550707795745,243.54630689324486,1691298
2023-11-27,243.8653535490077,248.36335670422312,243.31530705095346,243.90858129273983,243.51096913941853,9858279
2023-11-28,243.75467411404676,248.60445327716263,244.38167340657844,244.70000833458664,245.59407071631188,5815808
2023-11-29,241.2485234467248,247.66629077480997,238.4431242582389,243.18460407965097,242.07438951404785,2950291
2023-11-30,240.45775297190403,247.3265511094081,239.27447983218588,242.57924631003993,242.4068429570577,4128543
2023-12-01,242.4679631186671,243.25498486393815,241.17255262349494,243.20308470789567,243.84076507577987,4598662
2023-12-04,244.07475717506782,245.61768941680805,239.19145049673986,242.59619612048024,243.69559986206608,2309050
2023-12-05,244.41749248273243,244.38896660286326,238.72111410910486,242.38762339354324,243.5643556753504,6455791
2023-12-06,245.08868130299624,247.3408370733027,239.36610656159473,243.15920636413225,242.96946772929945,1493798
2023-12-07,245.65446223252587,244.83503198045682,241.2798535835916,243.60814970794277,244.7053225540549,7505612
2023-12-08,245.89126887667823,248.68787362226223,241.8053769337907,243.90236536451215,242.76924125130944,6812988
2023-12-11,243.72327423902783,246.5805106912422,243.53691358333916,243.59064034551608,244.18967098950486,7389691
2023-12-12,242.61891382347173,247.8603723617362,239.46672054346047,243.988098721059,244.3363820569613,8565360
2023-12-13,245.3455854339128,244.30930381874805,240.9489268557571,243.8917633012332,243.2808677430159,5882882
2023-12-14,242.97772707823754,245.27362379738497,243.38404331470764,244.37696617143297,244.39485090136316,6252870
2023-12-15,242.77183390305996,247.60703724377086,239.42146924771296,243.90743140658896,243.00388544361888,1957644
2023-12-18,242.45186245610424,243.85944498108066,239.29192532205838,243.7522596924834,244.65803614488073,3602034
2023-12-19,242.8624506259254,246.75629036912025,237.98642464659568,242.78969916020534,242.44469034960073,8432366
2023-12-20,241.91694701576753,242.8498202483707,238.53798324772538,242.78208881047308,243.08810220869984,3035424
2023-12-21,240.32461096494396,245.178920480196,237.16923899880285,241.99848520711822,241.17272898876593,4205599
2023-12-22,240.68621443092886,242.67094495006566,239.7328800406535,240.9118360172302,240.20395234956715,9505053
2023-12-25,243.0016071994672,244.14771984391587,237.1349178947458,241.19789442535955,242.38448283322816,2995020
2023-12-26,241.77871430975333,244.79900051626765,237.46382476723656,241.43803146149116,242.04907827012715,5973444
2023-12-27,244.08132562241772,243.90758326634113,241.12940425691437,242.2483024567137,243.36742146906894,5639037
2023-12-28,240.37354090969419,242.3667767931581,241.36844240504738,241.84457414741257,241.35085126729274,5877530
2023-12-29,240.66631269524325,242.61750030506886,237.5341437383396,242.2800242545233,241.46732711063913,6364789
