,Temperature,Humidity,Pressure,WindSpeed,Precipitation
2010-01-01,16.74834280137122,37.5834329366985,1006.3730851651196,4.34093886492848,0.0
2010-01-02,15.101531270827632,51.10743225781694,1013.8676107546264,8.45880253092432,1.3285987212706607
2010-01-03,17.717360622650883,56.334907145053435,1007.6716373122008,2.925995416511671,3.381418782466698
2010-01-04,20.601125971258874,66.4330764758958,1004.8073353581062,7.325268235236923,3.3940649541408296
2010-01-05,15.58701185689169,46.31197007216697,1022.5538857117986,9.533968397609609,0.016343655267210322
2010-01-06,15.84411459086398,36.25366296433161,1001.0246768873484,3.633012505959018,0.0
2010-01-07,21.540759120012467,57.397990554303576,1004.0618356941839,7.211068566668941,1.504588750317787
2010-01-08,19.3614857691577,36.513270056424645,1001.9597436652762,4.274546262413059,0.0
2010-01-09,15.906209152159361,47.68534100884547,998.0975247670095,7.772294386522367,0.6090893083323299
2010-01-10,19.19707729348006,47.825256498150026,1014.464142918426,0.28553243727118094,1.2291335213542978
2010-01-11,16.433147569211275,51.08709168239328,1024.6150304848197,0.06346326462396057,3.9689465020680057
2010-01-12,16.679378237318517,58.5519554520841,1011.1512324375474,3.8261968552773777,3.5650401462087875
2010-01-13,19.054709509760585,43.63630242225583,997.9425219943583,2.333225572820688,2.970278860301705
2010-01-14,12.840250756115859,50.84258210027446,1021.3994453974203,3.449872671710344,4.385768038003893
2010-01-15,13.655545929203706,53.02952350590426,1029.8570175403497,4.341420252658581,1.3791762698912655
2010-01-16,17.392509775288666,52.79972468754355,1006.5375767585341,7.160040595508756,1.1293487047061712
2010-01-17,16.288743132205862,52.83390018097629,1008.2144573328228,3.7770182643021952,0.402090572453646
2010-01-18,20.516560367630156,54.101777568410725,1018.1566063008339,2.52841606813074,5.742793727113609
2010-01-19,17.094972698821834,59.890908747006456,1029.2187374778505,3.9454598697233036,1.1252696155306607
2010-01-20,15.825932389905827,56.013374961556764,1007.8016585427478,2.692564160580147,3.3042386553184158
2010-01-21,24.702088139410236,52.18481116538707,999.6755021900179,2.197983493811857,1.1684597652169937
2010-01-22,19.86853924190049,34.24349871158498,1019.314186062724,0.16094955926909282,4.367630509869821
2010-01-23,20.98753570771788,50.008509137797866,1020.990680731423,5.208434348663236,1.0889333936717809
2010-01-24,16.748075279449225,56.421037840291476,1013.0613145043523,3.2938828802088396,4.034366296992826
2010-01-25,19.624755865609202,57.4770340128999,1007.4186674034255,7.898836217704015,1.412099698473131
2010-01-26,21.824401657386066,42.16429142896903,1022.9437873099205,0.657811723823178,0.0
2010-01-27,18.27045939383925,44.274377554193926,1018.2803600454796,3.373749334856363,1.2377408124218734
2010-01-28,23.08034811857978,42.718819187874125,1005.3156448309651,10.438721661976246,11.68380678650171
2010-01-29,20.37909153198041,55.17459323292323,1013.4909473130567,2.1811714487064515,1.9753082403796096
2010-01-30,21.531552003019826,59.57303454773217,999.4829246797535,4.290400243711628,6.464716064309701
2010-01-31,20.824944321093376,45.5129267665373,1019.8589045643791,1.3524680515238945,2.6371874119554626
2010-02-01,28.408068664010067,54.875588804265455,1010.3776643061715,0.9547174616570571,3.665499639735326
2010-02-02,23.02958589886069,49.7200051422156,1008.6428916761527,9.641932949263035,1.1172606917000274
2010-02-03,20.113396910646596,48.700443773052335,1012.6712551484757,5.5131184779114415,0.8473321465851726
2010-02-04,25.96816108067633,44.90207716148214,1013.4030769933025,5.40103651471287,0.0
2010-02-05,20.04947315189395,57.441377070074594,1021.9493006156556,0.08894870534866683,7.389350101518568
2010-02-06,24.547491089425716,50.98203262315784,1018.9109053132522,6.076224164324909,6.505863053874593
2010-02-07,18.248142680087568,73.6341829364326,1011.4359072120719,8.472265837981478,5.112685394934076
2010-02-08,20.34614307991772,41.304682030067895,1020.6366814971899,8.448431182485589,0.0
2010-02-09,25.12206822096003,52.61998290981974,1017.0073725369161,7.004999688818483,0.8245490105625652
2010-02-10,26.944843155510952,41.235568324129396,1008.7340036371396,1.6115432672137882,8.073638397275019
2010-02-11,25.438624117204085,38.58781807151152,1011.7528184176351,5.939370251578975,0.0
2010-02-12,24.76970943532946,47.50647391198555,1011.5177711115688,7.002754881429823,3.4608677228245415
2010-02-13,24.402480421587136,49.17228458327679,1018.052613431742,0.38333075526670424,0.7956590436851727
2010-02-14,21.056308934672423,78.65358108326473,1009.3297738527835,1.6361612255546456,3.9509187337631944
2010-02-15,23.515316709042494,46.400883488646734,1009.0959081357837,7.664471965230325,3.207404879397976
2010-02-16,24.472744261559324,36.461840574373504,1032.6875730943395,7.628137330015786,0.0
2010-02-17,29.202622023116525,48.12879616338559,1022.3973548174711,0.3542508991358231,0.6873165562362702
2010-02-18,27.235436184153713,25.63588153245946,1005.3939933557486,7.385064377807518,3.637708494020645
2010-02-19,21.085466661090237,48.53769884341222,1018.709409939422,5.285910197460853,2.2554979193796822
2010-02-20,27.513474311443453,46.40351566722988,1014.1835006565518,7.343026863821454,2.452849151414462
2010-02-21,25.54919092481268,55.17140836704578,1016.915511752601,3.0964360296981757,3.35069169361205
2010-02-22,24.833418850433784,57.31951306906157,1014.373413245651,6.935550489442706,0.8569154252007402
2010-02-23,28.855445189142753,40.53658121635145,1024.8964264548524,7.531486323456874,0.0
2010-02-24,30.26608445259827,43.36081762740153,1016.4562034465145,3.9459951936328648,0.687730960228326
2010-02-25,30.11598865688481,37.28079736545089,1012.3791130178571,5.053257638519858,0.0
2010-02-26,24.949906825819202,36.24442103901346,1023.4219057698301,3.0544351114860393,0.0
2010-02-27,26.68163895696353,49.75812831532458,1015.3328504108787,9.954916846057639,3.017269758238354
2010-02-28,28.741046667123605,32.8936211804722,1014.2147857932906,4.639184182022702,0.0
2010-03-01,30.808094755504122,40.449683616529306,1016.1402260248611,2.2339270244684544,1.2054834640128558
2010-03-02,26.574322607408085,36.761099097303585,1012.0639097663363,2.8525222583757497,0.0
2010-03-03,27.581398647172193,51.7061325393165,1013.0922699299547,5.3803118034263395,0.3008821725078543
2010-03-04,24.942007727132367,65.5432971290987,1007.1330541123813,7.259993515334635,2.6037938558435534
2010-03-05,24.791100324651214,34.58857000964108,1005.4883278037612,0.992519464548435,2.1359117096705384
2010-03-06,30.932040511966242,26.003794915041183,1003.0142961351756,10.542980008827346,0.0
2010-03-07,32.67392727775201,42.414167507623326,999.0801671320293,5.926025882166849,0.8590779357804154
2010-03-08,28.495889458039002,45.90903323055808,1004.2028263861545,6.399367918908237,1.8604513091809551
2010-03-09,31.825168009425592,46.27400906286018,1011.2573296553308,4.708431368529691,0.14891751455840646
2010-03-10,29.998033328830854,40.53777818324112,1014.0311758244563,5.0577769020533765,0.49001152798612213
2010-03-11,27.072199168528506,44.45750742748143,1010.2870343685236,4.555150586217791,4.293161997173296
2010-03-12,30.182027685653676,48.58409026257918,989.4429650987264,8.053387907107881,1.2942255712465496
2010-03-13,33.79805551080504,53.505281171045866,1028.7458635776234,4.976214237639889,0.6928713633516057
2010-03-14,29.15836962709745,25.87032748326845,1023.8648012289038,7.301150655478129,0.0
2010-03-15,34.037453366320605,39.29187892652507,1017.4575985121713,3.6984574299422834,0.7231456171637018
2010-03-16,21.55771144581528,51.359232216502996,1032.0749067255326,5.586921584936947,0.19057262623913782
2010-03-17,31.951806577948496,34.84433566491839,1003.226358825163,2.5882389672817365,0.0
2010-03-18,29.81210003248712,62.405646301429435,1031.8762512062601,8.64958469764861,1.5816226089731205
2010-03-19,28.714484776188705,39.28865880961828,1003.3478592324946,2.4987582778426525,0.0
2010-03-20,29.94300745219136,44.61556940383149,1015.3873792529135,4.025061667216021,0.062323783536801236
2010-03-21,23.75689031027146,53.681775813287175,1000.2616267486579,4.055118762635765,1.578836024415946
2010-03-22,29.108091587768843,39.533106318096635,1013.1469409554437,3.938145836978695,0.0
2010-03-23,30.881579350445037,26.09347984673331,1016.8616649799839,7.167487308328811,2.0357490621945367
2010-03-24,34.28266956053484,38.57211995056725,1011.4530966886545,4.050026705790069,0.7512759193158653
2010-03-25,28.328522486448044,56.13014431604638,1020.1387744409013,9.18177359162322,4.790291439760615
2010-03-26,27.487787794729716,42.88715483478376,1013.9901444948725,2.5445747416094955,0.7862015500926686
2010-03-27,28.433513811454077,37.318900079683175,1007.7758527162249,5.508132409828121,0.0
2010-03-28,32.70608094972856,52.903681620162935,1007.3318668219766,2.6726420320622,1.5349533914014246
2010-03-29,30.962784646312517,41.21085871661322,1021.109137726157,6.2629183475944,2.573395057336717
2010-03-30,28.399469557294136,40.69865708485076,1006.4625797019303,4.95215081906969,0.0
2010-03-31,31.53632982903843,45.72639598211388,1022.1540297048493,4.534813865904565,0.0
2010-04-01,30.29109374408697,52.56195522414439,1025.2271179283193,8.565424899510571,1.0554640187506237
2010-04-02,32.90468485141974,67.3647928916156,996.3128613765386,3.0369743868346895,2.721461523484428
2010-04-03,27.887034928678304,54.328843612235076,1024.3292638730104,6.7595454728540005,1.164193719368114
2010-04-04,29.0002092939822,57.098295016892344,1033.604226984447,2.693120261975623,1.0004378530589007
2010-04-05,28.792432953584413,40.54412153332924,1015.5200376120193,5.3380556004811215,0.0
2010-04-06,25.5593386819162,36.96164959934714,1018.9908418529483,1.4132740153296641,0.9893496710379517
2010-04-07,30.814940497704193,45.21584324733914,1023.3700532436916,3.0124485610797787,0.496872194006554
2010-04-08,30.682018555550883,45.73068987482052,1010.2451768482098,4.753570863281405,1.5754020126035215
2010-04-09,29.882051329829203,34.27384692143942,1014.8228022353787,10.443947501969234,0.0
2010-04-10,29.126402453359667,43.683853474280035,999.8580047037689,5.3024116113793225,0.9611960067196887
2010-04-11,25.543110023306212,51.2216210055382,1014.3863502853045,9.96400494760012,0.6936621352269836
2010-04-12,28.48196231140366,49.36295279447897,1017.9811199564455,5.660969875072754,1.410673288994274
2010-04-13,28.66606182510204,50.7098476212917,1018.1616302292647,3.838747266575183,0.1187398152752341
2010-04-14,27.233326451820666,49.2929840754641,1023.6542472359758,9.618069567802081,1.059664015793311
2010-04-15,29.09791581443789,40.380955500080496,1005.2519782186447,6.3110528662202565,0.7382722251938845
2010-04-16,30.731219315804577,39.49538407560928,1007.673932433265,3.071835218351859,0.0
2010-04-17,35.11061593209382,30.45517805401433,1031.9550734599136,6.411714378200893,0.0
2010-04-18,29.904500693304964,62.89550004519847,1011.496716262363,4.122215750277169,1.7852705711882764
2010-04-19,30.077866121624975,45.09557058538044,1015.0003378731233,0.9671025885138871,0.0
2010-04-20,29.002085952884073,43.25042646560944,1012.3298995827478,7.807919477796853,0.1800264633381896
2010-04-21,23.38510350495919,39.019527432995815,1004.7831917369498,8.284802166925786,6.625160742472767
2010-04-22,28.973678568083823,74.86973973923587,1029.235292108918,10.513826089976826,3.3605152999646966
2010-04-23,29.14154959539277,34.695944880074656,1007.722985880794,6.266431076585788,0.0
2010-04-24,36.25408717035226,37.58447715876314,1001.7271447629307,4.253829727752402,0.875811664538023
2010-04-25,28.18667149654754,50.06503261458683,1008.4925972269725,7.504968282135757,2.097581601338593
2010-04-26,29.56371147841408,51.22027391823574,992.9829399827447,7.549461095956719,6.109295545187307
2010-04-27,28.446201725754538,55.35621968927957,1006.4871253501682,9.914843549409266,4.433348946260978
2010-04-28,24.931555248165036,65.61030745361012,1003.3187140214767,4.866117130800673,4.720310257071798
2010-04-29,31.74932828298746,49.18691241311339,1019.1742863092733,4.503263082297217,5.97632752053509
2010-04-30,30.455982157663357,34.211700921501645,1006.2658576044013,2.8533667407244176,0.0
2010-05-01,30.448690621768968,42.2062034378977,1021.8780393557885,6.6123862601756045,1.1403439440529735
2010-05-02,25.218969556364453,50.46883894695662,1026.9848399306932,0.35521499530749434,4.411104447732276
2010-05-03,32.0232154790557,64.67065267553039,1020.811753362876,7.328262118587694,3.4241325582423867
2010-05-04,23.47318267191911,34.285353879797476,1010.8461171113993,6.763505365597369,6.009958866752315
2010-05-05,29.299453472680366,57.37603831591209,1014.411144967056,6.755210607375116,0.9491088252168559
2010-05-06,33.96667985828858,44.815803766319874,997.7501505985595,5.414675709505521,0.6388277338405776
2010-05-07,24.276461796296676,56.24007445414647,1011.6622062747876,9.598934742593254,8.20033839559587
2010-05-08,25.398306006005857,46.28089983063775,1004.3956153193317,7.61598039628059,0.5827686139284347
2010-05-09,27.241697052002163,37.95482517273565,1019.943263811493,3.1787684258729008,1.4862202219510658
2010-05-10,25.274320863832124,54.87156736209726,1038.7275238924447,3.2324628509070594,0.5489060476259736
2010-05-11,21.971270327307213,55.55867510740261,1017.9982163597381,2.3609785597560897,2.9296866998131974
2010-05-12,26.664018116276225,56.38856059925911,993.0885985104534,6.653849998326763,6.094139776578093
2010-05-13,23.103091271801816,48.31540801031274,1009.3876980708562,1.99958323628013,0.7963614637856742
2010-05-14,27.539107454634483,40.23222603948426,1014.2249092537445,8.250176430750056,0.0
2010-05-15,23.185090608595903,32.81958474546364,1013.8735742526027,8.96891992503663,0.0
2010-05-16,30.414956920192047,52.98625422129804,1005.6918687439124,2.3629511931486467,4.7503051596616155
2010-05-17,23.23399427459896,52.62189768714038,1015.4529174263694,4.443354396221439,2.826174550854788
2010-05-18,24.43303385468764,38.12565674401659,1000.5749916308062,5.049862944087241,0.0
2010-05-19,27.65215279426425,40.78818686990163,1003.5509127731493,7.651949481409003,0.0
2010-05-20,21.328365013901138,44.66822937353503,1019.4579764160371,9.828030126829631,2.7345440373541834
2010-05-21,25.509725161948666,32.415293099201484,1002.8433676912017,0.05647717860573209,1.5615252382382006
2010-05-22,28.55224896139574,37.54705155325079,1018.3821160549226,4.045457847419952,0.0
2010-05-23,19.60899251525383,38.85720017430954,999.3053622534394,4.201949913318959,0.0
2010-05-24,24.783170575046828,43.48362459359722,1030.6482588379174,0.7979904353403571,2.37685488932851
2010-05-25,24.80400933111911,40.21102035114481,1005.2573007759595,3.544669942087815,0.5117187736279571
2010-05-26,26.16224739971903,30.648827091472995,1010.7633342819655,6.283306833051833,4.33877684412518
2010-05-27,19.895731885930623,70.27803636272951,1016.3061326109041,4.163963291481329,3.339747850360474
2010-05-28,19.43246909689982,62.8091727618424,1007.346500474989,0.3661364941777592,3.5408627561493278
2010-05-29,24.74443127496046,39.837590147319915,1014.434059610713,13.62224809402974,0.409574764428307
2010-05-30,23.85190474212856,50.798261595471814,1018.7535672452012,5.798533595612541,5.808023870411985
2010-05-31,23.492414416275423,52.42844369007524,1022.6061323250349,5.335082390320025,1.260030910541753
2010-06-01,23.557971830177564,60.13187263264599,1020.9149743597296,1.7062209107988608,1.5353881735510195
2010-06-02,20.254016441894876,41.686941512451774,1011.2818953619733,5.782118485913826,0.0
2010-06-03,22.764153706590967,59.53899098652877,1011.533682259564,4.507358647875517,4.785488372470853
2010-06-04,22.717817822522925,43.16203804666918,1036.4910855802502,0.665570238146219,0.694269371340288
2010-06-05,19.46472751117832,36.9090122027247,1022.498890682493,1.7892336799567516,0.0
2010-06-06,26.972328632977582,53.75520127665618,1003.7817634367979,7.384778053021835,1.9471858384121732
2010-06-07,22.561838144969684,61.626665168739436,1013.9998816376556,10.832052950001325,1.4486290813973426
2010-06-08,17.329943658239053,77.21411790618733,1009.6485686122181,6.101496215129134,2.732159225050739
2010-06-09,22.63528030396096,36.68510719711738,1011.6466576607689,8.309249834880102,0.0
2010-06-10,17.50166095026455,58.23836637567561,1000.7050484229192,4.53273407425037,2.6816046268686056
2010-06-11,22.54543850128836,44.62926831142049,1008.8807676561405,4.740361517958191,1.9503007792120939
2010-06-12,23.41691397039017,56.12513012004523,1031.1155577319391,8.272937082858395,4.116947931457624
2010-06-13,17.23455865898227,36.67782515819636,1018.790763008755,9.988331867538408,3.893177816423542
2010-06-14,22.340820676835325,36.2018919045967,988.0883859184854,8.903290080396864,0.0
2010-06-15,20.441802908797733,42.02035031393629,1025.1672349249795,1.8009107738455432,1.9001616646952613
2010-06-16,21.421162870903576,50.07905902122906,1023.8962952290916,4.799123329054263,0.16312193210789377
2010-06-17,24.395711655175877,41.39133150702851,1009.4071469569359,5.8325740534288855,0.0
2010-06-18,17.718420705450573,57.73133308640891,1020.1726354378321,4.220966109477413,1.039734414577913
2010-06-19,15.94160523852447,62.298143563316906,1004.406007891828,6.1635726302467875,2.420291834043147
2010-06-20,15.281550058027076,58.355000383440014,1008.2974428373365,7.461730435006842,1.310191487457181
2010-06-21,15.24906793098712,68.56334243111512,1027.9854636066984,8.00842925586542,2.5326714297794486
2010-06-22,17.210800065835446,55.55286626163571,1010.282699601303,10.05761045666457,2.6428541164720567
2010-06-23,18.210443878248057,38.7258109574743,994.30268338045,4.0116766858254955,0.0
2010-06-24,17.761295059778778,64.75311760549401,1012.3669677721866,0.9079005054820577,3.1053609437671668
2010-06-25,19.1564348539335,44.37022021697327,1012.2141160708564,6.0747037820433585,0.5004524778170969
2010-06-26,16.457056922891706,60.875656535409846,1024.9836856937345,10.651433093554406,1.4577426292276519
2010-06-27,20.521399419973896,65.4766424555641,1013.1433642217576,3.5690724201378226,1.7014695101930548
2010-06-28,15.109228660773027,57.01226577691748,1008.784176885597,7.060540931191158,1.240207657817785
2010-06-29,23.805840994836814,33.1354913709351,1023.4505614523121,7.087237377417928,0.0
2010-06-30,17.264278646702014,42.18573901155108,1014.2079023250111,5.574326142033827,1.1464497895005836
2010-07-01,12.557632284081482,66.94862852681061,1005.4997731843429,5.0207741631311436,4.87136672441738
2010-07-02,11.658217552486343,52.47966436732866,1024.5499756054162,2.2297123828358223,1.0782119280925713
2010-07-03,16.06014064232257,52.76566502826037,1014.936617645168,1.8449862172617326,1.2557095556825026
2010-07-04,13.684278148954492,60.746105087158845,1013.0292596667944,1.6644478800079137,4.462327399574585
2010-07-05,16.238802321789382,58.843827459908546,1014.7790839141165,3.829087552664902,1.388016486776194
2010-07-06,15.258915685218685,55.158540281245266,1002.2933162858341,8.292268062268121,0.769613192953761
2010-07-07,13.363462014771391,51.23158528040965,1007.7234622382166,4.6906158129458735,1.5139303666984185
2010-07-08,10.784733738969368,51.48094867319175,1013.0358260183278,3.4429228432455545,2.2260862918479423
2010-07-09,8.524235664153696,64.31687042083658,1011.0533630497532,2.3270436741397087,3.2625413770225578
2010-07-10,11.47346719000082,59.79896171567752,1025.7242838281659,6.970417485528441,3.482535509593697
2010-07-11,15.12709118889267,49.86345439937576,1015.1740585272701,9.075071499291816,0.10319578680991426
2010-07-12,12.945782446507181,64.34823190667782,1021.549039226364,8.190307165602379,2.552760829851252
2010-07-13,8.312690316960394,54.55331369022196,1013.0939535457585,6.818449099275407,1.0004468146510928
2010-07-14,12.316729045956608,45.325013733677764,1023.5628848374612,0.5731617608511801,2.3794246208837757
2010-07-15,12.70136708572733,46.05960946810289,1016.9752775657315,3.9449772714686855,3.728857483606758
2010-07-16,8.643094984182571,45.891044144811055,1013.1342048538846,10.841912686669026,0.24982638556736875
2010-07-17,11.506192926916476,51.522803370504896,1012.8671691104098,8.365851475745675,0.3524030083862567
2010-07-18,10.97116602734976,66.85165976968705,1003.4556137370904,0.3874903452958254,2.269692308253909
2010-07-19,7.12039681740578,48.388849780992025,1018.069157201363,4.833228430402186,0.05853365899561186
2010-07-20,11.37675646700745,56.1963793766773,1012.5979526546362,6.089295297983116,1.3980996353908433
2010-07-21,11.74122634573675,47.562493370857496,1007.980080398188,2.7135246109213402,1.3014899441023218
2010-07-22,13.064969039464833,50.86442506755321,1024.0646177081207,1.9276120642265457,7.361367375780343
2010-07-23,12.735700195158197,38.53173778256838,1000.497839741052,5.296472135049295,0.0
2010-07-24,5.201372418069258,55.1939314994,1008.7750410456756,2.6367252271386823,1.0164182400149375
2010-07-25,6.282670730407636,54.92161083674657,1023.2771874877953,2.6484747827459474,0.8571284004280735
2010-07-26,10.404766419391663,60.20049623066112,1016.1552294092025,3.935958920207726,1.4000469629171763
2010-07-27,10.166352753193317,57.14963275595704,1012.5214107234724,4.598972256035565,1.1428296779677347
2010-07-28,9.937361293660715,43.047398103649186,1015.5100354315015,4.972751617712941,2.177954167554913
2010-07-29,19.71959406933728,60.982185405766785,1014.7941417104884,2.3480303032339958,1.2241571642806204
2010-07-30,9.645278916971542,57.28039094373419,997.8333745371408,4.339371411097768,12.634610110863878
2010-07-31,11.112606313911444,56.427632014819146,1009.5073811465204,0.2722701112082655,2.1219262880001772
2010-08-01,10.343378088792974,54.73648742175212,1029.1652165451376,5.933117196104234,2.0453665556406815
2010-08-02,9.213237888679604,50.215806583438,1006.4067586522283,3.5688262400234727,0.9065564368558384
2010-08-03,6.093241543649966,59.131402625662275,1009.8169898589566,4.131529758699141,3.257154384570828
2010-08-04,9.09830108337004,60.2067338176008,1007.5837923669081,7.75755846103086,2.2959331169335795
2010-08-05,4.287685420234641,40.38720037642713,1012.1298477668187,1.8219779381755203,0.0
2010-08-06,5.682960161215108,51.77091154593149,1007.168771686757,7.1492906109722,0.7932373583241039
2010-08-07,4.727130572125589,55.08696500990131,1017.8674150215807,8.467198136362676,5.706672179666779
2010-08-08,6.221261469785128,59.451075322050215,1014.9731341229027,4.923699857492165,1.6328774606027756
2010-08-09,12.71470670057061,65.57575670898595,1020.7354761510702,4.545911289272773,2.704372749261476
2010-08-10,-0.03323779671276128,52.29921075238856,1002.4905883381103,3.627320282884826,1.0925376514418534
2010-08-11,7.4279598725750855,51.306401595534034,1009.596595171171,4.6453746632871615,0.31088092017707303
2010-08-12,0.3345070282947695,54.70740537938712,1010.7427736838787,4.9784863670560195,0.882169177475083
2010-08-13,3.5632464394287005,50.20310087924024,1017.5564691008859,2.447631957732515,0.4405228378830156
2010-08-14,8.05525064874686,52.50050972450394,1005.0677880279296,10.774515086239596,2.6161018817761867
2010-08-15,4.793621653981732,65.31121137288885,1022.1565380425834,5.858047422903875,2.5748451057789143
2010-08-16,1.1830115146044209,48.870139289054336,1024.8641559051762,2.452929703753894,2.933236796921047
2010-08-17,2.088935167080673,63.23367636798869,1003.1112765236442,9.396138282495555,3.791894399058455
2010-08-18,6.095429935506713,39.933262732063284,1008.0912710510644,0.38683966192695074,0.0
2010-08-19,1.6905699421196534,53.541335064518115,1007.6806849170791,1.312486899445048,2.0093974820804195
2010-08-20,4.3593733557658005,54.52542031993724,1039.323862046775,1.8983665710096957,3.169191176668993
2010-08-21,3.678386327853299,74.90940356521399,1008.7009989479211,10.403135589618001,4.495961147455738
2010-08-22,1.421938336676941,56.54100778413465,1029.7762544215614,5.99703911441601,2.4867647843049574
2010-08-23,9.647084441795261,33.164023044593186,1000.333680048934,6.978205369545485,1.0075586640925296
2010-08-24,4.959014110214802,37.5316038762801,1003.1034903383563,5.903003701755427,0.0
2010-08-25,-3.172626954786992,61.9266093408603,1006.1339546815179,6.721303283433754,3.8218883509617054
2010-08-26,3.3112921726195466,64.48206247158932,1004.5431068855348,5.234233141687969,2.0849156928708883
2010-08-27,0.619327624836195,63.444894763854435,1010.321012658415,5.812764028122324,3.0411567907081296
2010-08-28,5.018417813109124,59.166492151455344,1005.912217972785,5.322810308668853,1.4715978991152372
2010-08-29,-0.05629807559405364,71.65074501285369,1004.8065840726542,3.1742245832921645,5.815511428442914
2010-08-30,1.840958129351899,53.68360872795273,1024.5847199647333,4.860125704355992,1.6783663282246217
2010-08-31,3.5678299161926987,67.1651906021719,1025.2379362251318,5.820783719785033,3.7762287373382915
2010-09-01,4.521670801870539,41.419015748800554,1022.4929649837532,5.331647358656392,2.3024564925347444
2010-09-02,-1.801072280770363,51.85105781100452,1018.2399895558433,0.5666836767400492,4.698709529917756
2010-09-03,0.6756364530347598,41.591767824164464,1013.9274306577955,0.9650399941747718,1.7931768440199636
2010-09-04,0.13757470549349815,57.18275964055533,1008.0296930933409,8.248524301749175,1.0404184520687998
2010-09-05,-0.5103247325913978,59.79255019363227,1003.468424952449,4.079017862349795,4.834858396365216
2010-09-06,6.637293269430048,57.82236828755018,1016.6299570343268,6.754176041107821,2.709934198104789
2010-09-07,2.451190741991966,59.393238157875366,1001.263696074532,1.723640270832811,2.8197211323090143
2010-09-08,-2.6470126959015357,52.04797303983349,1003.060790708246,0.5805623700604103,5.290052561525691
2010-09-09,3.792726875594638,56.201228118070524,1024.529132562048,2.469210162404861,1.1923735297677818
2010-09-10,7.313248396606427,41.3689091156393,1032.006490417221,4.33230478768576,0.0
2010-09-11,3.955978630797131,71.65430043592394,1016.9329513816648,3.004579102146763,3.60520739920515
2010-09-12,-3.783533598044615,58.855506070042296,1024.0645715229464,8.881800569317141,3.665055807165378
2010-09-13,-0.7579171680554357,55.49009739359081,1010.5415168255602,5.538569904612385,1.7346750379716482
2010-09-14,4.4199661927504215,73.67942018806562,999.6232581391232,10.546815855685576,4.377592500154887
2010-09-15,-1.5750666253185717,48.365067977166994,1019.1217161861858,6.213224462214251,1.0413827511343239
2010-09-16,1.8123915390777225,47.83793309014145,1018.6928932327006,2.2376524537594324,1.6689969159358713
2010-09-17,2.742129210852093,47.666732145888304,1013.7166855388025,8.168124819375663,3.2215660660103844
2010-09-18,-2.4209496742197714,60.53176102011506,1010.5762454189489,0.47134513259013566,1.4512409909350663
2010-09-19,0.12721855713224867,64.25270701780985,1022.622105785811,5.691601001634018,3.8026414383263023
2010-09-20,-9.467700299906951,72.1306048311318,1003.1426696657253,2.6759478270084656,5.309988262567791
2010-09-21,-2.862385173460324,87.15114576167986,1005.2621942110934,11.42813310339256,4.900312092047358
2010-09-22,-0.5878683076645863,37.79960961182466,1002.9189349323957,9.318793782290406,0.0
2010-09-23,-3.610060505796368,67.89238614414235,1013.8497296263582,2.7745380748947253,1.8165123844439033
2010-09-24,4.9983811727836915,51.92950368788584,1002.1210698789074,4.617926995636664,3.3830839392130545
2010-09-25,-4.21700380039236,56.244350411308446,1006.1575781948476,5.733794208947653,1.4192463639876767
2010-09-26,-1.270016986403502,54.43728721066297,1005.9424443777281,7.590242214684832,1.327912642076965
2010-09-27,0.42346431887739067,50.70057113248157,1010.3939166766604,5.087455736975038,0.8890219358963547
2010-09-28,4.3406241334228435,74.67493627932309,998.1262555359602,1.9253153018573994,3.848751658783242
2010-09-29,-4.300780663848679,70.57336360206337,1013.8720499203727,2.847324082399841,4.482015599085852
2010-09-30,3.490741376643811,58.486589097251844,1025.4730365066468,4.986554610869626,3.804277964740994
2010-10-01,0.03083808701591003,73.49473848136205,1014.3549137231677,8.703370936294073,3.3465128935964588
2010-10-02,-2.9410534828422166,46.345237088432356,1028.4132114480133,6.283513581608132,1.8104740470232519
2010-10-03,1.3975602541945593,45.99416855959346,1026.3399818587693,2.679755220154952,2.150241691189007
2010-10-04,0.6206477693869461,37.90999879335965,1020.7773504724786,6.94511833312937,0.0
2010-10-05,-1.7605252280987171,53.88611721281648,1013.7468584263688,3.8390454833655205,0.5918389638923883
2010-10-06,0.2706213127623688,61.481674610666346,1013.2250038824544,7.671224015560524,5.649400206827051
2010-10-07,-1.069209393994559,61.56319047632062,1020.6379977236326,12.581031254985817,3.41724317962264
2010-10-08,0.45721889448475794,61.26480966335643,1009.0832939049596,3.923520887169351,3.215356594668634
2010-10-09,2.1374045972528455,44.82072939071276,994.1747924853254,7.4048154791791125,0.0
2010-10-10,4.947808812526261,65.55764301987709,1017.9200405410296,2.763820003886811,4.961866999575032
2010-10-11,-3.4805537477619315,64.13655205627094,1001.6893137006502,4.663208698426107,3.083326278179638
2010-10-12,6.679503069894661,63.99079127971265,1003.3785877180961,5.088686860616304,5.165308397408154
2010-10-13,-5.523988521152355,43.83437248467566,1013.0022394799579,4.418949019866858,6.72639539271931
2010-10-14,-0.06686211269305908,63.14833964432443,1012.0487512244653,12.38904106632507,7.612615830036568
2010-10-15,2.213992791681124,47.01535120498417,998.8792439368437,4.080220775964853,3.5786603865281257
2010-10-16,1.3568765383822723,55.34832920529525,1014.6549156413314,6.760554616354604,0.5568483950895838
2010-10-17,-1.2850453175462933,65.98617164513698,1022.6613966086105,0.7902606079702972,5.93695072218574
2010-10-18,0.03211085004958725,60.894880637534335,1001.7165842973421,6.295989690108831,1.2455458838315943
2010-10-19,-0.744850548403803,51.857025476408715,1025.7248333084876,8.42616377705674,3.995925816438039
2010-10-20,-0.9520400822397765,60.53875160296407,997.3982917487006,3.4172079722628474,1.7113668766199237
2010-10-21,3.4509654219346446,42.95916413659625,1034.1732414437095,2.5306664231212386,1.1794839781018767
2010-10-22,2.0634880255512646,70.47092994620732,1008.8873956951652,4.884044693518025,2.124716508986831
2010-10-23,-0.9918540394699105,58.44308682477244,1014.4561699682689,5.051551551156584,3.7939627288632707
2010-10-24,3.884230310550231,69.24338428727815,994.0796642751433,7.172225152232913,2.1612437233444686
2010-10-25,2.209978739849822,53.62969375911466,1012.378639335307,11.0327091062403,1.4205690069484944
2010-10-26,3.8333791644773387,52.847550533695504,1015.284821777182,3.8598390481990794,3.6861735974759005
2010-10-27,3.3944234809871867,50.660920393127945,1012.1383789590051,2.431135629019159,2.4432688560658913
2010-10-28,-0.8667052296594484,69.19509193176047,1007.3691892294763,1.4992465958856704,1.9316312488434835
2010-10-29,0.0584442302586361,52.87646631158593,1003.5343548147218,5.594235851094798,1.3194312886968842
2010-10-30,4.103505238206136,64.3942017050487,1024.3052661953732,6.438062776455506,1.5250838566744618
2010-10-31,3.8192654753564375,54.26584328562888,1013.3080713499795,3.3630338169122465,2.665234136527568
2010-11-01,2.0558358439705113,39.21244907909855,1028.4075237651678,7.336048237177369,5.865460701930072
2010-11-02,2.604725777013431,52.994496433628626,1007.7351764520507,6.396152230457527,2.429386505092551
2010-11-03,6.2237186028481,45.097058554947466,1008.6520530662779,5.129695068934671,0.017871477520158552
2010-11-04,0.7577264380053919,59.96016401782068,1021.1559424459616,2.292755837767624,1.873749036768015
2010-11-05,4.319143843973896,45.936350721268155,996.7702503799644,3.5544070535458308,7.107999256300617
2010-11-06,2.2203361575879006,68.14958292835222,1000.8653663984708,2.2892658930476344,2.3222988975526913
2010-11-07,2.3265400676981836,57.925971362620636,1023.9748497135316,5.707361192594101,2.441520677298664
2010-11-08,6.432145704609909,55.00796720010766,1001.2806607077681,5.079023866242306,1.5239612354991774
2010-11-09,5.771811280902448,63.6730157374246,994.8094898469745,5.56543697326846,4.292057322634688
2010-11-10,5.899306504742844,66.6894160883872,1031.6852718807309,6.512957046693681,5.709616207586645
2010-11-11,7.541849294284549,56.02808783516121,999.0618235212579,6.157464459296669,1.4363784771423358
2010-11-12,3.858430209449951,50.358781899782116,1014.8411939832816,4.668850458061894,2.195830423984771
2010-11-13,6.014603569425105,39.25300205416615,1013.6908519272428,5.146004129488257,0.5180876144870052
2010-11-14,3.2145391557809457,51.532232851757726,984.8937168338192,0.7870507499114918,0.8059152189109601
2010-11-15,5.297649723238701,51.17905267190103,1010.3268297683219,3.2488380629317226,0.7526511057381359
2010-11-16,4.11769593112224,59.011726564361844,1017.4841324947911,5.151413161050384,2.448289708086776
2010-11-17,4.985196386623143,54.055932995308154,1016.5430938151886,2.7924392722629183,0.7400719315147469
2010-11-18,6.668816793816556,63.544921323606005,1022.035206838035,7.580452387617639,4.684497993805049
2010-11-19,2.620818676665397,52.55975794896041,1009.1250868509456,3.0241037571349088,0.3989781940376069
2010-11-20,11.547718411531653,53.65572912570476,1020.1250444209217,5.648916233744949,0.5642734421652142
2010-11-21,2.4504633421482316,70.61464276089478,1006.1067093191992,5.349696970446008,2.8992529588010565
2010-11-22,2.0267329350237824,62.40488567203777,998.8953258358722,7.238832780831229,1.4918230924525673
2010-11-23,9.347179568773306,54.7260347987277,1000.0227162431877,7.7023735220849066,1.763986039761485
2010-11-24,8.454087777477348,49.75351169190955,998.3788954480458,7.082097832903818,0.9959223432213691
2010-11-25,8.160355349349448,49.587508358175505,1023.0958596789119,1.318018604149401,2.5176512593767257
2010-11-26,8.384510183426064,47.301612378767494,997.8542649094144,8.58244444403938,5.845553417672377
2010-11-27,6.676729983944952,51.25156635019853,1015.740388406493,9.581924672583794,2.926418595081825
2010-11-28,4.238159312468017,65.43757873120914,1010.3407580592757,3.553627147035592,1.9393154777557204
2010-11-29,7.376179564097924,54.09302750502835,1011.9735142654937,5.709940738018549,5.892142984192468
2010-11-30,5.338450707682102,43.83304395234664,1026.636072951997,2.327504959607654,0.3789041603089056
2010-12-01,10.518725947853593,72.42232995667104,1008.6157263278473,0.8451355201964539,3.527861261312723
2010-12-02,7.37782025375676,59.51074178457325,1019.1160156154968,2.783854203372841,2.045971229652084
2010-12-03,5.570254346079697,43.14543882182846,1013.3756335138111,3.379582881609169,0.0
2010-12-04,7.312402348934861,51.92530955312433,1011.479810943673,3.9354478059445537,4.700964568012212
2010-12-05,9.747160474570396,56.23528359099898,1035.9996912438648,2.1232577299820363,1.4311778652425955
2010-12-06,7.050922302403321,73.5204597817721,998.5865825428463,2.799724499548283,4.080374778272375
2010-12-07,6.511018975211099,45.66336592980576,1025.8913183543746,4.9669810351147765,0.11529866626935475
2010-12-08,9.946110540821625,64.78735192314866,1019.5640656548998,2.6893190506695737,4.671535489321335
2010-12-09,10.18903156996607,68.90034848474039,1008.2047500536821,6.630572997650083,4.8662342299617105
2010-12-10,8.17402864124103,49.62644262863379,1029.293185174416,7.044981954192318,0.6654850621059974
2010-12-11,8.52404158923333,52.962843016781,994.5188988761147,12.14116323849347,2.584889487226043
2010-12-12,10.877104886687432,44.19835508291858,1007.7823334270092,8.377039796370386,1.8537728339860033
2010-12-13,6.081928605663687,54.9244242863651,1000.9151779573092,5.729309174985243,2.1458517635938548
2010-12-14,6.450372183661187,56.4089141647401,1017.1208346487145,3.139207109996964,2.476467031698421
2010-12-15,8.765294973231113,62.213852494208155,1001.8693589881282,5.881242055021996,2.930152706698231
2010-12-16,10.529359118121636,65.63715515114365,1017.3306394674132,5.979787879749068,1.7345358975199487
2010-12-17,12.352631206704766,46.34272375043114,1011.1356358417845,3.4600607329830173,1.8532064207500651
2010-12-18,16.097245955786157,32.27812637984698,1008.2064605734391,7.351194190258633,0.0
2010-12-19,14.49641137157677,52.5393465214492,1016.8864724603332,0.805705955954374,1.4080695056218322
2010-12-20,11.696783762461061,57.08698341845587,1010.3137837606193,4.266800493387469,4.640912894362401
2010-12-21,12.373554213569767,56.30739977006554,1002.1136515694096,6.66757537795222,0.6777413859920954
2010-12-22,9.677779596122358,51.894377726848376,1041.0137298963498,4.137247557223709,0.768311442870045
2010-12-23,12.885279010323853,54.80488149147742,1008.1283281697085,4.379736789712187,0.7393472109071393
2010-12-24,12.330903409749293,68.98899637864783,990.8239091984799,4.5866424164231585,1.9708609462887345
2010-12-25,14.421630219302736,56.606526579973725,1004.5790131027861,2.4931962779367636,1.3056883585547887
2010-12-26,11.22883518828133,50.65189815582849,1000.3272331162727,8.521702794722625,8.991884083411216
2010-12-27,15.526003140688708,47.235020258695684,1021.2614561604051,1.9458869842315547,0.35355148592692237
2010-12-28,18.82392173065892,48.88951555789323,1016.2165265959159,5.954477982229656,2.0684894872996797
2010-12-29,14.15739538028824,69.28870192816228,1016.9871280179034,6.240943694847121,2.180674508825276
2010-12-30,15.946934823959294,50.19352549275838,1009.2997753416275,2.1541342963730994,1.861193565044976
2010-12-31,17.070431975133346,51.26684056722625,1010.2064975294307,5.21931276314223,8.45812672038093
2011-01-01,14.054538926680012,48.149594827296966,1009.2906889639233,2.2711034817658935,0.5051229326870705
2011-01-02,16.188601619772435,62.89553276453343,1012.1880681586453,9.173127425167836,5.058297992599997
2011-01-03,15.812072210694192,71.69233644209964,1021.3533343536484,1.583651189071361,14.210098114419157
2011-01-04,16.32506469768129,56.34359814547324,1016.3607541250535,3.0383087173041066,2.4105152351976042
2011-01-05,13.970442629495299,53.84250772310661,1018.0011282962087,1.3273249749332585,1.1246429472409734
2011-01-06,16.62005598448835,52.05780033949817,1017.9955890824921,0.926903819397344,2.44462218848235
2011-01-07,18.29711554722664,27.008374338529222,1021.8444243738173,9.773645872646881,1.4275400876176874
2011-01-08,21.412612405084097,56.74520244030612,1015.8815004154026,6.628324021737686,1.050435647260207
2011-01-09,20.192444788219838,51.24544176584852,1016.5884807267892,5.420880277101632,1.3293873968057945
2011-01-10,24.028944535256834,52.26894823897883,1024.8880624119315,3.030269109959235,0.9958321234506694
2011-01-11,15.521357958984513,45.1246990796707,1006.3495408199689,7.722835433140305,0.17883042173640995
2011-01-12,20.693529408191324,45.80866650613342,1004.442574200485,2.527332681897641,3.5248592065121747
2011-01-13,18.878848712277538,46.4503262788295,1001.1407840081314,7.380917882990309,0.7401985984574894
2011-01-14,25.14950028974227,57.64147969585926,1014.8291456362026,2.3824661701830916,1.5923818500034934
2011-01-15,16.40540457067735,48.00969934863039,994.4626775878088,3.0664768943729843,1.6511815837728134
2011-01-16,16.560206836469256,72.54649980286334,1017.6215409605968,7.274847158353763,2.750038876000673
2011-01-17,17.529058556877068,55.544094911711845,1011.9080690549945,7.591482032467301,1.0768623906966275
2011-01-18,13.202131196914916,40.642107801585226,1024.3463969982106,6.792418801690284,0.5333525375915211
2011-01-19,18.241779860343183,49.593647137308835,1006.2808268953501,1.8509776527296156,1.0121663894838615
2011-01-20,17.785445509250607,44.59052602381054,1010.966817145825,3.6598194028315136,0.15811758065670645
2011-01-21,20.7563231920742,27.678013705762655,1024.2220333329337,5.4706962235955405,0.0
2011-01-22,21.571136070691573,65.2091413657921,1026.8313564677815,2.452157114269725,2.9920810856277775
2011-01-23,26.413463611301765,53.824693616549155,1006.1984763424819,9.112888280387878,3.774741190728183
2011-01-24,23.873591352647743,53.39527750266926,1014.8178123258716,2.2058408318516376,4.152215274272137
2011-01-25,19.52719307219754,51.89044006689827,1015.9441897768405,2.6637814538925415,0.7259535017040384
2011-01-26,18.796389874211393,36.78162937596993,1016.7365340562114,3.4713004913905046,0.5089512251932231
2011-01-27,23.199197640625677,43.5642297841328,1010.3742434068438,3.5318309943153032,3.230659136542405
2011-01-28,17.992554442480838,59.42153052659971,1025.8138339812363,0.8113126092914271,1.9931043061198526
2011-01-29,27.675383899299888,35.65010775252503,994.1029651637846,6.875868537626205,3.9455340149809333
2011-01-30,25.94495361456352,21.709830030210107,1008.7886976519892,5.090850909658891,1.8366289546070158
2011-01-31,21.222537201467453,47.11767132145702,1017.4793073277294,9.719408066128707,0.1784930598614134
2011-02-01,17.711830523210622,49.7265091981193,1017.5722481194935,9.635679337654457,0.5720653114881455
2011-02-02,27.13169469557073,47.789786816361726,1026.5275903061477,6.29913913581184,0.17695889521178446
2011-02-03,22.942910161756444,55.81373135426714,1024.9822539320128,5.939714747002135,1.0178203622268363
2011-02-04,27.21397528028715,52.769070482168516,1010.1445837469278,5.1977933257367015,5.045844592074156
2011-02-05,18.928721125423912,53.123337489727255,1025.998712435306,2.96524605363847,5.663632665712935
2011-02-06,22.122775235550133,60.89392626309203,1005.8595825622255,0.8163214600217739,1.1959774007634725
2011-02-07,24.142884150881443,32.73886011642613,1022.3088738279183,5.302026509296803,0.07473729128138862
2011-02-08,24.47164300790724,52.80999664082029,1031.10522478421,6.848077126243014,1.942288232466284
2011-02-09,23.18128809891493,54.67473958391196,1025.1494410685498,5.869009436414422,1.4578629715461615
2011-02-10,26.597993212567218,34.30538053291399,1014.0577038352412,2.322605096853027,0.4282398925696185
2011-02-11,21.72165798548639,34.11046492043291,1009.6822122822788,7.812218847408487,4.29990181991651
2011-02-12,24.689515827430302,40.19582082152884,997.7140870374071,9.44733208626391,0.0
2011-02-13,25.6666784034907,40.55124637310173,1016.105396379142,7.81396880087402,0.0
2011-02-14,27.03519140795095,54.01659893104883,1001.8478277202908,7.968797988771412,0.4695814223671282
2011-02-15,27.809693968493292,39.949765178842405,1005.0686533638607,3.3223226061343674,0.0
2011-02-16,22.48073429892508,40.19614766772542,1001.0925419926333,8.227802368102399,0.0
2011-02-17,21.428912832252912,43.169206216927954,1008.3960766734334,5.437275917982972,0.4440366267729354
2011-02-18,30.03761178114386,56.167517450970195,1012.7203058551302,6.534666585566015,2.016330249340975
2011-02-19,27.371529163117213,46.444669162210914,1015.736145811657,6.096295528474127,2.480647955787527
2011-02-20,24.295762793589404,46.05960834963618,1006.9949336458603,4.635538683678767,0.601494658707234
2011-02-21,31.357893692629197,43.22099816667488,1023.6928370639519,2.4199925746330946,0.12488596495780113
2011-02-22,27.211208754230235,59.314998966150114,1010.9179474201003,4.753590009337861,4.439026834146215
2011-02-23,30.55830787481163,37.22912879656177,1005.1227756673449,7.960284852448469,2.5144436272766955
2011-02-24,27.375641329340745,59.46726224473067,1015.2629226724343,3.675572584061271,1.476653010190185
2011-02-25,33.50439207418218,45.35276695212395,1032.6355283354383,7.680041787824438,0.29099162424226327
2011-02-26,32.73358192281673,42.029015218838154,1016.3516056653511,7.211212011853016,2.6901705276492605
2011-02-27,26.86238363907995,71.57781315980284,1009.3714437262639,4.103187808940509,2.323258521964026
2011-02-28,30.66196922577598,34.112620489126044,997.725386438813,9.16640031085873,0.0
2011-03-01,29.817587222892488,41.5543487928837,1010.8058767902793,3.933359986427882,0.3451182509153211
2011-03-02,32.117739993541,31.6168176115895,1015.3492812508812,9.528640587837895,0.0
2011-03-03,25.243605195423328,56.90281710765003,1009.1241910874443,6.302380944622918,1.0869743226018125
2011-03-04,30.31916702914577,61.7323058219439,996.3461536175901,4.952402244639459,2.279521317892529
2011-03-05,31.55499365744199,60.92173098532539,1004.4943461049656,2.336595858987039,3.9012667534422674
2011-03-06,23.218244585514306,60.63036523870289,1027.5453846088776,4.735219309594876,4.731113818064554
2011-03-07,25.055431654042216,45.49607949501923,1027.3400100373046,4.38872145951674,7.298589666026942
2011-03-08,22.594223289499702,45.05047858035169,1004.133608307954,1.2251108442472836,0.0
2011-03-09,28.006348812415848,29.285127868851426,1019.7275678719942,4.347153731846999,0.0
2011-03-10,31.065752021075838,64.82585934128001,1001.2142721522982,2.588590459708743,4.308929358707526
2011-03-11,33.51462958863196,47.9324659871687,1027.0431628199494,6.757975306936345,1.3489089429864902
2011-03-12,29.320125210387758,40.42036834611129,1015.4523584789424,8.91884142718461,0.0
2011-03-13,34.069792448121014,56.245672665809174,1022.4964149861653,1.319252971114278,1.0848775701671531
2011-03-14,25.12554336978263,37.709583147508674,995.8490665281746,10.136923185100768,0.0
2011-03-15,24.23337508081312,51.94953280182018,1019.7763710192489,4.61434689684461,1.316697760116937
2011-03-16,29.250303661394657,43.648556826394326,1012.923259363155,2.0749358451844575,0.0
2011-03-17,30.638295411640748,51.067623692982636,1021.5192907079085,7.27326434062455,6.767827715344438
2011-03-18,29.452874583490328,44.63782731639362,1022.1486779809785,3.660636565234856,0.0
2011-03-19,23.409180527466678,33.78613082515442,1013.6578468947475,4.7547899719055176,6.856535581677533
2011-03-20,29.400365004046485,46.05558122467714,1006.9917036090409,3.787165267363763,3.2945282602266834
2011-03-21,25.80618855255958,57.585547142473835,1020.796961821795,2.5497862044053,1.8589063455642434
2011-03-22,31.776124897771496,43.8197734925744,1012.3984550059487,7.171991097205711,2.0747123315671154
2011-03-23,30.91003637420034,52.296133028790685,1004.2721504647236,4.141095791317438,2.4561429950401665
2011-03-24,27.02934806732823,36.030031109595356,1003.7984776854231,0.6900446234622626,0.0
2011-03-25,28.341732389258905,45.566525872672024,998.2283558368762,6.653180372647798,0.38486753764562276
2011-03-26,26.735628037742423,40.387081430243015,1007.8970884043694,1.3832529469287342,0.47819385618140675
2011-03-27,29.75074765038817,52.59443457585301,1024.026920460744,1.5402194819742236,2.2908048925272606
2011-03-28,32.82530155812605,43.90226484355693,1014.7782979970543,8.577818614931948,0.955910713141712
2011-03-29,27.01935317832683,53.39106017420271,1007.7023229407696,1.4109803023693646,1.6201678925547331
2011-03-30,31.500889715148787,55.126659404004265,1021.0485593818008,1.9493345707824714,1.6835928561153808
2011-03-31,28.40575467458104,52.713308413923365,1004.6752337827661,6.868584454884487,1.6506952197367233
2011-04-01,27.621242599255815,48.92056304330853,1013.9535027433278,4.088409711556609,1.0316212113608791
2011-04-02,29.677658799957396,35.17904801490725,1011.2036962727449,4.347034636585651,0.0767537031066956
2011-04-03,26.88746724305224,46.528405271804864,1020.7913062558836,4.0564988199494,4.031090842758053
2011-04-04,28.322247817733956,40.507972070974695,997.227716290805,5.695009817056181,1.0546541111022085
2011-04-05,26.375123735214338,43.37179856535056,1004.4980225418534,2.7418422742907964,1.9019199090048107
2011-04-06,35.844058925061724,38.33262902996663,996.6175434090546,9.428344623697292,0.653299461450642
2011-04-07,30.03237032242565,35.18455909096473,1010.4040327819073,0.571308559071805,0.5785939670976972
2011-04-08,27.799676215033458,26.52677600114337,1025.1142750363242,6.334624750031369,0.0
2011-04-09,30.508650692104485,38.064244170670094,1007.9455279034647,6.926363011629752,0.0
2011-04-10,29.49317970441262,47.187204667035274,1007.8931606180435,2.721044717499866,15.358739802521962
2011-04-11,29.126313450857786,31.955072820296202,1021.7172442418414,1.928796664166545,0.0
2011-04-12,31.586398379830012,44.36362317480123,1023.685495584553,8.05152264251047,0.4419053026590801
2011-04-13,31.966728504824268,63.01931999069752,1012.1142893273121,2.0274177379498552,1.524053636183217
2011-04-14,28.048654816653944,56.206238144195424,1019.8471485404989,3.1800081777482996,0.8245308010435588
2011-04-15,27.854318227501878,62.508255977454354,1002.2304545912206,7.661926887379239,4.405996381110507
2011-04-16,28.69391165390603,49.56432294237425,1026.779743339254,5.104223700617073,1.0664254677722722
2011-04-17,22.546294734255476,60.401950862736726,1034.4870629393706,0.39143100288731425,4.270490534114883
2011-04-18,24.83519406821379,40.34275566121523,1018.2121579118873,10.241177433660543,0.0
2011-04-19,33.40583775179026,36.85367845388503,992.156683786572,3.409967723660102,0.0
2011-04-20,34.16032684068642,20.0,1007.4176973760221,3.791728130280748,0.0
2011-04-21,28.394309032187177,57.664300224329395,1019.1282532166932,5.767352756979096,2.6814140899522276
2011-04-22,30.782891083598773,60.011794256399476,1008.7851700283363,6.875230391012218,4.375971737194666
2011-04-23,29.8946094292003,39.52092283192715,1025.721985542501,10.8833128738744,0.15600508570614346
2011-04-24,38.10100325826211,38.4099813068966,1018.8815726443587,0.019795551782911147,0.0
2011-04-25,32.12247912519464,36.400139300493066,1005.9352449923421,7.477856626777838,5.907248143073547
2011-04-26,28.275316676970945,49.688877176289445,1013.3226481077126,7.229029082150231,0.21719084213731935
2011-04-27,25.68371571306899,58.40746759649791,1004.0616677936091,4.58850526737765,2.1742741009003836
2011-04-28,23.618250400250915,30.763155061064133,1011.1741512158756,7.361821084448668,0.0
2011-04-29,28.931250747044068,49.62875993290049,1007.4540675956745,7.80282205290964,0.16943823279581546
2011-04-30,25.931130823750124,44.267716870933484,1024.7476180023305,0.8541116450389872,0.05126872947010641
2011-05-01,23.808833651846804,49.229527093743485,1034.16012056831,10.249299517642491,0.0
2011-05-02,26.00741326802109,51.58623338273237,998.6881166676425,0.32371324058557427,4.349022055000704
2011-05-03,24.57018853540422,45.832881344569685,993.7678371379025,1.5940511562836805,1.4555074509143415
2011-05-04,32.74016076551364,42.59405108318537,1010.5482757814862,4.214636979127711,2.634404003100209
2011-05-05,30.183801462127906,42.76934759338966,997.8158430117131,10.77482153956117,0.7513605047189592
2011-05-06,27.371395056908792,56.01746448942842,1013.4621160367092,4.075230110739841,2.4318785602449324
2011-05-07,31.687903188358817,48.34364800709556,1020.4893611380593,4.904198329847568,2.2480150561080703
2011-05-08,27.32930411775703,48.541183318495094,1027.9414189726683,9.29623581171369,4.626304522651533
2011-05-09,24.358890352754447,35.11103761269995,1015.0139455871528,4.099045572303582,0.0
2011-05-10,31.35412005798969,40.53714253887361,1011.0684477515042,1.4646898612079733,0.0
2011-05-11,28.23999075155959,54.866696227611946,993.2161508342691,3.7482954942850566,2.955713659294403
2011-05-12,23.346590728878773,48.70367036679985,1013.261851491858,9.112375501417333,6.2273018924820835
2011-05-13,25.718986378729305,53.735821506526726,1013.7128726054946,5.2125949911654095,8.280046101322347
2011-05-14,23.491475402574665,65.91938030198901,1019.3895681421275,10.791974777168779,3.6247293567544956
2011-05-15,21.7949641184043,59.48857863288602,1005.9151189847091,7.213804778786466,1.3792048512126756
2011-05-16,28.543686347734354,46.65974020313025,1008.6494739976414,3.06557319081955,0.0
2011-05-17,31.312004073018063,39.2341062615337,998.2199774469582,5.153228913395235,4.762570199403408
2011-05-18,21.203515681847243,23.862746198517392,990.0870719311594,2.4403456455743613,0.0
2011-05-19,26.900508852226956,44.865896349158,1001.9150290920321,2.99470090805369,0.0
2011-05-20,23.06903025583752,45.20535991391275,997.2967418574698,18.43725275307727,4.9534826169495725
2011-05-21,23.365969206842188,52.22067734053267,1016.3671229542061,8.055873530101433,0.44286805759947
2011-05-22,22.85363892583185,47.0341282673372,1007.8186594333314,7.583293967020019,2.3189049271421673
2011-05-23,21.839469909898067,45.87641445068302,1007.6176286992521,3.130459054075808,1.550703256857847
2011-05-24,24.374833883284396,30.018593753285597,1003.1558695382479,9.708752198843236,0.0
2011-05-25,21.531510599140727,39.83456640892897,980.6743456748757,8.298246805378811,0.0
2011-05-26,24.628149261726612,52.45243577714227,1028.0831074874754,10.644863868073312,0.570118359923198
2011-05-27,23.455869690217455,65.43114146621822,1002.9972947722321,10.499342445195348,3.398316012778344
2011-05-28,22.67699479555342,47.68624876476706,1008.8757993015009,0.5627321357074342,1.0654047965348097
2011-05-29,20.455915591984972,53.05015293974874,998.4510783471069,1.6704815321902782,0.3135838722443987
2011-05-30,21.230636730724,58.90946320416605,1022.7193034344064,1.9886365536090906,8.326374019813333
2011-05-31,25.007109542715064,39.38750586663998,1014.4342893703732,2.168178070002689,0.0
2011-06-01,24.02137876455978,51.65745105057453,1004.7363471473413,5.970357092781171,0.7631081766693252
2011-06-02,19.361424872234696,42.914386500561065,1009.0777038865598,3.2995896437125474,0.0
2011-06-03,22.365389531395632,57.4655496192123,1029.7817992212488,11.217795622287555,1.0924444266263338
2011-06-04,24.092761772742247,49.4676495931462,1012.2703056811872,10.714039646244913,14.057133332417173
2011-06-05,16.59956592189331,54.68473517886774,1011.182664623841,4.980615217762881,1.1678990415207526
2011-06-06,23.005085676683116,40.671471187472555,1003.5861851386073,10.86597864844937,0.10726165194355208
2011-06-07,19.15246810539678,57.49408954340946,994.054188495277,9.464403881720607,4.850820410195623
2011-06-08,22.615650155626476,69.53930413449693,1011.3996132642066,3.6478803224682235,4.007746625508599
2011-06-09,18.37584200843192,40.73296204150198,1016.2548511232462,1.0276460320766851,0.0
2011-06-10,15.01105965895296,49.09688009404828,1023.9958446432767,4.346094845117812,4.4817032513293125
2011-06-11,15.301557376411514,54.66529605347517,990.5150346550034,3.066133606764581,3.236913161432464
2011-06-12,20.085382073352104,57.82137108328211,1001.7490367297697,5.619516875437491,1.299420830367948
2011-06-13,20.475773119201847,44.166650587504385,1007.1925890944354,5.2676848606242475,1.4808483698011088
2011-06-14,16.737742413789135,23.30082589167803,1012.965191514268,5.189052976697686,2.4424195893241376
2011-06-15,21.11923750432036,63.03227618948007,1011.5496630847158,6.571054224137494,2.6754153602224173
2011-06-16,13.970422204113225,60.61985009378482,1011.7831131431273,1.3624341587489646,3.7075908065297813
2011-06-17,18.507093311272083,33.31697803949731,1017.0809605856995,6.2340808327091235,5.419784288057626
2011-06-18,14.821536454171813,46.51354385511853,1003.9670688922089,3.681151540948982,1.9963940115835066
2011-06-19,16.247305408190464,67.55817159117802,1022.3414144223369,5.599946599591061,1.9719648565468575
2011-06-20,18.092289360852888,65.43181950415222,1017.3345244169948,7.87222953569657,2.1040905975770983
2011-06-21,15.115258690031578,61.82877088177366,1009.8016773587192,1.3268006803369108,2.991089802428079
2011-06-22,16.288438561388283,50.09465637970723,1029.0090799188893,4.156119041991292,0.6541667580505708
2011-06-23,20.20586638144145,50.72694099740437,1028.5641603557176,4.644397297913407,6.391160075978274
2011-06-24,15.200547053219275,51.09046842212909,1022.3289535519381,3.4571930852880772,1.1486182469158592
2011-06-25,19.181961443020853,61.69141711117795,982.814432294322,7.699488488398872,2.391282449210779
2011-06-26,13.02893068328513,44.72711059340634,1028.7894509271798,2.8388349235985855,1.8913659119959698
2011-06-27,17.750209722247792,43.06689859003406,1020.9475852247193,3.333798801672984,0.7924142752066492
2011-06-28,20.227905022460597,59.988793357129865,1033.0640863771293,2.8702426011438065,1.9618854193107993
2011-06-29,8.230399994686092,55.441185447541336,1025.3746459173353,8.276166234316406,0.7035861183780536
2011-06-30,12.996590836995566,67.2863781360403,1028.783426774973,3.5226676627633497,3.5435257216802007
2011-07-01,16.86032133487195,44.85471726275857,1021.7865485018037,6.380136172650669,3.5290253703432155
2011-07-02,14.261758888540703,52.3213369523414,1026.4869319864551,10.927115303690222,2.547345743660146
2011-07-03,15.72616101670694,42.912789643207,1032.9412374073445,4.775544738948244,0.2521790030243548
2011-07-04,12.542710944784583,53.80227134184338,1015.165547383782,8.336182040099473,0.6535306508489598
2011-07-05,14.356570201931808,38.03624552904611,997.2776945592187,10.014062252279384,2.1929429225494594
2011-07-06,13.372171105321813,48.43758023778947,1009.9253909998486,8.081574680121241,5.529724165237119
2011-07-07,17.085294937721432,37.09481388185811,1016.8994559938344,4.949596052066779,0.0
2011-07-08,14.088377423078224,59.89504362037347,1013.7488758437156,6.9263232769958405,3.598138349765743
2011-07-09,14.081585324436897,60.12510073537807,1000.5343803384058,1.137864220593964,2.070365165329183
2011-07-10,11.577381147834481,36.90868212123931,996.6893237480502,2.659870525550144,0.08625094704410463
2011-07-11,11.095076133704772,67.79131938815334,1005.5883733136517,3.185974455104243,5.400727614848552
2011-07-12,11.005826650657706,79.47123793886968,1021.0773955598415,11.721836360522847,3.1213451225482127
2011-07-13,13.233263080231248,53.84343232724778,1028.8033977082298,2.562246457234199,1.8958159267305208
2011-07-14,10.534232825942272,48.321740984782416,1022.165676137777,2.517569746214511,0.3153500017266777
2011-07-15,12.414739517230059,82.03593615141543,1023.5742728711414,1.8682370592530493,4.03403654554462
2011-07-16,17.520869688722286,38.049880172613754,1012.1918442683644,6.679435285792282,0.8730476928650945
2011-07-17,13.658391719374968,53.371868809003495,995.5791754229404,5.427864178006648,0.392398830815351
2011-07-18,9.818469275508237,56.88698808856512,1008.447794191173,8.260276931079694,2.4906416517316816
2011-07-19,14.152949477389484,66.3750014658294,1010.4123558812762,7.013778998232063,2.3040929867917903
2011-07-20,9.079168266897945,59.057805617818914,1008.0294751316432,0.8588304598277983,3.1199831638137105
2011-07-21,3.944499161098486,53.04141146156624,1013.5469486537463,2.5781666899688878,0.6094678734814181
2011-07-22,6.791556377186789,47.09237810752704,1017.4141975989295,9.095986244827465,2.3714234276215973
2011-07-23,3.96191827597592,54.60082265955069,1021.530151882435,4.390105266269585,2.534964551180754
2011-07-24,8.279840069816604,45.79080635564026,1010.2188013563367,8.562775454054037,6.676747592270351
2011-07-25,9.15140098772166,55.902552703986004,993.962405943554,4.550957156254049,5.433789156777878
2011-07-26,13.888972554591533,47.413551924099366,1008.1712228070886,2.097030715134436,0.4075590543435484
2011-07-27,9.60577702174918,40.25673355622791,1013.4371039699198,4.090217666999882,0.0
2011-07-28,7.734916648315979,68.68399955959106,1025.2280792213342,2.095850613350912,3.9989594080793225
2011-07-29,10.649616340923583,49.698466595247815,1007.3219215781589,3.3033417127927285,1.8169174267594266
2011-07-30,1.299201457868385,46.669031221312686,1018.125436283994,5.602777119695737,0.0
2011-07-31,8.412753067695345,54.111032121276914,1015.9008789963543,6.534815271107061,0.6728645253109595
2011-08-01,9.793968379974267,55.78673146968945,1013.4390053312338,0.2294260302371054,2.336189612373907
2011-08-02,2.8233053974226863,41.12368004549832,1022.3053331932459,4.947895977472705,3.9692829643398255
2011-08-03,10.47031140719179,58.08132096766173,1006.3915880324741,3.2401527933207426,5.547725696875193
2011-08-04,7.836882644373481,45.609982990910616,1007.2481355035649,3.054755573123563,0.0
2011-08-05,5.360297322144952,74.4301394308354,1012.8809917690577,5.398053857399231,3.4138949049980827
2011-08-06,8.29176157975399,61.09372433089035,1006.598534949063,3.348644381932364,1.1977002120277602
2011-08-07,12.995299789026088,49.50335020439379,1018.080122910546,9.146413984540022,1.2173457015423534
2011-08-08,6.521237816801646,49.28770338842567,1005.8680769563387,8.56418562875318,2.726180124576147
2011-08-09,6.5153927594510925,55.692626544638216,1015.2630420774514,8.545484881826118,3.690298276121545
2011-08-10,4.1904750824417505,64.03266987461203,1011.9982723121325,3.5152694135290945,2.7855232941831023
2011-08-11,2.81964619305717,58.33523561761942,1015.149259647767,2.112503495242033,1.0350870894319026
2011-08-12,7.6636620914964615,53.9965808828832,1008.4025860493696,5.246089788164347,1.360134457048739
2011-08-13,2.4107905590703993,59.37830762864376,1009.6091170547318,4.548954901141198,6.317326983736253
2011-08-14,5.0030975695029385,51.459861902878984,1013.9600926799704,3.173530512729905,0.6677096249531967
2011-08-15,3.1678092563999933,54.984036103369625,1015.0207450616131,1.4727966599991156,1.2690064961859369
2011-08-16,5.8531853256315145,36.2154829481342,1012.9579808460884,4.875446092195785,1.3689141398641924
2011-08-17,5.235832610721422,67.11934600316297,1030.053623565131,3.78779164924258,4.357303058565206
2011-08-18,7.169256521476383,59.403349542479425,1003.0926308125871,7.065041111114059,5.805774630628147
2011-08-19,2.3516206407068223,51.08963123931228,1012.3579620504729,6.995318154564439,1.0913970326592444
2011-08-20,2.900372781139762,77.5371634229825,997.2637097788302,8.302399416268152,4.199275055646903
2011-08-21,0.6053796607949353,60.567474973526394,1016.7208147866738,1.2221133443598857,2.3166883994090393
2011-08-22,2.0438595992660575,48.616634480615005,1001.8475346362319,6.203174923080898,5.11696945045099
2011-08-23,4.347153652953841,66.39379738822767,1010.2168974412342,2.8176028812989835,4.572919166711291
2011-08-24,5.328222893196825,61.31637071849421,1009.2793567466867,1.3387573675667461,4.692585209037834
2011-08-25,0.13630483265295368,63.877647438515716,1015.8089112660117,3.7141932891538696,1.6734240481368823
2011-08-26,5.360746988628245,53.06207045916997,1007.4720908245482,8.206114940403854,3.445167880422813
2011-08-27,6.671600595556212,61.16915694000224,1007.0469430230602,3.8830449392885473,2.2516327466433457
2011-08-28,3.7014225183915546,55.531705838593275,1027.358564640859,9.696363979877336,0.6004012697696037
2011-08-29,7.951651577378247,61.5835887277693,1015.8456679047453,6.646635546561001,1.2822976736083875
2011-08-30,-0.13620014355812282,41.01865553167268,1007.3894914797773,3.817728563058269,1.3677012988776203
2011-08-31,-1.681096030682924,56.50181338554957,1010.4916632818877,8.480145286719225,1.5806511854592848
2011-09-01,-3.4117555273526614,78.92742874175828,1029.4535495227074,6.336190316342857,6.944401463457866
2011-09-02,6.287949874864514,49.18535050856474,1010.648351217489,2.202321834659884,2.5691076845014997
2011-09-03,3.642237129619778,52.14049846025825,1006.1072337684761,10.576407906741546,0.2578867980788839
2011-09-04,1.3956566262450016,54.82255830237775,1006.1500384987361,5.77843646925943,2.804646472030199
2011-09-05,2.2895688440891986,46.70715421906897,1007.5087351901042,5.0563885759564755,0.09797451043806421
2011-09-06,-2.0355365933083727,38.93496053437167,1007.0550227757328,2.4334019902831523,0.0
2011-09-07,8.573501547959578,53.40738524078408,1000.2035215165075,8.538614802823215,2.300985273139351
2011-09-08,1.5233027130292822,60.59694288430193,1001.7579990305302,6.551826282083919,5.182392158065115
2011-09-09,1.3673254182449888,58.79128660549098,1004.7067962563863,6.887714540885723,2.0971006409783524
2011-09-10,3.1240796772646027,56.98917454188883,1018.915710184531,3.4774059694226946,4.004552702264697
2011-09-11,2.3016105443538306,59.27960343632696,1009.1876271272713,7.502301715730205,3.983359747668455
2011-09-12,1.44622837265482,69.50530052918023,1010.9283831090596,7.7354407807124055,3.0212398045606648
2011-09-13,-1.6766383157926175,58.93385729860414,1025.700880252549,2.9936652836566324,2.2836045926229347
2011-09-14,2.0336378165985405,53.24235532082803,1025.9500714993842,0.7490295809570267,2.735417157606677
2011-09-15,6.194015260962871,54.0917375206377,1010.1787505686226,6.744119178016772,0.47246147637439123
2011-09-16,4.5171933931039705,63.53487090101577,1006.6913648931659,0.2799591511827808,5.78284457631208
2011-09-17,5.197786930482273,71.52137532019137,1004.3556968632646,5.456047333513338,5.089891497102852
2011-09-18,-1.1738052887790777,54.30546525269776,1019.9277576970824,3.6582646856380787,1.00435362683286
2011-09-19,-2.6630198354580936,62.32084778801788,1010.9529276647771,8.655995632366764,9.177750093853696
2011-09-20,-0.12125903999867776,63.444203939358935,1009.1350510967721,3.821468327698378,1.7398358789576702
2011-09-21,0.37795248740862947,49.88524368900745,1004.8633542486244,8.321818916011413,4.897357018314117
2011-09-22,3.4524107019277404,58.47796632116531,1005.3033359098861,3.4573716669109213,1.632322293028733
2011-09-23,-4.944104849046278,47.81531385110219,1016.2005819149324,7.999973015178833,2.662160104617711
2011-09-24,4.689798219370626,39.9645978529207,999.8456173411274,11.181024631510496,0.21545686299914246
2011-09-25,-0.40060336224742954,63.86776576004628,1022.9486869378794,1.7958585849012785,4.053932879736703
2011-09-26,-1.2305267361548107,56.77651595476958,1007.6615535618508,5.876107165192724,1.016343125904748
2011-09-27,-3.0050705387613856,63.52533934559288,1011.5036405574821,13.246347247730196,1.9806037123187343
2011-09-28,-4.947765749372811,62.294933104602904,999.6302204185945,5.199766480708765,1.4398984211110029
2011-09-29,2.4763175415753835,48.99784074257433,1012.8763406175764,5.185364810688945,3.906879271976562
2011-09-30,0.221204021744144,59.436854969484564,1009.7167905730944,7.365496842053059,1.6464718674649155
2011-10-01,-3.8697437952660128,49.60385884748446,1012.4991940114353,5.123242592284263,2.3318412739764613
2011-10-02,-3.8817638458892123,75.85060550295862,1027.7170889836189,0.12167798371165794,6.017116670538747
2011-10-03,-0.9961042664656374,46.93834868463318,1014.7769804579024,8.396862124516815,4.32757284369706
2011-10-04,5.030533258534715,55.526880661046825,1005.053408158542,1.0088452415955782,0.7774518716970242
2011-10-05,-0.7386486507131473,49.94660844488409,1005.8868008945343,3.7496250465849745,4.464792884086092
2011-10-06,-4.448213801562007,67.92831863438896,1018.9513118591377,8.622277247469945,2.232262676013348
2011-10-07,-0.6504977956671114,57.010935185018525,1025.9869329099342,3.930372714071643,3.371550991887518
2011-10-08,-0.7015038505119977,55.1640847290439,1015.8191802075105,2.9189105226067875,3.1265674511496564
2011-10-09,-7.93964735513501,72.50183912808305,1019.8871274455477,7.637791715499682,2.267262912212296
2011-10-10,0.026873764536767902,60.280869034507134,1019.0973772333671,2.44665563949684,1.5266100270991205
2011-10-11,-0.45991084190741827,65.39639988031338,1027.1906441335752,1.3333228412241391,2.893827504782116
2011-10-12,2.369022040366116,49.00222961464229,993.5040982727397,5.82354196247985,0.9897969940776793
2011-10-13,5.879143162251186,43.01225897959934,1019.6721893930453,4.451230104762227,4.31733441614303
2011-10-14,3.768188261056963,59.18798548987286,1022.8373604390356,1.2689806574334739,1.8105631353323197
2011-10-15,-0.3576248994370973,56.99034889477124,999.6127629386442,6.9108576199846095,6.227759072131784
2011-10-16,-2.8056767910478366,67.66718512006335,1004.1433181599358,6.393462816731701,2.996978271348338
2011-10-17,8.30313265166507,55.04934914754197,1004.4921725137185,3.920734950183104,7.17310968995726
2011-10-18,0.8341329031648776,61.633686940763866,1005.7120980362262,4.126003981625161,3.8372711844549263
2011-10-19,0.7759401313115339,43.378204634931805,1008.1828294906447,6.41117822602747,2.873921094458345
2011-10-20,0.7436789272628482,78.51252993251114,1015.4260281305494,8.5710842592562,3.0728410237506636
2011-10-21,1.4964134131751354,57.60937344309212,1021.6567465116736,4.151620369672026,2.525399323736486
2011-10-22,0.559360331884295,66.69618953744984,1023.8131695776854,6.964065479024433,1.9775545197879336
2011-10-23,-0.6341112743286568,51.95613893496807,1004.6217693883222,6.695600651253797,0.9021781685418335
2011-10-24,-0.4551461394706977,63.307672091908756,1004.5529700129701,7.637921878126929,3.2847891459775473
2011-10-25,1.189820366571999,46.37664218146655,1026.1582184001622,5.117927596230396,2.228566721772291
2011-10-26,-0.23548150544083657,64.63841913531712,1019.4674393541865,2.2630234578009265,1.5437861709055847
2011-10-27,-0.6330003928151431,56.756759352549246,1013.8286484186899,3.612502540400092,2.18974101793673
2011-10-28,1.9395704861824592,59.322119796264445,1017.7333667555497,6.028560397344943,2.598474611796269
2011-10-29,0.974055698586979,66.49271245200748,1012.7019621814856,10.455393135144778,1.813488252195223
2011-10-30,6.373603388584415,44.487795193504994,1018.2458468304761,3.5479411304111648,0.8378279125766006
2011-10-31,-5.964754746122993,56.13746006693353,1009.6393330349426,7.414362330582197,3.11617031030901
2011-11-01,5.39306118163034,61.87671222005248,1015.6880493443923,4.01583064796972,1.2970636615058473
2011-11-02,5.990999204579972,77.98671514317748,997.894539496305,5.331406267658407,5.655136940755007
2011-11-03,-3.8294467817416233,60.533900044255994,1006.1221570517457,9.546190247790777,2.771446480041061
2011-11-04,1.5043778222718354,65.1591722681034,1006.2298882320965,7.2928777442612995,5.098163069806942
2011-11-05,1.5635291024764073,58.14852075017699,1009.2560996679308,1.2761021817771292,1.3068131911691823
2011-11-06,-1.3956209692638808,80.12026643219494,1003.7348674522025,3.2825749285652273,6.594829920291104
2011-11-07,0.6461336146072187,42.20471652304383,1007.6645637417691,8.768664033324075,0.0
2011-11-08,-0.19591238774914732,61.04416664056815,997.8558593760188,5.425634127885486,2.1388744810838984
2011-11-09,8.552373564209226,39.46837288227478,1018.487004763949,1.5534796411524097,0.0
2011-11-10,6.265812776183312,31.801377906541177,1012.1748648108861,2.5431426650788374,2.355421250327786
2011-11-11,7.440078157804038,59.25458145227615,995.9479239222399,7.110480568133515,3.366474446086018
2011-11-12,5.960434876681379,58.4147605231339,1004.6517008945333,7.9832308436528905,0.8928539129931012
2011-11-13,0.5815893418885256,56.86083595163372,1016.3660142756216,5.053565904446523,0.7052215806471408
2011-11-14,2.571778626721993,57.65216978624147,1007.569780536142,12.425941402808306,1.4537197227501748
2011-11-15,5.793274349457129,88.08635716598401,1006.030585398619,7.472457090366916,4.117931256631955
2011-11-16,0.8417416675494578,56.99737778591093,1012.2540732299192,4.269556791101299,2.6898888274849666
2011-11-17,6.833203782162151,61.68464172141968,1016.4359753517822,2.5528818557019672,3.3485440483983844
2011-11-18,4.16236952303141,51.425167042345485,998.6364754296084,2.0753470860828758,5.835448980050597
2011-11-19,3.9510183037170217,60.97681659854752,1018.5012848121788,6.006263961441109,7.172454410957455
2011-11-20,7.403436489085747,53.91594500490095,1004.9970671839262,3.5336688652597794,2.5427343622627836
2011-11-21,6.801305421105457,52.49416246214997,1012.820720317502,10.021231261950273,0.2607988011991977
2011-11-22,4.586400275929739,75.89578518403837,1012.6457985930849,9.398935408753578,3.47902366197451
2011-11-23,9.350836358365848,67.09643145266047,1007.7293388176023,6.8991996424916815,3.1492067047523045
2011-11-24,2.835909712788847,59.949511617597885,1002.7634025386928,1.4630114811293131,2.3779672371714513
2011-11-25,8.135802719025772,32.889979281047445,1010.1431345190774,2.983343382342785,0.13835267893860492
2011-11-26,8.278777429538376,52.250519052705116,1029.2533030907518,8.767032577223302,6.690569543942689
2011-11-27,5.784830984543725,84.13786015177897,999.3832496953637,3.310801400614694,7.742786291569063
2011-11-28,7.908321493651865,53.73922258677698,1029.9231301910488,8.366425201758574,0.6045375378988449
2011-11-29,3.395425160360837,69.33446314035616,1010.4027882892346,6.423811769104283,2.551885386038728
2011-11-30,10.14201689983914,69.34841556960644,1013.3537141708864,5.1551536544395615,5.515675307817473
2011-12-01,7.038660338271372,58.670308989424065,1002.1328918861527,2.8915015611936767,4.345064111427165
2011-12-02,6.250823336706057,48.456372012965446,1005.2873058332252,4.717268469425745,0.48982739834512756
2011-12-03,11.193773613967899,30.04998987518717,1007.9709034996198,5.568943864624694,0.628026160455535
2011-12-04,6.163528802265564,63.75986768495677,1002.5430502912209,8.097616694903365,3.6056980416907445
2011-12-05,4.282982222652844,49.710948860438094,1010.9108204262913,2.342793198098736,1.2541938179555254
2011-12-06,4.072208440243534,59.725400298755154,1008.9298410819323,4.2115494724216544,1.4224678258537686
2011-12-07,10.795710015947312,42.10394159613271,1031.5078114243574,5.134469395796854,3.6004254533477957
2011-12-08,5.373760848857039,54.66074417086946,1001.3402581431953,6.988035073058494,2.731557776413419
2011-12-09,14.718514402592996,52.97793334771403,1014.0269051674859,2.2746069874316692,0.6680272751270508
2011-12-10,3.449069943703252,60.96140083859135,1015.4784628190182,1.0502906213383545,3.5363603428895662
2011-12-11,15.026525610958412,41.33851532099665,1002.2967945134816,7.021895455130149,1.8390579599836756
2011-12-12,10.814007476222379,66.56210574950234,1019.8682749545284,0.44615265515989044,6.014827769661123
2011-12-13,10.136042294544481,48.96303100540805,1009.0167298711838,8.854939144286504,0.40051924314166615
2011-12-14,9.038006246364004,38.73630227228554,988.0761034841694,4.532221707551276,7.849134512367378
2011-12-15,12.118035980044633,52.850747810343044,1019.5984961210456,0.3574067531766607,0.6181131443238033
2011-12-16,11.056796465982632,54.815354857273284,1001.8305911589764,3.5587393417895172,2.3175643782584308
2011-12-17,14.729814155960316,54.240987253737444,1002.522250538609,6.137370899207712,2.5651778391706936
2011-12-18,12.013860250923619,67.61439391138899,1019.879020828924,3.401896737335067,2.847286291424383
2011-12-19,12.374337786356344,51.44834273946323,1009.5283851758155,5.0600892464730425,1.433691964345219
2011-12-20,11.085762715709775,53.260922398457396,1022.177721505515,7.220235097115859,4.757258111845432
2011-12-21,12.259765966114632,42.83827320461175,1025.1016609536532,4.393428993837142,1.3566478523660097
2011-12-22,13.608772996711963,61.40114853052299,1006.550715396777,2.1888269706015993,2.514448880898999
2011-12-23,7.810313240331146,57.937934020615465,1020.9326249595503,4.103048007884477,1.068527021651811
2011-12-24,9.15232306019257,51.22356119696209,1005.4453919860712,9.244520409377781,0.13708547571983368
2011-12-25,15.683266820356613,33.11161965516706,1035.3311591713218,10.055193035999551,0.0
2011-12-26,14.223124333322126,67.33255978388982,1006.0704299546878,1.059778521826825,7.988794344265174
2011-12-27,13.416013588907154,41.01519356098585,1023.2608744096001,8.27308372757443,1.9901018883452082
2011-12-28,14.281006790847368,46.946716510879256,1021.4379002588157,5.7504431481060685,6.524229693696287
2011-12-29,15.526420941743826,55.82023463988812,1016.1608782210893,7.771948037360451,0.6547471873142816
2011-12-30,13.122520616734386,41.47316040546594,1006.2945683858331,3.348535219197111,1.4275626056509338
2011-12-31,12.66508582379307,38.732359305572025,1011.4860250805859,0.30479052850445854,0.0
2012-01-01,15.845736107630565,30.83765611917807,991.4641188705544,6.753466365942385,1.1308041744295412
2012-01-02,12.58120584149609,60.919366608308316,1015.2442003838225,2.177068216151849,2.051075687127187
2012-01-03,16.999053275492223,46.04861091499067,1016.4961533102838,0.8351227055454427,0.0
2012-01-04,10.924285589321277,83.81055813007266,1014.3349941906138,1.0447958525796008,5.059931140342513
2012-01-05,19.37693889303863,40.36797989717195,983.2669382870745,6.802741347246004,0.0
2012-01-06,17.96431790895065,41.80333081123546,1000.3436355491019,5.418357398087592,1.335447748563424
2012-01-07,17.57120987643192,45.560465358930024,1005.5190901715134,7.347398065624021,1.7029578663953846
2012-01-08,20.007254533535516,52.42771928461713,1015.9165893318905,7.007225763489094,2.6843824463933754
2012-01-09,22.31105564335195,44.14243879047091,1015.8933890564299,3.7371993062487023,9.190657682786986
2012-01-10,20.612507357776558,55.81706846113684,1011.2977620802882,4.788579278367632,1.5595015108593484
2012-01-11,12.300777953653725,44.0637271232866,1019.3524553660395,3.465687413652381,0.6585294682201991
2012-01-12,14.237836597822184,39.065164516453095,1002.737576246971,4.369016681403528,2.172049298823106
2012-01-13,16.454366961975445,33.79066912492121,1019.1023500569399,2.098235786056802,0.10632127527893842
2012-01-14,18.658364640721754,28.435076000267152,1017.7474210483989,6.171452881623005,0.0
2012-01-15,20.383276488150173,44.627671561174346,1016.7755473283792,8.22536224694527,3.1667866116849264
2012-01-16,16.902140923551187,48.539126414292184,1011.1795956891434,2.5501609105370404,0.0
2012-01-17,19.88753678664037,43.741861331847986,1031.3074382483126,8.843808936204027,0.0
2012-01-18,17.30766957278437,63.780223185479436,1017.9319568848988,5.340564489433826,1.593370848003434
2012-01-19,17.98449151640962,63.28805633787654,1003.3166413674644,5.72323692921744,1.4910676877198044
2012-01-20,15.842860203367033,48.73054002387146,1015.4830547573598,0.0982885588225546,0.0
2012-01-21,17.535442094312863,33.29306782092394,1020.5248337707421,0.4217869286972018,0.0
2012-01-22,16.490814326511096,46.08754175619392,1007.118914010757,5.432349088339046,0.7771215833998586
2012-01-23,17.85733133472211,45.07312039346833,1023.892722469311,7.369196373896022,0.09029673732273724
2012-01-24,24.183245227913112,41.33702776326286,1016.8203370571601,2.9858586690651427,0.0
2012-01-25,18.40970737268892,43.81795727467309,989.5752166233465,10.010281701749268,1.5318150539551239
2012-01-26,29.38878008276864,38.7709810013676,1015.9967197733793,7.204807922762946,0.0
2012-01-27,23.203393828748826,44.53288692664799,1008.9397084558728,2.2749762448760444,0.0
2012-01-28,22.507762434627388,42.39070779453074,1018.3717981454174,5.092546001160521,0.3230835183481191
2012-01-29,19.605934261193187,52.28025795565933,1022.4421484025181,12.430787401170235,0.9714086015120253
2012-01-30,24.50756289062663,51.349905713735296,1014.9516204714182,1.2723079916008833,0.9022151255201206
2012-01-31,20.903150679068247,40.44197378864098,1029.652522339447,6.584809816745317,0.2227450206589714
2012-02-01,23.21726355441934,61.102021482860664,1011.212931154365,4.0317663418299725,3.320955945970277
2012-02-02,30.750331187880874,34.82421138765342,1019.2481782305388,7.120688872755537,0.39914356649119465
2012-02-03,22.99834999834035,32.322818862676456,1021.0494257363735,8.801820938955146,3.769845355555052
2012-02-04,26.94834632322379,50.33360755203862,1012.0265403110727,3.841288733865898,1.4918077719790448
2012-02-05,21.60247482642935,41.024681242641925,1020.7877430797778,8.356736815121522,0.38194602966284585
2012-02-06,23.815934832920565,51.3049472911136,1007.0532701283784,11.663610182815884,0.6106022702313773
2012-02-07,29.439554958633423,21.243536509677984,1008.7743158097878,5.198824212032704,0.0
2012-02-08,22.44980005324971,62.69965938820582,999.8751130966368,7.354666062482556,1.5734166632322528
2012-02-09,29.96883018734345,51.738518986732295,1015.4140911637005,3.2286776893901754,1.5249886521060234
2012-02-10,26.852699221891147,31.56888489742441,1016.2525167585435,5.057777927093637,0.0
2012-02-11,23.237118945951373,33.59366928856146,1024.7926315857924,4.469974721875272,0.5070163099623717
2012-02-12,27.013877499660744,63.215720291144905,1020.9114000435588,7.390807776975787,6.314432896602922
2012-02-13,28.223454857235193,38.51447353640282,1010.1520444335257,8.614027807270777,4.7111713140612865
2012-02-14,27.357304792426294,37.979499116460616,1001.2182031266573,4.671035452647622,0.0
2012-02-15,20.96417517455525,26.857391471229548,1017.3285040251998,9.600868537198771,0.0
2012-02-16,23.67324904696408,44.65559342050241,1024.1075317241464,9.590142324684887,2.8043101574273908
2012-02-17,25.288699437805267,45.07845413273984,1020.5518497380394,7.540561229539702,0.9686289201930149
2012-02-18,25.981281028148192,54.16429045362076,1023.8447752485729,3.451920404834815,1.6231683950018512
2012-02-19,28.23660341983047,31.89091400824001,1010.8811046880176,3.164513549780292,0.6691582357150323
2012-02-20,27.07432540605883,31.259969374564488,1008.3338103182435,2.5628559359298837,0.0
2012-02-21,22.698404689931326,53.160424002799104,1005.630986477682,7.847498210714482,7.377337502524197
2012-02-22,28.00477840436955,56.06491151008588,1012.4410353338641,1.3646953775319073,2.3605093281641767
2012-02-23,28.85217355847162,29.862389709585358,1012.2140920403118,7.030512962333022,0.0
2012-02-24,28.852457228903535,56.388912248545644,1015.0667762853911,1.7566719565276614,2.2042358700179676
2012-02-25,30.564490476200078,45.093173176768175,1011.7070254296449,7.47063835952592,2.8154681418137133
2012-02-26,29.969325859133832,55.93339046117954,1011.6637227027323,5.051658748191682,2.49032162953497
2012-02-27,28.986816322202483,44.80438822372259,1005.2330594702786,9.000915685579482,1.5632857574779266
2012-02-28,27.536759238536973,21.008841205852008,1022.4161901355149,8.424363734963812,4.21230197633435
2012-02-29,22.898576573589068,47.03103789004508,1013.7651806224371,9.305196236006335,1.6298448014273015
2012-03-01,29.30069997834171,55.95108819754184,1011.2555606571472,9.382456154867338,1.5521007892947285
2012-03-02,28.761438638652976,36.68182048983637,1005.5257074675079,5.4308925019645935,1.0191213743822745
2012-03-03,29.07574916073657,41.5824757305572,999.6808688960891,1.523620800726186,1.3126894034706904
2012-03-04,24.549474469432297,45.96392772977407,1026.0796419254934,1.8424308350078644,0.0
2012-03-05,25.251293423558863,20.0,1018.546387081318,1.2605455879478127,0.0
2012-03-06,31.76466575203825,60.831142878355635,996.7608215743003,1.7490024997157194,3.799722644542374
2012-03-07,28.59325436121004,36.68961602042323,1020.6314230070966,5.206470973113947,0.051425464569544665
2012-03-08,30.859071407867393,49.627818620794294,1022.2248117023311,3.3210374575245134,2.987596070830122
2012-03-09,28.998080382079333,44.63394844747825,1014.2437612230093,4.459593186770446,0.662284872134242
2012-03-10,29.096826850831114,58.02777713817804,1028.9811089575176,6.478146258384203,8.990059050313288
2012-03-11,31.912692287056426,48.104215080752596,1015.1671964212288,4.087804225802726,0.5035640794086232
2012-03-12,27.635811626755018,43.832851471412745,998.8317647205081,1.634513598762247,0.0
2012-03-13,29.554210075250253,36.28774403718207,1016.6516900104832,4.840298997309704,0.0
2012-03-14,27.956696532763456,54.000158747439656,1015.4489730171273,2.304528539681465,1.9605178341981762
2012-03-15,28.113458075787566,27.20885792256005,1006.9670315122185,4.187640509062811,0.0
2012-03-16,28.558582694416906,52.17961285555047,1018.7355883687743,9.028330893269011,0.7728470571298913
2012-03-17,30.217360142673748,33.9008724131144,996.3233473380914,4.188484087711476,0.6199284888315126
2012-03-18,28.175260962595875,58.43520613826846,1022.9056682744279,10.312872660043235,1.790339779218158
2012-03-19,33.43499349930541,44.89549867697424,1004.2187829639455,9.294907960813909,1.4854655833945167
2012-03-20,27.035775147415627,52.92335010479328,1003.1505387488297,3.2620840742628703,3.312166863605548
2012-03-21,29.206492318797302,46.21664197884854,1011.8617522769252,1.666628700752673,2.484269641730623
2012-03-22,28.491048461087274,28.230704818046394,1017.3297292804364,4.84233751423942,0.0
2012-03-23,34.189921079371494,34.297747826360876,1014.6392406359342,8.459983290190667,0.10796305733418743
2012-03-24,30.47299747080371,51.48739464071197,1005.5734083422763,3.5294272813139353,1.3431710313648486
2012-03-25,33.00880222181518,45.162157062690845,1007.9391070880811,7.724270894786417,3.609084394484332
2012-03-26,25.48210382309677,59.06884714150834,1001.6695765262253,8.625319967408265,5.126826090360942
2012-03-27,30.76102539423011,48.65223293325667,1010.7532009837013,2.6779230489121826,0.7076245714920358
2012-03-28,32.64542370420378,34.01026924087151,1023.7502121451091,2.971846735134239,0.0
2012-03-29,30.235602136421527,36.92155755458289,1012.9573706235612,7.13798609638102,0.0
2012-03-30,33.192968654894415,44.43268957778516,1021.5941425475945,5.455542648924712,0.3578441758249943
2012-03-31,28.447995745741732,22.635561467128078,1027.554013377262,2.9418154203689637,0.0
2012-04-01,34.22679220037781,59.621022756040944,1007.1198148096304,3.943458655641238,3.1009104060926194
2012-04-02,36.88988858116811,45.97252307319152,1011.1342674694464,4.788441341817743,0.40230430921361965
2012-04-03,28.894680052456525,57.82300594426046,1034.711928610625,0.3054367251336183,2.9845261367106906
2012-04-04,28.63224984877857,29.877835667519022,1027.4434341197993,7.296929319448085,3.5406552702356104
2012-04-05,34.31003695766566,55.290633124719726,996.2759547418765,3.5639234331824263,2.640250103161474
2012-04-06,34.6652961037026,64.98234105842619,1016.871483160609,3.351148671394297,1.8435276739132862
2012-04-07,28.33027265755141,32.626080117451124,1013.005599923397,4.928387095071642,0.0
2012-04-08,28.60615050861425,53.410942694730544,1021.2645311085877,2.775286223319477,1.902410252584572
2012-04-09,28.984810026903585,45.51869443342114,1005.5502123251495,10.06646657690803,3.6431111451176363
2012-04-10,25.755870716354625,31.677726159340246,1004.6039162795932,3.243664937240095,0.0
2012-04-11,26.98794244024714,51.434868498395126,1006.2392928470639,1.7070699092641672,1.2431243570059847
2012-04-12,26.681783074426146,54.99514051116041,1007.2807145380157,6.523798009886048,2.325402005569358
2012-04-13,27.336765564173138,40.320351691224964,1021.1532416680901,3.0186578959772503,0.5184978415897786
2012-04-14,29.477718287275575,56.92030605891444,1001.1879882685112,2.6616313962433034,3.230949924085488
2012-04-15,30.221710942970525,28.221510460622756,1006.7738610004068,6.528504148473218,0.0
2012-04-16,34.10355970690446,28.000658682051327,995.1098760949856,1.8785980763313015,0.0
2012-04-17,26.385705132593074,48.17312138959099,1023.0711782341237,0.6281790254016411,0.07678225292215712
2012-04-18,32.25818214488643,44.124761707279504,1025.7103009943114,10.177994006283011,0.16975934240972101
2012-04-19,28.583457167506047,38.54253653200592,1009.7292656913621,6.738496212801935,1.0214657181035358
2012-04-20,28.993026021899013,53.59943134876935,1010.0205063518678,4.207372145016905,0.7025027006392062
2012-04-21,31.077678670931284,49.770103806693854,1017.5322190228289,4.989568370894192,0.7157835591248758
2012-04-22,25.592692900882795,55.785044258898765,1027.7448200737826,6.5175930743484685,3.006594362181854
2012-04-23,30.011590071448552,43.762840610753045,1017.0861074756392,7.920012348840262,1.4805349972609596
2012-04-24,29.263111015530075,51.394247172018375,1006.0245805752488,2.7320741260549646,0.3303323697052247
2012-04-25,30.136423243437694,40.47528534798121,996.8117742801356,6.098439577897047,0.7695646105076347
2012-04-26,29.41784296659372,65.82926541756909,1001.8487373733651,3.4798874713692842,1.9015147219265174
2012-04-27,35.803489780756315,33.97279740840199,1013.7321945031247,4.433056266462128,0.0
2012-04-28,26.40763988668845,67.8491543512389,1006.446724767992,5.482078602394714,3.014368654996746
2012-04-29,26.60719219459758,47.04528337359529,1014.9496770599076,4.979964280841983,0.0
2012-04-30,26.206173201365534,33.14180450362981,1007.4707598376376,7.206700694907715,8.431826624167018
2012-05-01,26.280700563267906,60.540443223252055,1002.4185356870559,6.461259677346781,1.4155768027070497
2012-05-02,25.902671164327852,48.307678301785664,1001.2296836854692,0.47549237188346716,2.870992022427338
2012-05-03,31.245785453618605,52.888348256993076,1028.6235450937322,0.9265303788036734,3.830853466740276
2012-05-04,31.80039493524912,56.33836171780138,1021.8898774918364,3.8908499457221213,11.026791417421203
2012-05-05,25.683074099610216,50.53801849164514,1030.3051795182796,10.485875787325474,1.173319708006806
2012-05-06,24.751004052376054,41.702089525683824,1018.399509007551,2.445224502495193,3.3146565793231333
2012-05-07,28.511445863973385,55.5014108447058,1008.7000859138516,4.375331871161741,6.86850030598246
2012-05-08,25.286073823896324,47.3645181625978,1026.2334092248993,3.3909619191304343,0.11609700272264112
2012-05-09,28.683543279447253,52.51680654636056,1012.6693199863823,3.33786684773576,1.5573658763863318
2012-05-10,27.232029683059512,24.84667942055563,1015.2084177029035,5.534719231715167,0.0
2012-05-11,21.911096846866446,53.514268746665294,1012.5717562092448,9.202331828586955,2.2904091515568794
2012-05-12,30.932518016970313,38.147882740064546,983.5309578071599,6.3679051996417675,0.5564966285825963
2012-05-13,31.505963182015503,60.78011478077755,1029.0473501229485,2.589407115718723,1.534640987674191
2012-05-14,24.104997239844153,54.17837485896887,1017.9100394595775,13.259688532409621,3.6158500974958185
2012-05-15,24.60204902533148,50.097552945827225,1016.2982306086851,5.235719662883378,0.0857172018764503
2012-05-16,26.441350323782387,51.64242477161102,1012.3822393772944,3.26833713085366,3.446381638833006
2012-05-17,26.40258877326574,36.81429708459995,1014.6342782038613,9.23628912403277,0.0
2012-05-18,27.187233960173735,62.63894992519367,1007.0272106415375,3.5927881461685445,3.4029467251967507
2012-05-19,31.051571579502053,64.38791839441802,1019.1657935230727,9.988740964962329,1.6028818748420255
2012-05-20,24.29650367565413,51.7808832676551,999.9290165560087,2.3880716271,0.7567231961209293
2012-05-21,22.235928964933095,64.78607120326984,1014.8606843247055,9.290091166764107,4.038252161796619
2012-05-22,20.293484534893935,44.1617757458277,1018.615734705711,5.6031429928450835,0.07431046814246245
2012-05-23,22.036478879624156,41.010624897938115,1011.013308661771,8.873156698107302,0.5325592329323059
2012-05-24,23.924980029752447,48.446757472413005,1016.7086779247103,10.705297126104632,4.780733975817935
2012-05-25,29.20045237494046,49.74918419620876,1003.0866560776575,1.6021781284362384,0.07673537552303905
2012-05-26,22.053750121456353,45.03325812684062,1003.3417322910403,8.827315462274967,2.8361868969781283
2012-05-27,24.065202791069343,53.34508050815017,1015.3671712102639,0.7732882867237851,0.46950744996530513
2012-05-28,23.12933788989151,51.49922587578839,1019.7854965462105,1.8584469342553152,0.4210920875609742
2012-05-29,26.526130542773252,36.75386697570283,994.2513434449829,2.589771620622689,0.0
2012-05-30,30.321733142858662,50.02706360308788,1018.2202063511077,6.510909908533583,10.269086335983324
2012-05-31,20.926020882925677,58.17227198375237,1007.5679849962366,5.099047630804579,1.2145835648530554
2012-06-01,20.825772279075682,51.30180703636607,1011.0719391269258,4.498591747511492,4.671614278517196
2012-06-02,25.199875246315173,58.92654340945934,999.6048207643496,5.438705837067083,10.298697372750262
2012-06-03,23.884274871505816,35.88382462927757,1004.483827598133,6.773868767880419,0.0
2012-06-04,27.147903742465523,51.10555235008575,1022.6612532553031,7.004744371824058,2.1047356307564016
2012-06-05,23.126789655521204,36.73379810827165,1013.3286337398022,8.282500506845393,1.6933909622150376
2012-06-06,20.062463109873143,38.827954862732554,1009.1722159829044,10.460104438302318,0.0
2012-06-07,22.67581864192393,42.35278234166014,1011.8351164736897,4.935912882675569,0.0
2012-06-08,23.991730219808197,38.58353305435345,1017.892118246643,3.436733113607251,0.0
2012-06-09,22.88715250453861,43.07646556031932,1017.4049449616334,6.840608387555565,2.263480528695098
2012-06-10,21.706006783382897,47.00549350119667,1012.249729996032,1.5672355512061396,2.73575107084625
2012-06-11,23.14115130213542,56.80096921224613,1023.9295911089666,2.9638876036651656,1.2042263995283427
2012-06-12,23.204492385374422,45.18616342025577,1022.7046263690667,7.998142839178369,0.0
2012-06-13,23.59716926221494,32.3451583011966,1017.1337202913039,4.627614875546888,3.300040024930652
2012-06-14,21.149589790757165,60.82588356957302,1013.5461178291007,1.375422624925883,1.172581060699113
2012-06-15,18.453628149969543,42.40228458886483,1019.5732109511954,0.5305908039044773,1.894306570367187
2012-06-16,19.145473766514,49.84005884569671,1016.1426742180118,5.146150038181422,0.0790727024422962
2012-06-17,22.074111952984254,53.428309092914986,1023.6080007180594,8.42568961090403,3.981915237298679
2012-06-18,15.752006718635233,54.120100824710214,1021.995613767383,8.385637332593559,5.128518891195468
2012-06-19,19.05611327352235,61.413738838453575,1002.8174609858227,5.332641508678512,1.8473634013416724
2012-06-20,16.516482348901352,56.531790259476914,1002.1403682925829,11.026728257288385,0.8068021205655329
2012-06-21,17.52833966288221,42.62273437158781,1005.9875045559593,4.685538902178612,0.5727609385511873
2012-06-22,21.022343541620025,71.27444996910661,1022.7613869006692,4.5842971298077675,2.8364083750893245
2012-06-23,17.50451986584843,53.19107470045812,997.2369100322876,2.702307729216999,1.3987107520808495
2012-06-24,16.814194751293876,50.119500358138,1016.94757389108,3.657911152516353,2.1991126871696927
2012-06-25,12.338482824318227,63.4700128183966,1016.6254309109296,7.5560451047254835,1.8180055820463914
2012-06-26,18.399557886583608,53.29473051600892,1024.6264805868618,9.691884010579113,1.2125435276152041
2012-06-27,17.83965170391012,55.07245607743821,1014.8033869066388,2.5092960989981465,3.5589331705953473
2012-06-28,22.13509766498434,73.8542911535147,999.567906094161,6.386756987879146,4.449741298729667
2012-06-29,14.463941898547994,50.016814768175536,1003.4064503935188,8.140637096969863,0.7915494612325605
2012-06-30,15.786555936322147,48.929113091664966,1001.1800447810217,5.033624459587697,2.075995593050617
2012-07-01,15.619046097801947,53.35626207122367,1007.6205603366686,1.8498413725816913,3.234630685045931
2012-07-02,19.345083235883436,61.04261773786867,1011.1709843257607,5.741869998722757,2.8996196993114385
2012-07-03,14.068779907771189,37.90026974421042,1001.3455847377894,7.2842918721826795,0.0
2012-07-04,14.933865416824126,32.87750837682289,1027.706619906523,2.1577313149446233,0.0
2012-07-05,15.66289234064767,46.297401123474685,999.7471862804756,4.237536407376839,2.8773118904740453
2012-07-06,14.141776122211084,36.589882348301586,1026.4610342386247,1.5335118736137074,2.118062990022829
2012-07-07,11.985814049523,49.75877949998211,1024.8516303143933,2.7104426457410575,2.367916990700045
2012-07-08,13.651047316906213,58.19947330283979,1021.9830254968904,8.08101323536297,0.9792915676140619
2012-07-09,16.033907295781198,43.07555771658676,1006.0623339250325,4.988754398594445,1.0675808412652898
2012-07-10,9.478348907689071,40.99255977834204,1016.424508791769,9.793024990114947,2.540225901382652
2012-07-11,12.702410236557197,54.34216649887488,1000.2262886644938,7.571966575718532,1.4217221140052256
2012-07-12,9.949544208278837,63.65066274201229,1022.1090703503374,3.937370715003653,1.8063614474065142
2012-07-13,15.382326155177589,35.35910253724508,1012.2601521846373,4.750458019686774,0.30756569413900525
2012-07-14,6.975854232189496,64.7143968669651,1008.9067978541332,6.698532172310518,4.972367207059115
2012-07-15,9.617901750971205,63.36411116189766,1000.7625515334373,7.90065025026723,1.4366200844939316
2012-07-16,12.176653234273454,63.45252440442955,988.2249388137099,5.968011892226034,3.1626477907077097
2012-07-17,15.493111959714781,64.43824616885948,1002.6145914296425,8.316779435868453,3.504837491720893
2012-07-18,10.352056927678685,76.84411078275681,1024.1279819561291,4.109993789976586,4.528862895500103
2012-07-19,8.637795805883005,52.120181610867945,1008.971665715252,2.0085693596429413,2.3118549007015754
2012-07-20,15.702343974953818,53.24454381330167,1011.3067114288496,4.805572239316609,2.3204068739515105
2012-07-21,5.4717736086902695,53.09972886317461,1019.5555435828845,5.6155546722085505,0.5894257077850938
2012-07-22,2.977876169193242,58.53083036296149,1031.0566887811626,1.3953938157821395,1.3886766444146468
2012-07-23,10.654423872100528,70.00152162031286,1026.2500465494563,0.9898337475601338,3.9300325016905595
2012-07-24,7.589983177095171,42.75486357214572,1003.2766499618381,6.342158889420283,0.0
2012-07-25,5.795962166373544,48.49152219515747,993.5742942856259,3.780929445888729,1.8634686626078494
2012-07-26,10.750064242354751,68.39677724386823,1036.5961425910011,4.502477283013993,4.029236753377112
2012-07-27,9.123620376056168,65.63855488099281,1035.6899161165945,3.9209220028975293,2.1105586731288755
2012-07-28,6.469163705162931,53.134101679247756,1014.8845359642928,9.561802705289637,2.1366775023969247
2012-07-29,4.091694188879358,66.49817291676752,1000.2951175441818,8.785283481185001,3.1773431454567076
2012-07-30,10.323281378210082,58.25051773581529,1022.6322653389394,1.2879389298824955,1.4291318820924261
2012-07-31,9.43197633218935,70.2867579239152,1011.9201631398739,3.401620360758659,3.2720933736419098
2012-08-01,6.961536543424062,57.264327666555694,1011.8701887689339,7.550012803908779,5.533997549574168
2012-08-02,12.578960265714,63.96684100586882,1021.9445884310513,6.8058087113097265,2.5090372498271005
2012-08-03,3.611139122911781,84.6145495434703,1016.343747468733,4.875626113010643,5.449117391209061
2012-08-04,2.02958555107314,64.96619877493809,1001.1418508898505,1.587199385107294,1.5686014552169871
2012-08-05,4.317691771791402,58.334435772052736,1009.7525806491802,2.952379861539363,0.995430141389043
2012-08-06,6.046463166546406,64.20123826893659,1019.6115292866135,3.449697297361131,1.5897327058746424
2012-08-07,6.7056573995942355,52.994362718164034,1018.1025222240502,5.830982993357302,3.31176228475235
2012-08-08,5.047022826981094,81.35616564175677,1015.6201657435847,10.111181464091713,3.997972998151881
2012-08-09,6.624723970605373,58.48834839165713,1022.3342295447586,2.939359295635616,1.365370561309335
2012-08-10,1.614561028880213,56.463386283304764,1009.3828301218274,1.9218942573342797,3.39763761453945
2012-08-11,9.503948454083503,46.89113572275789,1014.7866977521908,4.67424056951617,0.06167649616958687
2012-08-12,4.732588501619294,68.60590766525473,979.2442089982239,8.095216941542176,2.426623447898405
2012-08-13,8.140286352609145,64.60173095197283,1008.5034980615719,0.65935109971789,2.5876818267358335
2012-08-14,5.628957635828456,52.21197746794484,1020.6390290857564,9.360902452624844,1.0264502368299828
2012-08-15,5.786505505853691,62.87126069829738,1009.0960553288286,4.4839059136529915,3.047970654755477
2012-08-16,5.94414813555719,41.942366250092846,1008.3377260828289,2.797039993059879,0.01873461568498125
2012-08-17,5.39976236875463,59.14982456635425,1002.5854704822518,0.19943213971352147,1.9132760841629182
2012-08-18,5.809838116873696,61.6226444623301,1023.0336589272914,7.119562320261882,5.136158483190401
2012-08-19,7.6974551774171704,73.22457050688365,1018.4846327354057,4.4864864142753955,6.639971031980618
2012-08-20,4.1312343172462676,50.22619481408997,1021.2541459782309,5.51211644826352,3.5397856556931133
2012-08-21,5.503750652259929,44.4645983858468,995.7378603804211,2.2975647769659084,3.4489177060731366
2012-08-22,2.946045090957604,49.57269784527078,1011.3954995673437,4.042711897246929,1.6439483200377862
2012-08-23,7.377608689609188,42.94551065204621,1010.1988899224999,3.540256260935786,1.3727858285732761
2012-08-24,0.8736238990080212,72.92976162808581,1010.1942829340145,4.698220683865378,3.9221291238371983
2012-08-25,8.15475052704371,71.40901768671851,1006.8397245628205,2.991343020872568,5.220614315108882
2012-08-26,2.4842131672083285,61.96005919588413,1009.5389572821998,0.3974571179383357,2.79747286581743
2012-08-27,-1.8312074976336925,73.12855320566833,1021.4964478270665,13.185499235889822,2.548344563594521
2012-08-28,2.7055773844364164,59.98679511358415,993.8714864665217,0.9097872579874577,4.315727016778252
2012-08-29,0.14201248132795374,58.977877282328365,1030.7729476803045,5.544377020827617,3.7569028163805176
2012-08-30,4.5747987262175,54.38222444635364,1017.8384112502646,0.31608348527212726,3.8711620403251334
2012-08-31,-0.03346671854699812,56.91282344549785,1012.5766810433979,0.9911423098539247,1.1137850918258645
2012-09-01,0.46126664075262624,44.29135111653338,1022.0683414637292,5.293479475556802,0.06299179685025136
2012-09-02,-3.989482032278988,64.63728865221289,998.4816525483157,5.52310276330491,2.164977429738131
2012-09-03,0.20549168122913652,59.493915057245,1006.3529909484898,8.784496972407151,2.3682720403705595
2012-09-04,-5.8219750147571325,70.36459474815732,1011.7892456760944,6.198640523047118,2.3239163655065744
2012-09-05,-3.4107779218704133,62.64062392532131,1026.6556037043217,4.550567843762627,2.2375702744219685
2012-09-06,3.5174895775419914,56.614218195538086,1012.5350341887345,2.151199267804987,1.0635944436067168
2012-09-07,3.4930396430560964,49.54154987839564,1017.5005467118515,9.497036204700645,0.569278972758538
2012-09-08,2.315513719785204,59.563775508325016,1007.1042100406387,7.786553738150672,3.4073672838365954
2012-09-09,-1.954148623819112,68.35944662007117,1017.868420689675,1.2610115667547261,5.695384689375897
2012-09-10,0.7154487807177511,48.20888569880252,1029.7723959297446,5.113891184631906,0.0
2012-09-11,0.7637686825457205,60.492853195534536,1022.9552669167412,5.43215669457949,2.718232042423432
2012-09-12,-2.78030901703431,63.720584023811995,1012.1854401222212,3.9630390301829928,1.4455103626488297
2012-09-13,5.129427650492005,50.254638338571354,1019.7549084726547,7.315551457420384,0.20367113332447018
2012-09-14,3.1800286432647846,52.531422629287604,1018.7751695460721,7.495199415044532,2.6952719155731435
2012-09-15,-0.18195926684995456,62.39708812108712,1018.0658767169728,4.428542906584682,3.9003544750437316
2012-09-16,0.49888456754767496,48.416347533299934,1024.1195336086041,4.157392262607025,3.205444159317672
2012-09-17,0.984990164357135,63.00674207031536,1024.0447770383746,9.496875388002595,2.5865008461062753
2012-09-18,-5.819409979955223,53.956161253385616,1011.7284140312512,7.798516677086711,4.325093470419127
2012-09-19,-0.4854304272615241,70.87125214396292,1019.4187906147777,5.217081169725153,2.4521802703453144
2012-09-20,-1.83517499345085,84.29586495060842,1009.169050788402,0.11237288275983914,4.004194552592784
2012-09-21,-2.835023883169852,52.80994392456673,1003.7692760368442,6.032000318915108,0.5698951638796632
2012-09-22,-0.7100118385596843,65.69708454302659,1010.3050624429601,7.094250394753004,4.764107278781886
2012-09-23,5.494206841537353,49.98547753041113,1012.2372184826041,3.2635648851951196,0.5178389875264714
2012-09-24,1.9959489172905682,69.41156727933262,996.3841901082201,5.7556083449540765,2.279204439412799
2012-09-25,-1.663420495660941,48.17912615697832,1021.6033255941672,3.749924039612794,1.7695200870431789
2012-09-26,1.7489909310875924,63.93137211873333,985.326745773976,4.337437159611345,1.553567047323133
2012-09-27,4.214870575982504,49.16267504311522,1040.1481693948633,2.277857141710038,0.00814654869951724
2012-09-28,2.780706838427946,56.53980068980234,1028.0187913379632,4.555432128789074,0.8796851990782302
2012-09-29,0.18014122993945472,49.5996766335572,1010.3899127582769,9.175974728543995,0.0
2012-09-30,-1.9406714291595728,69.19384042353732,1013.0942636056377,3.660804503553453,4.307364001720092
2012-10-01,2.098142411142406,50.581125250032926,1016.0297187358728,7.896720676379552,1.7102600793475276
2012-10-02,1.1917059876699958,64.92378959948329,1007.1083961201106,2.581006343361169,1.9635074723288957
2012-10-03,2.7090483427497327,55.2044955460018,1014.9261914758694,7.276268577968117,1.050999412029566
2012-10-04,1.9456408084235757,57.882455877799586,1011.5600002229834,5.0049675668658535,4.11992985190394
2012-10-05,3.2098732037503175,59.872622472126125,1012.0572728276903,6.056074486367842,2.380850355307243
2012-10-06,-1.5189742380909825,53.141240402457,1014.8146106348064,5.021459768292463,2.712282681400286
2012-10-07,4.068849055633991,60.06924660759187,999.8647220164601,6.924875697323626,2.212643668446768
2012-10-08,0.7438113877669041,74.93143994966066,1013.3956972413365,2.7027553538012743,3.036021489272004
2012-10-09,6.415540981966001,49.01128165068985,1014.6344774661748,0.7405240596272913,6.941279244657841
2012-10-10,-1.8346707055500877,72.63543678551349,1014.2884962135591,6.251241494025934,3.931341695498524
2012-10-11,5.488294355421608,72.23682915716704,1010.8416924456385,1.1306150616887072,2.5044655751785703
2012-10-12,0.9260072278030936,51.37544649581801,1024.3785777596938,3.408258933058372,1.1795997641378606
2012-10-13,-1.5657608384296542,46.23233436830931,1009.4634744511845,4.836977476890051,0.42221167259266973
2012-10-14,-1.0026163299355704,63.520917166685436,1015.2732590682319,2.5155795871613096,1.8339112685422783
2012-10-15,-0.44714098940578606,54.74949526703416,1025.9729753392555,2.925315791918679,5.8942521683323
2012-10-16,1.8555510811212375,77.7582566510694,1012.2062385997968,5.8147466004607775,7.031745074520648
2012-10-17,2.2249840652279116,59.23558337238436,1015.1446326746756,8.027884867339427,1.3677143669384693
2012-10-18,-0.9869477562430418,52.47147979776973,1012.036153636851,2.1246518562355767,1.1153336448329625
2012-10-19,0.7429904118099095,48.15690968397793,1025.373697935636,3.2748254114378894,2.6893122868360626
2012-10-20,7.328970206707162,67.23456448755472,1010.4227543841371,2.8062170800188655,2.191122530865544
2012-10-21,6.175071077958257,51.20062472017901,1025.833545772882,2.264139255631836,1.9109067913664373
2012-10-22,2.3958457553341486,59.240365116937205,1011.9641210535293,5.4251353709525265,3.330608872737873
2012-10-23,1.2994411187550796,68.90830689174726,1004.4054027655199,7.804153237485476,4.01330373643078
2012-10-24,1.6481741573747781,54.33332940200431,1019.7937317057413,8.049929621947648,2.8844657630125887
2012-10-25,3.2353467261517084,57.92303834952254,1009.9533216624434,2.3877008706777834,3.2454196385566108
2012-10-26,-1.562840740378867,60.61573627196424,1019.2050089909916,1.2449058544395726,7.755328403292196
2012-10-27,0.8481501908367334,66.40917001974255,985.7059561507626,5.064816642775054,2.4917390952522496
2012-10-28,-3.2667648707832235,67.54082579049486,1013.0520526189495,7.487821059699401,5.971253632703101
2012-10-29,3.0592937906521875,56.26921579212562,1008.4039470124252,5.464551344931152,0.6710182808367015
2012-10-30,3.9297424981642664,58.67161936588304,1002.3674131346872,5.867913907621284,1.5470868746983748
2012-10-31,0.6689812389648335,55.9477192652827,1007.467589981602,8.4254927832087,0.6945305829130126
2012-11-01,6.974703916957184,41.736523972326964,1007.2629685570735,2.7825903223078896,1.2801882774250233
2012-11-02,-1.286573073524199,63.21929511074339,1012.5201420514942,4.34008973998091,1.5344076934625572
2012-11-03,-1.860684036116579,79.85225962638897,999.3267353871504,9.903816535283605,6.723027968873458
2012-11-04,3.3512071561436976,49.48720501501752,1016.1627378025971,4.409566630707119,2.02898287624326
2012-11-05,5.968209022726047,49.28559839260995,1026.6621478520578,1.1979891021002862,0.0
2012-11-06,8.03136675175345,47.27703890768586,1015.8092849694783,2.9919317112491157,2.2366743502834234
2012-11-07,1.759162360041519,66.36633660721047,1021.08988609229,2.1854604463362732,5.598143394497685
2012-11-08,6.531604734232245,61.21905217484828,1023.945624546138,6.071487757103812,3.2861295976464344
2012-11-09,3.3432521882388064,56.74299698171603,1025.3648951218418,2.312158989233663,0.7362992629075806
2012-11-10,3.1075309729991027,49.2660438971108,1031.701386928213,5.813102758583733,3.829328033066069
2012-11-11,6.446398497011691,57.7005686678934,1008.0079800172407,2.7918043443780505,3.407058500440202
2012-11-12,5.925713290780472,41.39092208125172,1005.8151601483888,1.370135615194684,0.09017427287960755
2012-11-13,-0.5838370453914337,61.72618419127065,1020.8346564832474,5.919859360945766,1.9694889450187023
2012-11-14,8.754771714951062,64.33785800340381,1020.082662196574,5.445391044640667,2.7409472447358523
2012-11-15,8.648399156667649,43.163809055329395,1020.7567529961569,6.553273447126522,3.352723881936996
2012-11-16,2.8175203871163994,43.26605703814516,1031.8928245425025,2.98103834250423,0.0
2012-11-17,6.070756317818042,72.75900075803958,1013.113699087985,2.66136657392187,2.488764057527018
2012-11-18,6.557571285214031,50.60361796234713,1017.2615655964619,6.204400575444637,4.059942972200111
2012-11-19,6.052577881946994,68.33318951846472,1003.1961174851652,9.557058717592943,1.886602163340425
2012-11-20,3.8176000251110773,56.55122333546615,1034.3532112397595,5.033504028518983,5.493293237302299
2012-11-21,3.654428669572824,56.55323749580032,1009.6345507879089,6.273755288141435,1.3851562109300373
2012-11-22,5.796184735298768,61.48603462731707,1009.9178407183917,4.035236946722878,2.5680620840770727
2012-11-23,9.597286753366634,46.36136805585228,1009.5325010899176,0.3691084343789459,0.0
2012-11-24,7.918796361976279,57.365573253968314,1006.5510414135566,7.902288257462174,5.3873431634410025
2012-11-25,5.387630659374906,53.49129052207162,1005.7056295115235,7.725242717258485,3.120407990499318
2012-11-26,9.02856643443073,42.28078234873432,1007.7629571711047,7.1323220755255825,4.386220693411591
2012-11-27,-1.615705434964715,64.18267346474634,999.3420407194906,4.454163684972744,3.7174199964918473
2012-11-28,10.595062990633057,52.06939043590431,1005.1468207973676,6.791168299215622,0.6153220480967181
2012-11-29,2.1507945058841385,57.35435446261086,1032.4896311144762,7.681285392163492,1.4725459268340912
2012-11-30,6.506043923390943,44.64536860416295,1020.3565514364137,9.860476054870123,0.7989054646765205
2012-12-01,4.459982714384744,73.68401232043567,1022.2590417672772,7.965578313942325,4.23760702031141
2012-12-02,4.162701509294514,66.6857911092139,1024.772087874169,5.191463675100916,6.888415414948119
2012-12-03,11.7590402360294,63.76203872370509,1031.341345643624,1.0752402337268854,2.34506293086848
2012-12-04,7.105262507807849,53.39292172167926,995.2857744855615,5.466974893015223,2.7678235073493074
2012-12-05,9.781607606007393,37.81736730196209,1000.7011688471346,5.769732187547923,5.270577837688943
2012-12-06,8.836918425272842,75.11071461225869,1004.9627633910532,7.127089325954913,2.841703167280277
2012-12-07,10.646171388015253,54.0659392259337,1008.3027020351041,9.061675577970277,4.377907536210014
2012-12-08,9.68459752982067,47.66970327488913,1009.9943060941475,4.714548463829662,0.8588608870419339
2012-12-09,5.84588149478871,61.24507499743678,1008.5302244719396,11.302961569439335,3.7611941576676093
2012-12-10,12.92595696442972,65.20822939781812,1015.1930891313206,0.2778610601217313,2.2157956278985096
2012-12-11,8.699685325130586,55.41965177658005,1013.3529539074522,6.258025617384876,1.3548490025084163
2012-12-12,5.756435934176405,69.90753371230554,1005.7716520482174,2.6044388234479157,2.0457696270830237
2012-12-13,9.388418023893115,66.13579037322214,991.2445122301243,0.7216659990664089,8.722566611980412
2012-12-14,15.422907008891354,41.52473462153374,1003.071312946213,4.394676871102524,2.5106130299879186
2012-12-15,13.720365799597657,46.401916043606406,1007.5076134668742,0.6284819047371304,0.0
2012-12-16,10.373952106687174,64.38839557945408,1010.5292056319228,4.51571630590155,16.676140264644673
2012-12-17,10.623404191982214,27.56217226590451,1001.7033254068946,5.10430774428337,0.0
2012-12-18,10.958527348318565,53.02617939419083,1008.0919353350358,8.355624228007848,4.147201416090791
2012-12-19,18.406843303033867,36.48826633223635,1001.6901261151442,0.47724459570818745,0.0
2012-12-20,13.576409193972493,48.446257388678504,1011.7418064845167,7.725335496937317,0.831419776705022
2012-12-21,13.975492631608994,50.02405279390346,1002.2690867163739,5.294241350839382,2.217617235048003
2012-12-22,16.03166878039655,48.40172183072664,1004.5109534362954,8.086547460828783,0.06524171404951837
2012-12-23,13.91324680358925,47.52076407707929,999.9131586901086,3.704746474906617,1.0944675421725856
2012-12-24,12.676348100826358,42.69038945329868,1011.4649930443021,1.0032662397096637,0.43826271340148826
2012-12-25,13.121478471683364,76.35837343234519,1004.335522300476,1.3475020213524012,3.122632476583457
2012-12-26,13.753159819722999,71.798040131752,1022.0678426667542,1.1245776389986517,2.893925009262108
2012-12-27,14.114038282121664,41.322322656376336,1017.058502666929,6.433442458761966,5.961913594184363
2012-12-28,16.666564456569752,67.4878852847508,1012.3014813181636,9.430766066644098,2.4299656835824512
2012-12-29,14.897637315084369,48.55652643772929,1005.0251450265621,3.305145420034339,0.33578993076939123
2012-12-30,17.197920231646748,52.69291461749373,1016.805203053163,6.88740589477335,1.8059347179750873
2012-12-31,15.016050602011761,51.85923510002496,1019.9070088934864,0.4296738255931407,2.409063470670517
2013-01-01,15.494105913285793,45.655460630817444,1014.4268841220163,5.540963747531897,2.148191711794058
2013-01-02,9.521722120744863,65.07766237568903,1029.0370185546692,7.00568784901138,4.314624364054775
2013-01-03,18.52327803245625,51.99722628953845,1017.5963731807482,0.6556256741693947,0.2747785047167755
2013-01-04,17.071501829728778,46.6987348529432,1022.1360721756804,4.388349593060436,0.6708334695800323
2013-01-05,19.283502310640657,37.31235440667494,1014.3356541553597,7.147751421456696,1.7053050591177403
2013-01-06,7.857759327130454,47.13517019924357,1019.7566445325698,3.8013119416884322,4.418162569560246
2013-01-07,23.068244787832473,32.0520764500628,1005.0321876733083,9.006359185105229,0.04882009020523159
2013-01-08,16.64041269723345,51.80202913553497,1008.4160163678721,6.061038127673145,0.2876519420760083
2013-01-09,20.639180760176767,37.71375369706766,1016.4936355348239,7.1501829431520285,0.0
2013-01-10,14.449679381345572,50.1195551841418,1016.4209948155739,3.761842162415707,0.16620819828448644
2013-01-11,19.66172236283637,63.870157354685524,1018.0761182294325,0.16816744469606615,4.147941431927283
2013-01-12,14.91632080850832,64.5348353249617,1024.0039289227873,6.602188868950855,1.584706726986095
2013-01-13,16.457515812975068,51.448473152486294,998.7502882818459,4.752229023750464,0.5557764806454943
2013-01-14,24.32218555168961,46.96805996272369,1003.2554745238971,5.096346366296962,0.7757995587129468
2013-01-15,18.258252224452765,69.6696193819837,1015.2957264107425,8.262820955596862,3.209167116049854
2013-01-16,19.731670982550753,55.341725712311735,1005.7563636819654,7.286191621587794,1.577547035037462
2013-01-17,21.937439685275397,45.75321555859708,1046.7776824128937,10.763712251268839,0.8203137392068612
2013-01-18,21.06086403376215,35.2093868119144,1018.1571961917014,5.461562686620497,1.0191520669825325
2013-01-19,20.270301640816196,53.80358136123933,1012.2166915106984,2.9263626866266486,1.3021092042980527
2013-01-20,21.157726501310375,57.714374475173436,1007.8453072691614,4.434749459273821,2.358479787448674
2013-01-21,27.515388588360402,39.925790460683366,1008.1983771680696,6.246990117615819,0.0
2013-01-22,20.37301175225934,52.725521675250654,1013.3014066131518,8.047569556978932,1.1453107843282322
2013-01-23,21.38824823379901,45.67014293395021,1014.1198193262126,0.5988981456838438,1.4698087206065296
2013-01-24,24.17428302611243,46.07253449495376,1008.4330085530648,5.025612845537506,0.9558833076889148
2013-01-25,24.574481838058702,22.834538505347336,1010.268477534801,9.828624971115108,0.0
2013-01-26,25.052724804937608,45.25582356036984,1026.4428457523459,4.2793733869924395,1.1699930872404978
2013-01-27,23.639630792193714,57.87387762798369,1026.8450496265104,7.7930355646073135,4.04232765003612
2013-01-28,18.524239325351314,44.42385478165876,1015.5203397993488,6.4793525816480155,0.614231849464037
2013-01-29,27.081302198640117,46.9846125828331,999.5874027276326,7.86758181957494,1.0492078891471683
2013-01-30,18.967597073343594,42.956694396409,1018.3850315663905,2.5707183752002027,1.5128210531970523
2013-01-31,23.537970553498667,51.83543148617839,1028.5428244161103,2.5837949898032577,0.6836580143674695
2013-02-01,20.58840656042518,47.54056474442567,1026.6978110196237,5.060815676366865,0.7293476678850224
2013-02-02,22.877662533295513,39.168753326532176,1020.3442585280967,0.4033346382790661,0.8776873192465096
2013-02-03,24.27281692842474,61.189106212438915,1027.224229552858,4.190778180165027,1.1775134066797457
2013-02-04,24.464597990717586,57.05702113996336,1013.5338427247902,5.758629972547001,1.854551939157746
2013-02-05,24.97776636451287,41.46204917846182,1019.2810296983371,10.353906820849318,0.97304431385471
2013-02-06,28.76203411158739,50.596866038384086,1006.1922443367482,6.208154567809465,6.905072042473138
2013-02-07,25.48775595626883,52.63024205006939,1015.9226545615571,6.8756854126193065,4.45443536495418
2013-02-08,23.598231320741068,54.62389668974123,1026.2953424397053,8.493427541150018,1.1214598459546057
2013-02-09,27.423746018217734,29.345568030940353,1007.1057658851311,2.10602723331483,0.0
2013-02-10,28.297854882298644,55.917137969176956,1004.3855657053572,4.504752012887042,0.7078501235062241
2013-02-11,21.241695828223197,43.68216245663108,1013.974889390237,12.276237775411678,0.0
2013-02-12,26.908854492043755,42.96729341956545,1010.73337796276,4.762633332846474,2.2787583329596215
2013-02-13,27.4093097352877,72.67416265495814,1019.4914772107043,8.349292246346621,2.5306290724791176
2013-02-14,24.599184395694728,50.71914160936276,1008.4674047405296,7.891213631519322,0.6678922416071496
2013-02-15,29.801969774161478,41.2357903584475,1030.184396156027,0.5656588568369321,4.889904707785966
2013-02-16,25.404493813341105,25.244809365770386,1000.1032390203894,5.9314378310178,0.997385544608751
2013-02-17,26.407984704874405,60.69364898702635,1025.5373478621973,5.440242416615677,4.114305337448195
2013-02-18,25.68536584259672,33.70522037061561,1005.351507716919,5.989876363521304,2.368938059798533
2013-02-19,26.421324269922838,36.754948830043546,995.0401726541597,2.73766256062682,1.444931583019346
2013-02-20,23.25239714257346,45.06027843783478,1015.3787515634887,1.6492414642635227,0.0
2013-02-21,22.384285118278747,62.971975357863556,1010.4539201398611,3.571969999937446,2.7508591573448804
2013-02-22,31.647700041026575,51.908549846144304,1001.9039063209697,4.7066150087473915,1.3657065595552158
2013-02-23,24.479532277665168,46.18185876276481,996.1862310828474,8.554953342800948,0.3636539355987658
2013-02-24,24.198908836741495,50.98346621801746,1012.9163921272855,10.45193245917682,3.6903685264133457
2013-02-25,20.86197795872507,43.5651540919264,1022.7583689162382,9.189793538669534,0.6042771243183116
2013-02-26,25.550674152418612,48.62119981944421,1018.8495349308645,7.580555632345533,0.0
2013-02-27,23.640006704294677,48.91336409563403,1013.5670664883927,1.9869792131012307,0.5344087186103975
2013-02-28,32.67330185332202,53.351048030152526,1017.7884757321774,3.7733114750315133,0.8542558670897531
2013-03-01,30.910910642164946,54.21632590330702,1012.7278586762214,5.629778157238993,4.790861359096631
2013-03-02,25.947394285410784,51.96607667935106,998.7027575696962,3.102682885771475,2.281665810178616
2013-03-03,34.89568299319657,38.92868292794069,998.7910601477656,6.731616957583853,0.5365404280959423
2013-03-04,31.206309110125233,51.81506838883865,1010.9683147101532,7.161458324762863,1.5945766000724872
2013-03-05,27.40522604636736,45.37770231478586,1011.3934671363393,6.6088701876964056,1.638060456451468
2013-03-06,20.996245900162933,38.682733362787204,1021.5098267850676,8.075403813672743,1.6802517864255542
2013-03-07,35.47803490981177,38.22810462598473,1020.5730422377475,2.286226358860778,0.4394089992341388
2013-03-08,24.543202422489216,48.57366862659864,1019.0513301575895,7.798486112276594,5.427836848141676
2013-03-09,23.878373074878844,57.162971299208024,1010.1971728692282,2.913063649639411,8.2464510477503
2013-03-10,31.980836549716873,42.17430000357003,999.1934782988986,2.177192142071344,9.95590416197645
2013-03-11,36.3268156513617,29.74460506192309,1017.1207113706603,6.596348402559145,0.18809891363783793
2013-03-12,33.250659324659985,43.9420871706382,1018.2516931326217,8.647620686596941,4.789036653553177
2013-03-13,30.875673171564216,45.69672381478342,989.1146853752232,6.46404045912803,0.6063119692544592
2013-03-14,31.050110769423164,46.333320904315954,1004.6566181341734,5.062412071317633,3.5597432813598826
2013-03-15,31.903769075219508,53.24683062193454,1006.0894562260611,5.930461478304521,5.1223090219919305
2013-03-16,31.69373252744481,54.34236613717658,1014.1835020112344,5.40928075420184,5.123979438870313
2013-03-17,30.329673336730952,38.89305460781786,1004.9663956723431,1.6221473115938174,2.4432002785346913
2013-03-18,29.863562139628236,38.906784349696444,1012.6186543117536,1.2721395651652543,0.0
2013-03-19,29.42372744388774,34.8861491685014,1010.8946505964701,4.763522361579636,0.0
2013-03-20,27.405831355984823,53.28524102481236,1011.4085052846227,5.239570507307912,1.1413242616301669
2013-03-21,28.87757182347382,60.04941517164025,1005.8360570629925,5.033997135103203,3.920853692817209
2013-03-22,24.688236808695223,44.505062316563155,1006.6101494593332,7.02830484094974,0.0
2013-03-23,29.51522275552555,42.828082974987296,1002.1973294021931,4.353569851506981,0.5840263454076904
2013-03-24,26.883214104857544,61.22621851656099,1016.8006744057383,6.688937545714568,2.7892780557747914
2013-03-25,26.57256518962167,51.769295937339244,1018.7110262859137,4.566239698020657,2.0288975256042665
2013-03-26,30.452951056869715,49.13588151957569,1005.2938204987466,10.470076886109398,5.4027742672083825
2013-03-27,34.11479180124148,31.03343903964199,1028.2064009601704,5.24214118017934,0.26976503932882534
2013-03-28,32.71482441462928,50.42986848547955,1009.8539855255796,12.022167834577031,3.129340001661574
2013-03-29,25.265029506463932,38.07612184167045,1028.3018562379657,6.056034773272593,0.5515778942618745
2013-03-30,27.01986575888424,35.149865261208305,1006.578728261684,4.358968488235353,2.1014714891591493
2013-03-31,32.81884109366301,40.12286368550137,992.7342222340056,2.3016560712209766,0.0
2013-04-01,27.052398915427922,40.61587330779914,1017.0219782491235,0.6713342778269196,0.0
2013-04-02,29.324850429829997,43.12157784123461,1015.4854510511899,2.0256731468115294,4.528206881700306
2013-04-03,31.643350507384017,29.768508401058806,1013.3439379530759,2.3611810725080304,0.3418011039828768
2013-04-04,27.078162369184597,56.04908188008443,1006.5776752155601,6.18446006123653,2.831500796479488
2013-04-05,30.284883931418765,56.13442097945491,1012.6542777451418,3.421503886819438,1.8730179517722447
2013-04-06,25.94780704155794,27.55267173781289,1007.8874054213047,5.560781157663493,0.0
2013-04-07,28.12247673465682,55.72333968933709,1009.9765043366825,8.845935087130059,2.194804869678652
2013-04-08,30.858198541438824,36.465614431064324,1021.4163225576508,4.736574945095439,0.0
2013-04-09,25.08772975930681,56.025890490174454,1014.8421722953009,11.237470095400413,1.8154734740063119
2013-04-10,31.151588067366305,43.73974103965269,1019.0995138733198,1.4725670589824063,0.589262902195829
2013-04-11,29.730308852677414,45.42260121447128,1010.6813149337421,4.5482493548752165,1.0880981940399694
2013-04-12,31.401368142951178,42.44833943431222,1009.5798265419522,3.3820612291670638,1.2588278746933794
2013-04-13,30.365947776876336,56.93831815389669,1001.4651746911136,7.809519818171024,7.0018049514446945
2013-04-14,33.732579549407056,30.737830100046185,1009.299633874318,1.7193748910983633,0.18586083947017307
2013-04-15,29.957446457379643,51.09968015866026,979.7888544441087,0.6706541324665665,4.413565037301844
2013-04-16,28.230850121985203,56.8978765879029,1007.0977803369436,4.677959532647112,2.315018305826472
2013-04-17,29.81895073755908,52.25392543662457,1012.1812582280916,9.65413316302848,2.197359611391796
2013-04-18,31.010661341918613,67.74165847227486,1018.6367365427016,5.677525502111922,1.9189566251563561
2013-04-19,29.451795160433797,39.98463479253611,1010.3132212247505,0.945357637207298,0.0
2013-04-20,29.347198773794222,54.8994488390382,1016.47673542245,1.4085002219293097,2.2233772785088908
2013-04-21,27.035442087436046,45.42137260286777,991.2021133860975,10.018969108534858,0.5495488865684128
2013-04-22,27.06451744177863,58.80180204263738,1012.4316314779305,3.1365956036112776,4.087196459738376
2013-04-23,24.753043150170612,47.546588467701,996.204972070866,2.171109882650708,1.321581220318612
2013-04-24,34.113091062457215,39.06469665014669,1000.9169648434066,9.432117681892581,3.185549930936604
2013-04-25,25.032164684717053,60.54463969635776,1011.1283445213614,8.033291016760973,8.229398263688765
2013-04-26,26.580353858025525,41.79420368079794,1025.7626398787356,8.822178929800387,0.0
2013-04-27,26.395115238162674,32.6751847919131,1016.7120676347006,2.14987435920255,0.0
2013-04-28,31.122362491856958,39.27034992233323,1013.1823099713712,0.4246830769569181,1.1141712075945451
2013-04-29,27.436010804566315,52.47232406360217,1012.804696105329,5.399499468088116,0.9763262583413934
2013-04-30,31.943409277624237,57.94868287705879,1005.8637110679554,6.005378399220992,1.4161756777354233
2013-05-01,26.05512290790822,48.08373229901101,1007.5601658662731,6.093805411114495,3.1695812382332553
2013-05-02,28.784114407420077,58.78991346863022,1017.2737604547079,9.434551806917005,8.741246943389681
2013-05-03,25.308791386468133,33.763855091989996,999.146394815555,0.20130127002474474,1.3490863940168394
2013-05-04,34.11418324361612,38.51027373001291,1018.9305405028302,7.579085153893297,0.3343439561152395
2013-05-05,23.976086934191017,45.12620536136348,1009.1149293288115,1.7101248675580467,0.6812463818122044
2013-05-06,28.324775111539726,44.69201816950494,1021.2555707486956,7.567205962582523,1.020728332269078
2013-05-07,29.149401414485038,46.26624317525945,1022.6109345723208,3.5751298864358674,0.8695417632245139
2013-05-08,28.33859648716867,52.73981133033759,996.2691598749426,2.5580846123284653,1.6718612138176532
2013-05-09,26.386879980106112,42.35849162824204,1007.1841923677279,3.1702918791523933,0.0
2013-05-10,26.39528572698044,48.19264400604104,1004.4447231205937,0.6631693976703126,4.500709732149536
2013-05-11,26.75469503644294,46.17142357853801,994.8727203492685,5.121286819500401,2.4263441864701534
2013-05-12,26.017323186972675,37.73243936760216,1002.6746672379059,2.6819798280186284,1.0582307436509746
2013-05-13,29.18163976336486,44.27251322750322,1037.4125584526535,7.358894692700835,5.415716958329017
2013-05-14,32.74989916750299,42.18845511727732,1019.0950989621244,6.920168243098752,0.0
2013-05-15,24.27088795627381,46.21375037183263,1032.1728796860575,10.064471158708372,0.0
2013-05-16,21.655744766402194,49.48972218261341,1021.2909844001833,6.0989824506232315,3.4479666103692272
2013-05-17,25.318908006553908,48.09728140285691,1005.5815683899152,6.562033301240222,12.70654921058017
2013-05-18,33.13834641626762,39.10787500079289,1009.1822880332596,9.20029943548344,0.6383379500605979
2013-05-19,22.80057743824605,61.32685862058962,1018.8843618024031,3.117011911919911,1.2539050552320392
2013-05-20,29.938308379535204,33.336039518202234,1017.3750620347304,0.5352253615309017,1.3661188600746745
2013-05-21,29.8604478003656,37.86007501511824,1007.2265798429166,5.60028217738518,0.0
2013-05-22,22.970055973424472,76.31460825552332,997.9000682942079,0.7320995923567875,4.184579215297765
2013-05-23,26.13839145649334,36.55089072186103,1045.8776118738874,12.361816018776171,0.0
2013-05-24,29.114458868835527,31.90522381848465,1011.5885032765719,9.36649487623683,3.1213606577051896
2013-05-25,22.886977725411377,55.901278587306486,1009.7426110681738,11.491928999904742,1.7906485034778203
2013-05-26,23.20603770408001,27.62578261022125,1014.133344639053,5.187340929989388,2.3372491549167003
2013-05-27,21.861541276718935,46.71649026191614,1010.5727141068897,6.651720781104793,0.3823751651352922
2013-05-28,20.34956874407405,71.28346487872787,1014.2272890770548,3.621573704142068,3.1083105054365485
2013-05-29,21.230773942911743,33.93525380701013,1025.8694728611642,7.648774416760256,4.27295484611515
2013-05-30,19.28912992214223,30.535790181541756,1011.7545152031357,1.353370363846829,0.0
2013-05-31,22.843186270015472,33.58659484541528,1001.3728956067224,2.6292795684243364,0.0865359521663156
2013-06-01,20.208707508510713,58.8792419292145,1011.3835620552139,2.6278681415343,1.8716386219798875
2013-06-02,22.995448342002593,59.75004302885683,1008.3559821859009,0.6335795731480527,3.9509222668673907
2013-06-03,17.399705676497074,46.17425919196637,1027.2389893724685,9.433780208478607,0.0
2013-06-04,22.83124109927025,55.41650349037557,1024.7111906473758,10.447032365240949,1.691365451985969
2013-06-05,24.1083686500842,61.8483689500778,1014.075250004308,0.7912127827606668,3.58567931140946
2013-06-06,15.393798171828946,70.17656505838377,1000.2126414518075,8.875146822563718,3.062833022058138
2013-06-07,22.262509091777037,46.405392642313004,1000.7410773656005,7.854154950502311,0.0
2013-06-08,24.586861127266875,24.691852259666696,1013.1512326158455,0.290669945843371,0.0
2013-06-09,17.036696421985855,43.272862564910206,1016.3632296932128,3.829197407205146,0.7264150208809986
2013-06-10,25.443423121459624,43.010246489917606,1009.2537718067395,3.259508833626441,0.0
2013-06-11,21.441241718159137,46.68999117513653,1008.1983041579276,7.2439861958816,1.5658827603216359
2013-06-12,17.82609166609273,49.20836015686643,1007.0720076682136,1.3136619472849587,4.969321077150828
2013-06-13,19.529298381064283,61.424296788774555,1012.7660603975605,4.7033821230215525,1.3778041428451595
2013-06-14,21.125673026667528,62.18144775354205,989.1723764792694,2.942196488151146,3.004618014256785
2013-06-15,19.43147630222547,48.567525309639436,1001.9867337123029,6.42002355015543,2.4655832618146794
2013-06-16,20.57125036825921,60.699223576388576,1006.7294915455265,4.349623904936212,1.2167282425091612
2013-06-17,15.943311927975934,55.60495770232292,1025.0750319495191,3.3942628881788144,0.6062459899679351
2013-06-18,18.96266752556742,51.16372596584201,1004.8618635807107,4.360110273103766,1.3643458116633687
2013-06-19,13.961670240882,62.08460645065864,1014.804681418312,11.108128498520337,4.341089978165915
2013-06-20,17.616415162857546,51.914312900950385,1015.2654275093099,3.7493010916418323,0.541851679483026
2013-06-21,14.984775861489066,73.08572384023309,1025.9791650566076,1.8769843451486388,5.932136837436175
2013-06-22,15.235515366308459,37.99813064890018,1025.6257740696415,6.750300707467895,0.9373992633578798
2013-06-23,20.89526747942944,44.400657269365105,1012.4249703120508,4.56942599173113,0.24751883084819282
2013-06-24,20.205153023571526,48.632234518674736,1008.2451525881056,0.7542982074005824,1.3138444849698625
2013-06-25,18.50229946954696,55.14337716980643,1006.3616689717431,11.694489005607398,7.252281007893805
2013-06-26,13.141112953240249,66.10904839441076,1010.5893677753422,3.9425631632400564,2.098712388471604
2013-06-27,15.21157183941754,52.15022840792966,1008.659666456764,3.8663916381159464,1.5994596557755518
2013-06-28,19.542492260424446,36.00645737472571,1018.5362740935823,5.4795060557242925,0.5595677490246229
2013-06-29,16.070484235987674,60.389896846556205,1017.203098174852,10.190350307626517,1.3360235889941399
2013-06-30,22.34526522335208,56.37695504974361,1018.9180119114502,0.03923597955698721,0.7266906720642964
2013-07-01,16.309058471513445,32.42688417044921,1025.5928371143616,5.827957548261619,0.0
2013-07-02,15.447042396139775,52.23843746522212,1031.6286912140017,11.261816485380882,1.0090190752099752
2013-07-03,13.68537400398551,37.25589469120426,1014.2466339340756,5.386186042218945,0.0
2013-07-04,14.755289219278891,45.97584441533993,1023.9946377139565,1.2939980620895613,2.8545196345091375
2013-07-05,13.639391330371476,44.15221506518626,1009.4833981616579,3.144809441118042,11.258745642193361
2013-07-06,15.963528841563821,60.11088256163794,1024.8500698358303,5.620647589270371,1.137615078069733
2013-07-07,16.45205570312576,52.94227389015896,1023.6150915717584,8.992411746919586,1.4280540555158199
2013-07-08,10.967146511650736,41.660516736614355,1023.08415969943,3.981992466751818,0.0
2013-07-09,9.075078477537957,64.26312039080445,1013.9406984119153,7.4799553922972954,1.7140317425183977
2013-07-10,7.304395926891994,42.009743797269856,1006.3164183600911,0.6938935188593325,0.0
2013-07-11,14.081868786659884,56.260203511379494,999.0547156213453,0.6688448912148361,1.6267751883741441
2013-07-12,8.993401395594947,47.36319260928697,1012.599627924789,3.551597933945151,5.355918630664359
2013-07-13,5.591234874238909,53.547611737575345,1028.3301254224918,9.314086165619786,1.3625830404838726
2013-07-14,12.962922081995954,58.56124643938586,1009.9015509863593,5.2066239185413075,2.2275847910307363
2013-07-15,19.02441349883919,55.702287241175696,1020.8512658546006,5.8694335866998575,1.1338497273362371
2013-07-16,11.27645455816629,67.73146345647646,1021.4395140051893,5.834238786720581,1.773396638821812
2013-07-17,13.560489932434818,52.39721803706806,1010.1631377907282,8.327623947760191,4.831625223583458
2013-07-18,11.042027947654455,57.54349465580618,1026.1634483751952,3.169337922386438,0.9248438944668418
2013-07-19,10.252638751324222,50.49630740029464,983.913392555195,7.064855325464697,6.711975923630609
2013-07-20,13.060623834925906,55.289586908765024,1000.7724972126183,2.5073520084346095,0.8094242367040271
2013-07-21,9.188049134066095,59.80083591305207,1003.8436770364154,10.94981796776228,2.837207426752915
2013-07-22,10.61799225215471,53.70790539937889,1004.8028497713261,2.5988266871099306,15.243560309836914
2013-07-23,10.539387457641528,36.69280143025428,1016.3626295118589,2.3528320907641374,0.0
2013-07-24,7.330109161011385,59.64965438280326,1015.9003780305391,6.649009440464148,2.068063062879041
2013-07-25,12.072272898762572,57.60947832417328,1016.93990572175,5.239365294296971,3.793058547131936
2013-07-26,8.334781347679458,49.030874562680765,1018.9608149413249,5.980557218782803,0.0
2013-07-27,6.357759421978157,43.97724992828578,1003.4989543085435,5.681941386476954,1.7386898411815626
2013-07-28,10.001747765453782,69.75791762231276,1000.8182393319269,1.7288234035776835,2.143366748939684
2013-07-29,5.465995652000004,62.18145728294402,1016.9631968200787,9.840076787238452,1.7578828006319962
2013-07-30,8.017150856999425,53.700614262283196,1006.6976792635356,7.680626617667328,0.7189495480092606
2013-07-31,7.6785524034370365,44.79039496680661,997.2952495463203,9.076849853801349,4.236599275795568
2013-08-01,10.739059495808101,46.41232196788249,1022.7134428454148,3.4150073326687274,0.03924832793857308
2013-08-02,8.68315883340207,68.68432455116128,1026.951019065023,6.249570634145514,1.9509810143441855
2013-08-03,6.963968401335571,57.89463520801267,1028.5716088969866,5.592105386704073,2.561111110111556
2013-08-04,9.2746923194911,49.85678317024739,1014.8700772147472,8.384007878604523,0.8355275373355189
2013-08-05,10.776783710899295,59.70850045679691,1019.259320959729,8.480744395488857,2.0116130533558207
2013-08-06,8.066846900490722,47.822594675291406,1026.6986822336191,5.579152408874345,0.03579721879017966
2013-08-07,6.2142790751430415,71.90129076523226,1006.5858420997656,0.4461466044702451,4.948643368993135
2013-08-08,2.0401303545756817,72.50794017167941,1024.106776840541,10.338985661263067,4.091158854733107
2013-08-09,2.5753900113239663,54.04656428231026,1015.753962341432,6.667962301070417,1.3104525066585508
2013-08-10,4.65288366799848,51.386855695692155,1022.1371165234259,3.1746888758265737,0.5151433763179145
2013-08-11,3.540642694973696,32.04834666559035,1014.8609302087593,6.219626414800085,0.00493993498627332
2013-08-12,4.6117407329073865,42.878321918032626,1025.9625670974801,0.46671935464242953,2.3033761340070043
2013-08-13,5.148991811488322,44.03080634467828,1015.2352376254154,8.166059202413132,0.15216874510220513
2013-08-14,6.3774771209149534,58.163164849416376,998.1602094053259,0.5863647671625412,0.8687177693871441
2013-08-15,4.38928526251807,54.543020324327365,1027.5192663231471,4.337496523888753,0.9367744763926256
2013-08-16,5.875750779870945,43.60876973591212,1003.5246925902788,5.733363348816649,1.654788337924881
2013-08-17,4.428269539290938,54.97422480570896,1025.5305821024392,8.11651913594628,9.534742883689468
2013-08-18,-1.8697630103589287,65.98825298165295,1012.0975711855967,5.319634029303122,1.6257583124952004
2013-08-19,1.0636636558148007,64.74656167124847,1024.7601098519772,6.904888620837651,2.205665395211066
2013-08-20,3.277734919855029,39.36442973148367,1024.3476861486677,4.915499274651341,0.0
2013-08-21,-0.08741342038146538,58.76107190535242,1017.3014297431537,4.903442147167152,1.6367234833600022
2013-08-22,5.1765255694830055,43.578329445542394,1018.0853531762713,5.256431751044892,0.39929647760749143
2013-08-23,7.807504670850376,65.11353463597754,1017.2262861719256,4.432826237442876,6.584480017322585
2013-08-24,6.713542598352719,64.48469286435862,992.8617524371892,0.05971072924430665,1.616452005175254
2013-08-25,2.2624721923952062,49.88849164055781,1014.183302188982,2.695029518910115,2.9912188102559396
2013-08-26,7.22410763886112,48.72749415656544,1001.8393582392811,5.734324523335095,0.8795704367917484
2013-08-27,3.0506893907476935,53.86198479964308,1014.7118714374566,4.252636989533843,3.7209984217162533
2013-08-28,1.4498598953663342,36.74713610500344,1001.5705745361679,4.53257275345428,0.1153482898065814
2013-08-29,0.4810561490812293,63.119153659865155,1001.1504805877393,4.029938991683854,1.3920641616575702
2013-08-30,1.2777583942882114,56.632675339454586,1029.049345017539,2.4092048218045465,6.508449932172813
2013-08-31,0.888337623627641,69.25758201386478,1023.694473881242,3.5207016170711185,2.0984738846062454
2013-09-01,2.4356538864866377,47.798080877131156,1012.9585741505584,4.079504766834216,1.6008404737067936
2013-09-02,2.2815388835465593,52.6680010757274,1014.8476865024902,5.015429421625548,4.468829469463185
2013-09-03,1.6882782210178482,44.09060830909992,1010.5208397425699,6.180135033409137,0.0
2013-09-04,2.8732251482154165,48.52048179094976,1018.6987637597953,4.458349127342783,1.4664428112979047
2013-09-05,5.021601789488762,45.66937914457343,1006.2394563345119,1.9110342329227414,3.0447772380531086
2013-09-06,4.189592954910728,67.8649403110091,1022.9374026286796,0.8057538802436506,10.370823281684851
2013-09-07,-3.218448296240611,54.62660566060638,1010.4691315898589,12.792311622125673,3.0397432705243133
2013-09-08,-6.526124237602264,64.50481896624727,1008.8015300416877,1.6105549092063107,2.1028686391741083
2013-09-09,3.842100768148131,54.27131557730789,1013.2171301848484,3.444124996206851,2.8322147480226674
2013-09-10,-3.1538562896777362,48.88227548471074,1007.0885317007439,6.551000907541805,2.334992597403507
2013-09-11,0.18428664346564005,58.224852446550756,1016.2868234949648,6.082581828697043,3.230204280172061
2013-09-12,-2.7357627783606526,67.35891470781627,1007.626374106866,6.562597077684718,5.587759602529244
2013-09-13,-4.711156262196741,50.27798420566485,1017.6852360281883,3.6718487914034736,0.21066994822237928
2013-09-14,2.243620929804917,66.96931744241132,1025.1600653891148,5.715674211918642,1.9264516160870895
2013-09-15,2.825407252445711,50.09008715900018,1005.8067831319182,5.184030992722591,2.0557426208444367
2013-09-16,-1.248597947541121,55.79445971304215,1011.6942454270483,4.063605897376139,6.732510671476881
2013-09-17,-7.354899825870647,68.9842811430358,1017.6133071303542,5.73622922531402,3.1525427370213306
2013-09-18,-1.2788916042429705,54.00508422992661,1008.6414264501859,8.16609664025212,6.866594925454067
2013-09-19,1.4812066415252885,59.63514527259601,1017.6432056082666,4.9333993296940255,6.527508514888955
2013-09-20,-4.18063298602212,58.94340820513013,1018.5539886065174,4.953358539069276,5.558569219493022
2013-09-21,0.7608575098800126,60.91325131209818,1023.8326177629431,8.204483104627952,5.903907417592718
2013-09-22,0.12390659899590786,36.130655645267076,1006.9400995391509,7.88408107945644,3.1848911341720543
2013-09-23,1.8711635389014454,40.76760007846845,1003.5722475976953,9.75180932289045,2.5051281697435472
2013-09-24,0.4598883662312451,65.92972587735277,1009.9242261043626,0.2686907034387307,3.9677216208853876
2013-09-25,-2.845786489155128,71.79470730106807,1003.322476604529,7.715357549508168,2.2288927217403383
2013-09-26,3.6398309786809233,49.07521747534433,1018.6449820404749,6.804740136206538,0.19123327527389047
2013-09-27,-0.4443461320617934,57.781889544319554,1001.3824869982359,2.343042806740204,1.0664656897929423
2013-09-28,-0.06510935230529842,62.97974720517566,1036.330164182527,5.754763753996534,1.3456182870353706
2013-09-29,-2.7929980875299485,68.32867506035201,1025.9592786157375,8.153365243273996,2.081052280630455
2013-09-30,-1.3285966333955987,40.38752559998932,1013.1257576960031,2.5125232325438,4.083880712855175
2013-10-01,-2.654269238123554,52.46673214927801,1021.6739449299797,6.3276872870684215,2.4267968332518937
2013-10-02,-0.5153657094686328,56.93188905623557,996.6319813568921,7.614061027193053,1.4413340614724746
2013-10-03,5.1463752718317775,64.45821433644461,1038.2337333139956,1.7869413124055358,4.599375812468335
2013-10-04,-4.092234746127533,87.03042221027872,1007.0978538779951,4.573142922664556,5.043347358366001
2013-10-05,-4.800558790252556,60.120222127029095,1011.7950258610064,5.902905129927234,1.318620716962714
2013-10-06,4.474726040273138,43.69286235882355,994.4406671281156,2.611605483371136,3.686291772801616
2013-10-07,-0.5412396348648769,64.29330058944542,1017.8628730474089,2.362540402719362,2.256310343111808
2013-10-08,-1.8905513572487358,74.15523357403147,1001.936558429229,4.5948661944116775,4.815878259202899
2013-10-09,3.2707266358779346,59.44477789185604,1014.0165576156603,7.404919150711076,1.6311327993291425
2013-10-10,-1.6270882551203878,51.74705867601726,1007.5572556707547,6.931202003576329,1.5612852517253801
2013-10-11,5.710921889359424,66.72447847012047,1002.2225606506966,2.4157618124409734,5.060835642264412
2013-10-12,2.314180559943668,65.47836590501251,1004.9563849823738,6.956503655347058,1.8888850612230892
2013-10-13,-1.1314593470219578,50.30492123155474,1015.2578803408552,2.4921806715004746,7.5969950524853544
2013-10-14,6.860417812210201,60.384047269238316,1000.1850902713118,0.16949060601969634,1.1840105167452544
2013-10-15,-1.3681035967826207,70.65670747498004,1005.5118832897642,3.898569286858306,3.5928482768061816
2013-10-16,2.7401870512050954,70.44880689998638,1019.6327338126448,8.368908114757208,6.9993653462083305
2013-10-17,1.480930983134964,58.59504475533796,1039.024798748743,6.967881656424121,6.685741357770534
2013-10-18,4.561701469317807,54.138354803547905,1017.77588819553,4.995284577880417,0.9420503496546208
2013-10-19,5.418685845753253,69.563395297936,1003.8273835782271,3.749883549226827,2.267274245162618
2013-10-20,0.9120666357901579,47.44236165229607,1009.3288582992769,3.8307135916507065,2.32186741802244
2013-10-21,-1.3580944801669799,65.06484014929354,1013.3158900615258,5.326354717582388,1.5922438366614335
2013-10-22,2.372357996473472,45.11355472811897,1009.505750493643,1.7946875424625137,0.8394604798967817
2013-10-23,-0.9462713629442661,71.12689840406816,1022.0305816673693,3.9556779643961084,5.29544606197952
2013-10-24,7.225592426830348,53.80674863047321,1015.1747348301423,4.353291615920694,2.023794141176889
2013-10-25,1.6976861704682065,71.8369892712406,1022.0785238490987,0.9467766246455076,2.600241479352093
2013-10-26,0.2988281540241322,64.7647134865432,1009.8555620970237,2.484655247307275,2.81160293121969
2013-10-27,2.059577872811075,46.73800876297516,1026.2550021972127,6.231520374459144,4.757382696715776
2013-10-28,-2.421099065482321,75.45682685351359,1011.3351441571846,5.028535519822983,4.466235731181435
2013-10-29,-1.17585476468241,76.1003800466185,1003.2881013086201,4.073714626419851,5.166645138517821
2013-10-30,5.462866146669626,66.09143185265734,1034.7732038104223,2.2657176873861085,2.4288844205135995
2013-10-31,0.01747184214185582,52.37538542856687,994.7502225303888,9.730549476767651,0.6552403400473743
2013-11-01,-1.022192322182863,57.45095661751734,1005.6126127469507,2.4860623559620447,1.335562633633612
2013-11-02,3.862701884668944,59.52292123172312,1006.7297214816961,5.754778421785212,2.4759048833024595
2013-11-03,5.947836379471816,49.988977816949756,1038.0830627305656,3.536392735778614,0.6565175469602434
2013-11-04,4.689300536508082,74.57881545637801,1031.068588841465,5.108837877915006,4.0194999745862035
2013-11-05,5.665994757881231,58.61026733831975,1027.9392814364219,6.372829225821117,3.32160503982757
2013-11-06,0.5565288491812002,32.68825510433582,1009.6934133762367,0.8892302323763417,0.9203221804998902
2013-11-07,-1.2858483228456867,64.03648228898504,1037.2617800384178,4.980151267539536,1.7635408439516744
2013-11-08,7.639816104514799,52.69851797956947,1016.6835200384097,8.572185946939536,3.0458902843759605
2013-11-09,2.3275227174119513,58.086973080109544,1022.7726337030313,10.284505680476009,3.042381030044658
2013-11-10,2.706278547375786,54.96066706845511,1014.796953811062,4.609958080234607,0.5202222607756739
2013-11-11,7.609995298368736,64.26546651688251,1012.5053342867675,5.125043621650726,1.5478992700583796
2013-11-12,5.464108712753653,68.46482342915698,1010.4822132607362,11.633999085804598,3.924809186629988
2013-11-13,5.336407971785036,60.162327636694016,1010.9036000658084,8.404772844797595,1.9842882604954206
2013-11-14,10.640346460264567,51.286714898486125,1019.0849164867808,3.148146292234343,0.44456323379237694
2013-11-15,2.3945959746329457,58.38932996459182,1016.6719979877539,3.1430496473416314,0.9297575221300847
2013-11-16,7.291645478469006,56.55017342654178,1012.6852862979632,7.869648385361806,1.0022921075203612
2013-11-17,4.865247866336241,49.543075668183505,1028.0952399269886,1.9668886098628082,6.271467225451939
2013-11-18,5.689122554095586,62.94472520866455,983.3324693125927,8.263180254016559,3.8951876816577
2013-11-19,9.660886005603409,59.76998023580296,1018.098872479212,6.0028998912530245,2.4773027833423926
2013-11-20,6.794063853344143,72.00738047109466,1020.1773870665897,6.553162292081217,7.879580193361679
2013-11-21,7.083403723796236,69.01179594098663,1024.4696286825517,4.22979858955984,3.8316712112088993
2013-11-22,8.886820785316385,48.69984043144051,1012.3512855894664,3.1105255872607707,2.456650197173714
2013-11-23,4.7779887596444475,65.81398936526742,1015.0792006738395,9.385978492604961,2.2457868314745038
2013-11-24,3.56147069357152,48.70973082226952,1022.8594838331472,4.259788158339575,1.6492088607862239
2013-11-25,3.1535683161298813,65.38253685134356,1027.9116640428017,3.7671947702784148,1.8480024717853993
2013-11-26,0.6004038875052187,54.53365606864631,1009.9946401482123,4.759588796360572,1.4900167808109805
2013-11-27,12.882091692306663,43.32642192009082,1015.6697578312755,5.579066398153829,0.0
2013-11-28,3.620297329760462,60.990304762093814,1029.7857396434877,1.907524619841654,1.5873258998700372
2013-11-29,6.48500501875943,30.01182620907888,991.7597292412115,3.305385517379265,0.0
2013-11-30,6.539495942551675,39.22049628467188,1006.0998740018541,3.145903778281826,0.0
2013-12-01,8.515586841027641,53.96728774174335,1027.6583597860297,7.535840913820545,4.100195728794112
2013-12-02,10.266204035881067,55.691315648407894,1023.925378336083,2.342112296000332,1.518550071844837
2013-12-03,10.628166401536468,50.99272909764987,1018.224452109267,0.26730357327416154,3.662569937005286
2013-12-04,6.527327558187026,40.9419732337305,1008.5140312689088,0.9012836887184621,1.2313238331684522
2013-12-05,8.007000970384288,47.8175810934228,1004.1818150101458,0.5888595959728482,1.206538180711667
2013-12-06,9.589835812280144,59.117175366233866,1007.0878438075763,9.084614608544335,1.4524281550792844
2013-12-07,8.231606783359753,61.70201431460375,1028.480082208187,5.048619798452155,6.276300726778306
2013-12-08,14.037085634405866,52.81922600683765,1006.7155731084465,6.5037472604216084,0.3933726086162643
2013-12-09,10.927056711554656,66.10480945459256,1014.0142296423966,6.609463181363988,3.9458463855628585
2013-12-10,11.899491525503871,58.024224471840405,1005.4629235513826,5.168551755176961,2.7441269209096055
2013-12-11,11.925800312090537,46.56254330437261,1021.4277403009903,4.775656110046075,0.8196145066663993
2013-12-12,13.701376647070498,50.344291142348574,1007.6127371965356,8.133579289454422,0.5841476032250663
2013-12-13,10.969246306266779,40.48671527478806,1012.0240610984558,5.43798774293792,0.1753527393669363
2013-12-14,6.782267662923313,55.52747626462418,996.1661786695718,9.197292437790242,4.676308085085089
2013-12-15,12.119691492246346,65.06116044609021,996.8663176379506,6.8624898358695985,5.131258445126043
2013-12-16,9.21562989188169,62.245085901168835,1013.0767319332151,3.146611179556916,6.897909924747199
2013-12-17,9.834058464661481,69.10306402686048,999.7484284480224,3.5085979283901914,2.6460474699860126
2013-12-18,13.430269361202779,50.25601288140868,1034.0508663933451,2.817605580637162,1.0047218346534381
2013-12-19,15.638281716271619,65.64185708700677,992.3847688788775,8.652644065852147,1.6019931230187514
2013-12-20,12.240414082559527,51.94675069424054,1004.998247013359,3.7848471411633415,5.922329289671666
2013-12-21,13.357101875074724,68.03729988816158,1013.1670086726755,2.6045816096011025,2.602865328732476
2013-12-22,17.792012523941498,50.88542626360802,1009.3486706220422,5.95933412338046,1.1241216624487271
2013-12-23,13.663077956766728,60.2407747596594,1001.9585454333608,4.7084986808824905,5.791767806703617
2013-12-24,21.001928669050894,64.2501593085731,1003.4207216050473,5.883705537725492,2.9206384625089488
2013-12-25,15.1500034751831,50.4907219765964,1003.0934592250076,10.669441711681529,1.7192981890941408
2013-12-26,8.428239741470847,57.96977000470632,1010.1327830517994,7.739212417786579,1.1847117196201373
2013-12-27,16.227988461278787,64.77464002142364,1032.5192908951742,5.081031662905719,2.858405615907478
2013-12-28,15.369180146299522,50.9853782875496,1013.7793729655821,0.7747298473819741,5.105704201726274
2013-12-29,18.352934087907048,37.614610130984865,1024.8290048938752,3.500112508374093,0.39760371666102534
2013-12-30,16.761343711472346,73.04939869011292,1018.0697634582814,7.133138307635909,2.8939944029102525
2013-12-31,14.584632048048688,48.010039332604286,1024.1386239798221,1.4868768810145512,0.0
2014-01-01,11.585305633469424,55.79490769264071,985.0003569740642,11.422910888991062,1.39934619107537
2014-01-02,14.889254402483111,64.11543949326972,1009.9554197885177,5.043249687906646,3.1115713047267377
2014-01-03,13.222733645720906,47.30369413982753,1026.071354231507,5.146545179628455,0.0
2014-01-04,14.29046605262063,42.77608784146838,1007.2826417725066,3.0000644211260665,1.1597624404319924
2014-01-05,18.05520719432353,53.50976937058657,1030.624731648696,6.490213270327155,1.8331903905307974
2014-01-06,21.55623897476574,31.291116533493238,1027.8389015376777,1.525994580433304,1.1888450774614523
2014-01-07,17.987135262959235,48.127371599841176,1008.3086928387254,11.494677767304372,0.0
2014-01-08,13.47153239559342,55.714620445357355,1007.9683648095364,8.952053913956034,3.607435517283466
2014-01-09,18.64844031462464,47.97626087443604,1002.8639415764553,7.952889335591137,1.2692221375836876
2014-01-10,21.15929162265912,33.98584475681297,1006.704057681362,0.8287129826305719,0.0
2014-01-11,15.994051934690514,67.94475359469486,1000.6741093583108,5.616239811373252,8.521294769802077
2014-01-12,17.674515998010534,52.198123540486485,1017.28811180433,8.627259194042013,0.5688037848708951
2014-01-13,18.372887279250072,65.12507753799237,998.4395350665357,6.779316198073218,3.0713350345171926
2014-01-14,16.225396550842532,49.286939222774286,1019.0373301619022,1.9936726860986753,0.7029076561853381
2014-01-15,20.775140728274383,40.81230981895517,1019.2807869690025,3.049718734074034,0.5806083909304722
2014-01-16,18.716527917188237,53.333545243957474,996.3879559481608,3.6441915859820284,1.940508694744698
2014-01-17,20.58583382493022,47.549211824252694,1028.4981860632834,3.1896864965341774,0.0
2014-01-18,16.911341836438034,39.766714501867405,1018.1360929441522,9.586336507130923,1.1409792793168498
2014-01-19,18.506670024415236,65.44450757566734,1020.4969802144487,0.763039416469768,3.5573275061931855
2014-01-20,22.229987567395014,42.662303987362534,1005.4133479845723,6.967757418976509,2.20095530087133
2014-01-21,19.186642376370273,32.00401496385918,1019.2237911847312,1.1230898752146468,0.0
2014-01-22,25.72675969706031,60.418280691043165,1024.2639344972206,2.1162455376467966,1.747360531808826
2014-01-23,19.5860425368103,45.16399857346862,1012.0139160099533,1.0292001006061522,1.6166762046670602
2014-01-24,21.696374015345253,43.073574066171126,1033.0192245924836,3.3528367065234024,0.0
2014-01-25,24.05567653480402,30.31828586229825,1013.4406463491293,9.53219495461764,0.29574202363267
2014-01-26,17.23653668945737,68.79114652124122,1024.4078580045248,5.794472727394334,2.0007957028613794
2014-01-27,16.44101369016383,38.88468728282121,1015.9300880725865,1.4049153590027093,0.0
2014-01-28,17.37628511983248,51.89635224714026,1018.8552153285686,8.051443023137937,3.9404973216340005
2014-01-29,25.968759912018374,56.14182326939522,996.2866773236523,8.693912790706058,3.591202340023366
2014-01-30,20.751058814722317,53.84163992266981,1016.7105373821536,5.312139443117257,2.4540913421807913
2014-01-31,30.304662014786324,44.25112587268492,1005.6502489874273,11.104247474457772,3.5126192717571585
2014-02-01,21.15849131451109,32.4040957598703,1004.5360169422231,7.464692373873843,0.7111269953780597
2014-02-02,23.623731482665605,40.09088590099436,1030.4410318446598,7.047957521877764,0.4744249053522238
2014-02-03,27.912859555217924,47.92157360281626,1010.8622975193765,2.58986387850113,7.588151065713065
2014-02-04,29.518805008844133,37.36885679570797,1002.966981690245,6.8821954568640225,1.1108291678246642
2014-02-05,29.89651483171621,47.08533718412957,1009.4086837189112,5.65037383281348,1.5479627752421252
2014-02-06,27.545998996190878,53.04443459005598,999.9954977107809,6.559487008013081,1.3558839961210294
2014-02-07,27.19934062916128,56.025358543420374,1027.3388446819627,2.946243142576008,5.256547560291943
2014-02-08,26.10828207421656,34.684065384764885,1006.0431925583348,5.3842966530769605,0.0
2014-02-09,26.866567741852577,68.53317667886326,1018.2929993394367,2.549415499355126,1.871842383314285
2014-02-10,23.07588626653912,56.13685031227175,1026.5610671421032,1.4413962998980958,1.0518399952867152
2014-02-11,22.469922623367253,48.747897151625736,1007.9984731878527,7.994913705735151,0.10677335371830116
2014-02-12,25.106530910261327,58.34210037563574,1018.3202243227279,0.4928330549314479,1.6025776989455065
2014-02-13,24.79523764078022,71.25645889960963,1002.6991394509557,5.321559394347248,5.621651823464437
2014-02-14,24.132190757792877,33.54670361053487,1037.457695691137,5.999006388347119,0.463074826647506
2014-02-15,27.764011676596766,43.86536773678808,1022.3638013461663,5.979689047589165,0.0
2014-02-16,28.72057620015022,21.855395301191606,1011.0739356123919,4.15076277920525,0.2956446871595597
2014-02-17,26.29647600333532,48.778277324812585,1005.2716626911104,5.81363442583992,1.2810731904019586
2014-02-18,30.637171558614114,48.33535663994435,1011.8600344716037,6.4129012093554865,1.271346344167196
2014-02-19,22.94951978477792,48.13361895318344,1009.6001627764848,7.204894447255954,0.7125475820304905
2014-02-20,25.96024402541991,40.474542277306945,1032.529445539995,10.200324018152788,3.046739804931413
2014-02-21,24.553970804253215,27.227869435990144,1000.744652777851,5.702582454494616,0.0
2014-02-22,21.26457500013248,53.10304933405145,1014.3480142329021,5.192146535053106,0.5080454255320772
2014-02-23,26.77237426509205,61.168157706607225,1012.8166193336629,2.279813103949718,1.8379780225825146
2014-02-24,26.807843359960568,40.685893762685396,1011.8258969965513,6.307838971698011,1.5816041402837135
2014-02-25,31.862497529262605,48.46935052560014,1011.9138334506166,7.002149309421705,1.9903805234050738
2014-02-26,29.35999444915145,29.638559641223765,1011.8392918987952,4.4230904471551185,0.0
2014-02-27,24.53671561152956,52.30377283116036,1021.730660663321,6.633837512552111,0.46745860126323524
2014-02-28,33.30953407191548,39.41140998659569,1019.0898444649243,4.122451419351974,1.1038595128015418
2014-03-01,31.544560460713104,36.603540263614306,1017.1891161137279,7.012977956266772,0.9167050525476521
2014-03-02,29.758138431349803,37.51729437216379,982.6601063785473,7.737806942089231,0.0
2014-03-03,27.458923280614147,42.334422539362826,1015.9979487416316,7.695883600191456,2.933932654138945
2014-03-04,25.382694938980013,51.13298568743535,996.4436063982992,5.353532978423902,7.765466656943952
2014-03-05,27.26309986868007,33.246818053704786,1019.4632016313583,1.880095545148846,0.0
2014-03-06,31.76070890389621,40.148492232373364,1027.744973675705,3.1642608420745377,0.7359403464566375
2014-03-07,34.25896610984337,42.45579916508684,1003.7376088741145,6.785471971654186,0.0
2014-03-08,33.341650407596575,32.338782550883124,1010.3821927765729,12.346436917220682,0.7308034838459931
2014-03-09,27.3480210503907,64.29264149155482,1007.00644294947,3.9778376854037543,2.4990982047337305
2014-03-10,25.554272953820917,38.687908722476124,1025.354317757568,6.36751303516442,0.0
2014-03-11,29.43021717307749,38.59052227712635,1013.9502788527208,3.3318423275617897,1.6494957862222073
2014-03-12,23.792522772439877,38.32065911555508,1030.2832938056633,2.078098867252698,2.160369460110138
2014-03-13,30.153448953961483,62.90807639440043,1017.1375420294738,2.9710524092679123,1.5264983422818428
2014-03-14,28.8230399855313,51.11753229322917,1015.4245018063582,1.2474159301080148,0.19547279882875854
2014-03-15,27.945412893273858,36.66137349092665,1013.6820678260284,9.060305188723252,0.0
2014-03-16,24.632837556284127,58.74589681045762,1021.1799209925733,1.690390758743841,2.841537659595731
2014-03-17,31.026899384531973,46.49353725062279,995.6231380175466,4.208515308798102,2.803484212361341
2014-03-18,27.952856308786874,48.59610605672158,1013.8534395552051,1.4656163139498366,1.439202102057816
2014-03-19,26.101756320455443,43.50434975224775,1012.2995355627204,2.346859353913387,1.089004894257148
2014-03-20,21.0509384827399,41.98037088906032,1020.2541882715776,9.129567979216004,2.4154956335925624
2014-03-21,29.63705233892223,48.559134821084896,1011.1229839412596,5.603200970094176,1.361042884970133
2014-03-22,35.083862041290615,37.00719667939879,1002.6126556583733,2.1038115224548983,0.5898659906574859
2014-03-23,34.79401927955341,60.77054665597434,1013.073506749197,3.2314486025104676,2.52929371091101
2014-03-24,28.47769865655148,33.068239619293216,1002.1715947113165,2.703556338673743,2.555002876145683
2014-03-25,28.076696960183643,61.32321924845763,993.7473778741252,4.8693629837633585,1.6694319082411107
2014-03-26,31.31959137163435,43.22701582620482,1020.2712248148549,5.518675054363078,0.0
2014-03-27,26.943628624642812,49.51904302788965,1018.7906157269467,10.68672431968568,0.2257476240669562
2014-03-28,30.86525029608073,52.89895251825398,1017.6709094399357,0.748902297993121,3.7135758836761603
2014-03-29,32.274772152487536,37.56012097371187,1026.029284219458,4.895563055726143,0.0
2014-03-30,33.66954984024817,51.807708926862276,1006.3496810969607,4.0532969223964335,1.0358670185348857
2014-03-31,29.696065300258503,20.0,998.6888585722875,7.839645583150347,4.9636806927314625
2014-04-01,29.388839845511953,38.10568474502463,1012.2997022319196,6.06445435453518,4.0397801718764255
2014-04-02,27.364802119551385,37.07697086681365,1009.524997002941,6.771086624344837,5.857918969540389
2014-04-03,27.51255314819078,33.70866330218699,1004.5770428322993,6.035258558045248,0.0
2014-04-04,29.303759058070924,43.19857209017503,1012.2015084651221,2.2040266241493813,3.757297772575802
2014-04-05,31.07085393342942,48.32207271510224,1006.8839485379541,8.633796489479039,0.629314167186118
2014-04-06,32.6906374050123,50.68128128248691,994.6399471664317,7.395514713847007,0.09360322715796407
2014-04-07,27.517042814469427,48.650246164769364,1008.5882330920624,7.74658937517423,0.8578786360037767
2014-04-08,34.37691844588978,36.154606128119646,1001.6362483329614,8.792150511521495,0.03888288426983455
2014-04-09,29.053340156774112,49.16349429986462,1015.3164807161093,6.25302530195588,0.14542200711023617
2014-04-10,29.7660619704398,46.3598259632886,1006.4396524175935,9.442977212352478,1.1789682608797234
2014-04-11,27.547587212013987,55.58676807335317,1024.1163147414104,6.132918715359923,3.9823223510243952
2014-04-12,22.471177498880913,56.53377827987471,1029.0386606726786,4.342824235926174,1.6018861707014462
2014-04-13,32.3463415637655,44.131593357323545,1019.793813730119,4.980188268549906,0.28287963544172956
2014-04-14,31.850689950762824,35.10212496300602,997.4897381801668,4.928468695591651,0.0
2014-04-15,28.737790278081278,39.10160330263855,1028.0519599887905,3.441826033728371,4.04051469006204
2014-04-16,29.72003889703558,39.642086955101874,1028.7572045037377,9.895666545110663,0.0
2014-04-17,30.99987588157453,41.34739872005018,1013.1879051130794,5.888886096511003,0.31258860686020284
2014-04-18,24.69312968414982,50.33393943382262,1026.2292616033553,5.28421542749872,0.6480738791137416
2014-04-19,27.718056917417798,53.292715442571684,1007.4832486195332,6.1648227647793,4.814266193831334
2014-04-20,31.608217739048055,43.684704200322194,994.3375406515041,13.93956355021144,0.0
2014-04-21,25.378548881348564,47.471973438330444,1005.3971556137841,1.604827434201022,0.8073595520951533
2014-04-22,29.933893990931363,46.46611605453435,1030.2930086604476,2.464884464851173,0.6911134009177636
2014-04-23,24.891113551699476,42.39539009282686,998.0892007638853,0.8582869476590114,3.625107425894486
2014-04-24,30.26365078019698,35.61425203347195,1012.9952128193149,4.302202284693542,0.0
2014-04-25,28.656829943998456,28.11720605489367,1013.3414389334022,5.736555329982081,0.0
2014-04-26,23.81367400369672,41.141669417382914,1007.8702575603219,3.604032444976768,0.0
2014-04-27,32.04455509824178,48.709176983556986,1008.5647840016288,3.3808196055446897,6.028089832438334
2014-04-28,26.233814630629485,39.85397830428958,1013.722491342362,5.427214599884397,0.7833555287965259
2014-04-29,25.890102528399254,44.67687836154098,1007.3783765806527,3.4936765255109075,1.4360601601267433
2014-04-30,28.801890651295864,50.26336754847524,998.7794150283207,5.9305274815485145,1.1638586157967392
2014-05-01,31.521506828925972,49.4461415497637,1015.1503194294346,8.342703040227814,0.7825743439620774
2014-05-02,24.89966646381348,36.75483824643287,1023.7336658244498,7.0310914094024195,0.0
2014-05-03,27.99987209579132,55.970657516640756,1021.6957251865342,7.643040041495607,2.4496860387436783
2014-05-04,28.96518536128767,56.79090821291102,1004.9026453261018,8.257755234520157,6.8618926518097885
2014-05-05,29.61819901306899,33.89240192127991,1000.4877208462233,5.848484480356109,0.0
2014-05-06,27.92463764669032,37.7993124802433,1010.1581211784522,4.524076921870696,3.073777593563004
2014-05-07,26.146987254438773,58.83741320424253,1028.6779150979567,2.683240787350413,1.2059019860841291
2014-05-08,24.614428532868015,46.22425052101298,1019.4559807895954,3.826465509092837,5.1241114782611685
2014-05-09,27.20117460587836,24.20163322254231,1020.0396467679424,3.428943401969317,0.0
2014-05-10,23.5683307902239,34.21901955756119,1021.898569517855,7.195016979862735,0.0
2014-05-11,17.85920917002179,48.576699163264294,1017.2076656251859,6.040347663782589,1.1005968744654322
2014-05-12,27.768008604331143,34.48556919498841,1014.2060854761357,7.090273588142904,0.9819864973086423
2014-05-13,29.001806936238715,41.36485882551622,1019.6230689664797,1.5189894316995458,1.679943291257133
2014-05-14,19.029532856103422,50.809195708784074,1007.5383389578199,9.295248452723236,1.3871907648698392
2014-05-15,22.914171197167498,63.16546044176354,998.8553698863368,3.719058885479713,2.797664810404302
2014-05-16,27.62261648815502,43.2841525936446,1020.2299693462433,1.6999500737760123,0.0
2014-05-17,31.756240560742768,54.847297715356206,1025.3773810574924,3.682346705534562,1.2103937812952812
2014-05-18,25.46159952633089,61.55680185720226,1001.8176806064397,12.451297977762525,2.0050282562242163
2014-05-19,23.02759231846784,62.829300534286844,1021.219214824159,3.8368494005252973,2.9191143662803696
2014-05-20,24.472268639888483,50.61141161391144,1029.807657133882,4.024710585587224,1.6953888288172703
2014-05-21,28.95197461558083,25.89112121381984,1012.9775379824288,4.423685958110972,0.06416990259270383
2014-05-22,22.692928161174848,53.26178457345123,1004.8199781525825,4.554138849705634,2.850988135461562
2014-05-23,22.033866198986754,59.46706577864203,1014.2301867352676,2.655571802596237,1.4830164570383841
2014-05-24,22.781038432903816,47.79880972919392,1007.494660317993,5.429639249618392,2.720860976416618
2014-05-25,21.1643751235977,66.86365113895364,1006.832698900436,8.22678472459499,1.7259616473211539
2014-05-26,24.184789732371485,56.50594074848883,1017.3318406727154,5.942867946436121,3.1692965139744564
2014-05-27,28.480619393973548,51.44242407454107,996.962705249701,1.666504103300043,0.3595489214607118
2014-05-28,24.363076755500735,58.68226873430801,998.5607107750777,3.966962285198875,3.4842893460098465
2014-05-29,22.4215460717309,52.12292547674333,1013.1929088037394,3.345417799695111,1.7101117168673308
2014-05-30,22.08551691568237,24.029136548205276,1012.7769146108757,5.1588184047044034,0.0
2014-05-31,18.051363439147824,45.982928765722434,1016.4355457703994,8.99135501468695,1.9449627559655491
2014-06-01,25.167956533128113,59.38770200591448,1031.7522538848339,4.553351611937351,1.0128676819738867
2014-06-02,22.06057901559194,40.89379709122107,1014.0451403607582,4.735535393388828,0.0
2014-06-03,21.525952874336078,47.00229851046257,1018.9817215033479,10.332934456458288,1.6167490273099452
2014-06-04,31.417923106161464,33.842675307888555,1003.2446706438536,7.628617975014981,2.1417200029268457
2014-06-05,22.504040490354484,66.58720570684045,1020.6793766351653,6.722243846319605,2.6183683904022685
2014-06-06,19.11963194925776,67.25510859955128,1007.7360913488932,10.874394845905327,2.3243764723642437
2014-06-07,19.86126659361769,41.230677751783865,1013.7142083258109,6.469433764382039,0.5857481919860364
2014-06-08,24.349191277437264,49.29838436517221,1011.9115137493084,0.9595814259325675,1.8772293012337793
2014-06-09,21.005430709672765,42.69234416752314,1023.3297423491404,7.497997273641082,0.35904407990496157
2014-06-10,16.110872025994418,58.09401037731658,999.90023445625,0.22397462864404982,4.99584406201474
2014-06-11,22.941871493786614,53.625895025529985,990.1676136538496,6.356016105747344,1.8449073753006258
2014-06-12,17.936694976750974,59.14870822775717,1010.8656730291208,0.1412307223877196,0.9878328241130753
2014-06-13,25.31649894269004,50.660935005733855,1017.6853125690512,3.5994337688002416,0.570862242177084
2014-06-14,22.690836486246305,78.00864382076153,1014.522693758075,3.9086464111703867,3.9988926083385765
2014-06-15,17.861494441011985,40.79001512938662,1025.322042374139,2.6896426783047405,1.4718411068564459
2014-06-16,22.798031476125445,31.494950717572134,1017.3737267417966,3.9534440084264,0.0
2014-06-17,18.908899238796245,46.614648373587265,1007.3615166814014,8.097685161081657,7.142436935028218
2014-06-18,21.012906078825843,33.81366430498441,989.7457984586032,2.8581412635213397,0.0
2014-06-19,19.657012183480365,35.24687120819989,1010.6268776580478,6.635422638531622,0.04531430658701585
2014-06-20,15.411023381931026,42.28134176705481,1023.279590022578,2.1030510811780996,0.0
2014-06-21,15.765849288931049,42.8951863012182,1009.0795221733289,4.431501270823612,3.6132653369044685
2014-06-22,20.531987646821243,40.187825157088774,1013.2832026367777,5.971517798982351,2.129010155316284
2014-06-23,16.182661957478505,57.090858525714864,1017.213602543067,2.010414750144321,1.1440500783959648
2014-06-24,15.720277272062729,47.077970753115274,1002.8470762575018,1.06483870126793,5.1210003141137745
2014-06-25,13.80951736877737,51.30009556688652,1019.2323589663881,6.475634451736664,0.8891358073704481
2014-06-26,17.688848444038367,60.097903522990165,1029.371217900017,8.369241198021918,3.3663113750919074
2014-06-27,22.34837194623138,41.16258877907005,1011.2718664810659,4.762804941537883,2.534513711082571
2014-06-28,12.700600417724077,51.00424080409074,1001.709355781677,3.628061280329887,2.8016180930385386
2014-06-29,15.717991865086233,55.798603928386036,1012.3339897297802,5.46702616306516,5.571782257265022
2014-06-30,19.623938269653284,30.772352858971146,990.7561589139113,5.166439756296142,2.071480752739145
2014-07-01,14.890180779593186,28.705854520697585,1016.3690326397661,5.728707622133754,8.31756713418472
2014-07-02,16.22801043541888,55.347168070267784,1017.5227437764858,2.5847353009411425,0.9379981470170157
2014-07-03,11.425542812152374,59.2073713995928,1029.7563629384556,1.7926871265021105,1.6477386601365671
2014-07-04,15.63958779655499,72.82240745024662,1011.0600520743337,2.4643096836894385,4.304684982757699
2014-07-05,13.535368044499462,54.81326473641837,1017.0848533814647,5.452602885534688,3.1226931984128505
2014-07-06,16.79639279853764,59.79920077331213,1004.387118976141,5.557633650866799,2.5096578550165916
2014-07-07,17.144106907436264,49.473220110422126,1009.4357287947493,6.9085414660521085,0.10092938623099332
2014-07-08,21.093805819230425,52.42536930623565,997.748145633378,5.772745247631311,3.927740263063274
2014-07-09,14.807676857852018,69.26872998856933,1011.0521037871677,1.0977947888379926,8.40882734033108
2014-07-10,13.790400995948383,31.86487132076945,1009.9469084648143,9.34101385275518,0.0
2014-07-11,13.141047710654261,57.56563872038967,1015.991997660889,8.8157549102671,1.2658645116347844
2014-07-12,11.244002335684504,75.73386613293141,1006.7640311966736,1.2254081299192228,2.612392017972133
2014-07-13,13.06535818348143,56.28766310035271,1013.8334535097509,5.998115883122549,1.1705448020446172
2014-07-14,10.910982037985974,71.0502386133355,1009.6661994439233,3.2137268442709526,4.512428042200861
2014-07-15,12.050797875349662,47.68247956703075,1009.6850061170048,5.4165919676016445,4.619774491888725
2014-07-16,15.247459899609849,52.05579510855794,1013.8036232596303,8.15993083892561,0.40193683694859617
2014-07-17,8.025389913240968,56.32255206726539,1013.4052294231701,11.390312798962876,2.2438085859072983
2014-07-18,14.216175555398896,30.716001428712847,1020.6117403905164,7.253833115427831,0.4499737818088261
2014-07-19,14.500652912917245,41.067895265039375,1011.7935696587017,5.884804205330408,0.0
2014-07-20,9.949188804989364,44.05665480366546,1009.5011465087699,3.9805364950751088,1.0931267906997912
2014-07-21,3.693308069606264,66.37400674552214,1011.1919255491277,5.54640461303353,4.14967697262133
2014-07-22,7.992349348655704,64.7253563825127,1005.8533588315901,9.07931567998494,5.109390391675381
2014-07-23,13.465277678736815,56.507725587696925,1009.4008890643332,4.865873729721244,1.8555576484028875
2014-07-24,9.265776335043885,63.60814080103512,1033.3115871307323,2.341662045957049,4.11633360076691
2014-07-25,6.098239153268271,55.309386296148126,1003.8732123930413,0.14093040345012042,1.2493892212320472
2014-07-26,7.345335854081032,68.34664876835492,1010.2134366612069,6.5391436022307525,2.3138377388812557
2014-07-27,11.14685497997035,54.51445693633554,1009.1251133673031,5.741864376883218,0.8662660045695313
2014-07-28,10.032418939346709,55.56243100459421,1010.528283877556,3.06227548021311,1.4452976914103308
2014-07-29,7.444603299864033,53.621772017443874,1009.687606911216,8.078042377121893,0.4352555632194538
2014-07-30,6.832134149447978,63.42843770164029,1015.79240101221,3.7346694068371087,2.008179879039828
2014-07-31,6.530634946238182,52.52269436075178,995.8982489860821,4.596067724525614,2.364656044898283
2014-08-01,4.714142244817859,67.40724264957174,1023.3717147253201,4.9500076001061695,3.828512565290385
2014-08-02,12.105191203170536,42.625912991254665,1019.3258279964219,3.9471417735857357,0.0
2014-08-03,6.072087869936984,45.974793517749575,1000.5712841393687,5.707595197248713,0.27519323514358995
2014-08-04,10.472868984366729,61.63783305908168,990.309227270476,8.454545437799004,2.8496671303775445
2014-08-05,11.17010921961471,53.529503244362516,1003.229278538586,1.5725543056447315,1.1200213940600565
2014-08-06,9.388348675879016,50.76691150052921,1010.5733353857288,6.4655604154220265,1.159219658987601
2014-08-07,4.888360277458754,66.45639718602521,1038.8029189869078,5.516476008819323,4.140867513898488
2014-08-08,7.1868293226359885,50.333971197821164,1018.4325696497427,5.461291488634119,0.052017187058885646
2014-08-09,5.6981441813773355,55.148915366307634,994.9241035081855,7.615533709622272,1.1619067437640065
2014-08-10,2.857452198872098,72.56355340127554,1006.1034449509906,5.1478922756514764,2.5635255885272508
2014-08-11,6.342257146616355,72.22029488479832,1012.4678756372701,6.440687785717109,2.4950650296296453
2014-08-12,1.635535268384317,74.90621446851111,1015.536835542981,7.147593888713441,8.880950612094038
2014-08-13,8.542080202181692,52.90770212957004,999.8525113968958,3.4869043988581803,1.2357767755055686
2014-08-14,3.394546965949582,70.60975556686991,1011.6500977202294,5.897550382441395,3.558669938960863
2014-08-15,5.204260564313861,47.90834144015629,1005.8236086238946,4.247637178368104,2.438013337612078
2014-08-16,5.266109463030766,48.297916521264,1001.9624143739768,4.601954660840313,0.0
2014-08-17,3.458131373748346,34.76637578688222,1015.5959564669895,4.033815810565004,0.0
2014-08-18,5.816718093128509,73.82032297242104,1020.7387717344283,6.413241212290659,5.951375043841885
2014-08-19,2.4569588674034906,50.131722075537475,1021.4104127696162,5.244934127054761,3.9740393589299097
2014-08-20,6.3238894793916085,55.57272946283359,1018.7438635113388,6.183632102950023,1.4907338761287834
2014-08-21,-0.49626823259838826,51.14489069701635,1008.0263046685974,4.9474479113127545,1.054053496107447
2014-08-22,3.7558781181336274,65.0737134242346,1020.145497614635,0.18763696258902485,4.33591044567398
2014-08-23,9.032039170994139,51.72764380732953,1016.0905443810428,5.094105248299125,0.872078567818305
2014-08-24,0.05626306944404469,46.923699560948485,1014.3394188295201,5.190613865470451,0.0
2014-08-25,0.8695658936112753,63.981842695054965,1006.883068782982,5.727787811460381,1.9937445772591893
2014-08-26,4.293652777288009,43.51587336325372,1008.0312387265847,3.218812418942774,0.33149307496262737
2014-08-27,3.1434323649601525,50.05422656436501,1013.7388693612455,1.4135908500034642,0.1126561333097419
2014-08-28,3.51300810654113,37.17460480046862,1037.398744669855,6.8738199346828335,0.020243899903763962
2014-08-29,3.7888255301470393,43.866006112950416,1016.0124248009139,4.179180330397493,2.080805698623047
2014-08-30,4.089331859437906,59.740625767485824,1006.8881149774971,5.5137321430549875,2.416107373658667
2014-08-31,5.381967605119997,37.66365581641075,1004.6761055503056,4.155619760335113,0.0
2014-09-01,3.1538611901457125,43.61161215870999,1008.082333873438,4.981814522679215,0.5213326754489568
2014-09-02,1.076043976541338,59.43828885040125,1034.7729344754907,3.6521439561925755,3.4120374012697443
2014-09-03,3.6968612641657987,52.71550040698657,1009.0074335405404,2.0957492325385156,0.39125527020898343
2014-09-04,7.262056443662013,76.28933813776209,1022.0687053461029,6.4211949823059715,2.752359519395951
2014-09-05,1.0517617259820171,77.81308459725275,1009.2407175452864,3.19063973532164,3.7072895072231753
2014-09-06,-1.5826573654251677,52.112104055201044,1015.6118454127962,5.491854442684432,0.6449468805236721
2014-09-07,4.557487616970018,63.29263237554981,1020.9174527400872,6.231380665706234,6.7892657207650435
2014-09-08,0.7744956752428049,67.10557773117311,1007.2809715019008,3.239561853190755,3.45196727741431
2014-09-09,-5.478867603611798,56.76464522156187,1006.5888834584723,1.3883430968810453,1.3539252089454246
2014-09-10,3.4890448370197915,43.30006221650807,1029.5886969445532,12.278256841559159,1.7700529385536052
2014-09-11,-0.7474017087180775,60.250716361278464,1022.845928948958,3.4166843721637217,1.9648518718544914
2014-09-12,0.5029764529049434,58.02005502540642,1020.9067231869072,6.870251475803475,1.0853991106390406
2014-09-13,1.690726042250362,54.796992009168626,1020.8727629312291,10.818390648710372,1.0213025172610357
2014-09-14,1.1907317845277523,63.827802789380975,1017.5957548831107,7.3697232405616795,3.4414040008734403
2014-09-15,2.6762972229548887,51.15455531846657,1033.1777581317506,4.098671573517345,0.22199572262606132
2014-09-16,-0.8255258570704929,48.89278745274382,1013.4390830187716,4.798650837394666,0.5260810704071274
2014-09-17,1.9575444450923307,60.11205748095216,1018.7726236720092,2.502178340783455,1.478380236842705
2014-09-18,-0.41879829223727394,64.0691000718074,998.4908707140598,7.6450892808732265,1.8560369016510347
2014-09-19,2.522226067980158,46.97243752700939,1004.7503931340876,6.698812124176065,1.993452346294364
2014-09-20,2.1022041723394267,68.2298040237411,1000.9918100016496,3.4567225452147703,5.318277063141304
2014-09-21,-2.5955383555912404,43.59295780003484,1025.7406358351616,1.8734755787046664,1.8759187023557438
2014-09-22,3.4277824950399913,52.504974165323574,987.4745984797925,1.036298787008925,2.3258769752667177
2014-09-23,-1.4746012952439638,58.15721528564589,1008.9768997724727,7.959542011412602,5.780383990249803
2014-09-24,2.5253206558322208,52.375102545564594,983.0629339733938,5.361119386866682,0.357843516378655
2014-09-25,1.1752822736935606,53.7617541276413,1004.6871210451811,5.644953608998255,0.7427788931406732
2014-09-26,5.564667504072817,75.92841107104474,1008.0905105026814,2.531154122412928,3.663101154086916
2014-09-27,-0.6391553600964398,51.81073678965923,1026.8487109379405,0.6094906900867816,1.1129427765661268
2014-09-28,-1.0311461221300953,84.92779028578418,1016.9662793922146,7.887840724134898,4.57552602871158
2014-09-29,-0.051453027973557976,64.39699431129729,1004.6685847667103,5.126117110991692,1.9021892515027035
2014-09-30,-0.9082892283238939,61.37469598728187,1023.6596371973183,7.721703980172861,1.461339129814728
2014-10-01,2.399964609783299,63.56242122898501,1013.1783225452975,3.8422006204533075,2.779651738907189
2014-10-02,-4.845459355008128,87.72200717002359,1013.3756685870725,4.289546470889425,9.035838571276058
2014-10-03,-3.149797426034315,51.63896867370268,1000.9732849222801,7.1398945298618965,1.158957211128489
2014-10-04,-3.1799400820710435,50.38579085167163,1003.0998628609686,7.197044238951574,0.12722116601141412
2014-10-05,2.8910481792983944,51.00581394463159,1004.7490270005447,7.392696868057863,2.550071128857872
2014-10-06,5.193055175538088,57.724903881876564,1013.4646127315419,4.114396240691912,1.4605858403062681
2014-10-07,-0.22661625902169302,42.85559688138511,1013.7788572698067,6.8436417129526035,0.0
2014-10-08,-0.38979831083901806,60.41829154860559,1028.4409266352404,8.327298396430155,1.825717022113126
2014-10-09,0.36116906302924934,76.7548868026221,1016.8505516793783,4.685683964955397,5.248861170064339
2014-10-10,3.6753932719147757,59.67637727029039,985.9243430632789,3.4595349086778393,4.384159492339505
2014-10-11,-2.5491666538531064,58.34772873717378,1015.6264198787169,9.028242809950298,2.608508923051985
2014-10-12,0.9955098941302162,53.32064056609862,998.4998364383247,3.036662799346079,1.1106927904027617
2014-10-13,3.2578677667624394,67.35618316213443,1003.3402907538847,6.88842949134343,2.479132342541609
2014-10-14,1.8917756822332266,50.795784426502905,1004.8783052827367,4.824733068440416,0.3450609378911338
2014-10-15,1.0177860220236246,77.95506619498067,1006.366616764877,0.5246968494536812,8.210638703206337
2014-10-16,3.517039212878598,77.57507787070426,999.248506079597,8.38578220243574,4.7905002297565895
2014-10-17,-7.526643637082223,66.33082980515898,1015.0348200345229,3.2735608886421037,1.687773205941403
2014-10-18,2.6901035597141356,58.539797339376484,998.8919771490904,0.9523842002728262,3.0255718422292954
2014-10-19,-1.2280747938095762,70.92063547932038,1016.5666760724985,6.581990238442015,3.2774130593812334
2014-10-20,-4.6758445019765125,73.28590727326151,1035.3697107706164,6.581213596034346,9.519949219117349
2014-10-21,2.4357669294465127,50.72219922468258,999.7064094106594,3.087260426367393,3.4914970576241626
2014-10-22,5.113417203144996,52.17774006706048,1010.1548969566078,5.443466270909735,0.5936061699149386
2014-10-23,0.6745292024289764,46.439261051952556,987.7654263748753,2.5942901373340144,2.190651320604159
2014-10-24,4.044054325859295,62.06862222041092,1009.9906470702987,7.120926393411798,2.536238260591672
2014-10-25,6.12491495118593,63.60382135897594,1019.4271715263149,5.749176461160791,1.7745415815914325
2014-10-26,5.3395361687126,43.83097553703097,1020.2063923135727,4.863071439998614,1.782660137901697
2014-10-27,6.4254305433305285,52.23529568017314,1013.7736373028409,5.062524446413316,1.808967771667069
2014-10-28,3.846662276322445,44.60412968602529,1021.8926342475897,6.479762528579096,0.0
2014-10-29,1.9652882675543233,50.02935776378446,1038.460545359428,4.913295429506417,2.0831770240465683
2014-10-30,-2.944273012855156,66.98230710869056,1030.123046874376,0.6221665081936605,3.7138758224395945
2014-10-31,1.2499672146661975,52.040195725884104,1007.7747907059037,11.588996703567569,0.5151883625868668
2014-11-01,-0.41119916008561974,57.19734001971982,998.4889601353326,8.602402458285354,1.5781875707952466
2014-11-02,8.765571779580526,39.34409683073658,1008.938485834262,1.1451660141355156,0.6977002889245969
2014-11-03,1.8630664781858153,60.93836885815374,1003.5301723438265,3.964588308570229,1.392654466153246
2014-11-04,2.902055024866339,58.10623928912034,1017.5134754786463,4.291897429531877,4.641509283117538
2014-11-05,4.332307828585185,50.544253585375785,1001.188064605705,8.23654869952689,0.11016706914196356
2014-11-06,2.957721454006944,56.63099629617179,1012.2717756740966,1.477806805959304,0.8801359878834498
2014-11-07,8.064736798672104,57.7705804056984,1021.3801405453631,3.5029752067106323,1.0238963880130962
2014-11-08,1.2678670634449831,51.21738497918407,1011.9930412718282,0.2819093300125113,1.6237450598541445
2014-11-09,3.879384599650087,43.29768226015717,1003.536861772522,4.144713452514985,1.2655364326217484
2014-11-10,1.2313658396467835,77.44006140704477,1024.748140575857,3.582497320745287,3.7781657432280653
2014-11-11,-0.33465466084055606,53.83460028331755,994.2101905524618,5.239082202148136,1.0646887525841586
2014-11-12,1.9601114118358174,58.0523432622132,1009.7220494412254,3.18537680297245,4.1195240972234535
2014-11-13,3.857634264394977,68.17958021800565,1012.5833997661866,2.7469298258284276,1.959416743553268
2014-11-14,2.857432752009534,93.86183549970008,1013.1590865839963,6.858970075289443,5.044002573646272
2014-11-15,2.247887726151807,46.43119163803544,1014.8049605607808,6.364018222827742,0.0
2014-11-16,0.2891727032097924,64.3536857856602,1019.1043981980949,6.654195028334726,1.4633435897726264
2014-11-17,4.444891773758903,50.70203126017949,1012.6459256095465,4.4692997285274725,0.9421957425892024
2014-11-18,0.36918459541280857,54.42750465652649,1009.3194171785632,3.284784253324432,0.8761384110300698
2014-11-19,7.355648617434622,49.12005548121479,1008.924106553403,4.643442553937688,0.536954931431313
2014-11-20,5.517875843278783,45.98451240035476,1006.8848419796165,6.503486210205356,3.0385998539523253
2014-11-21,1.0958609882525456,59.03915588802712,1020.8754332432686,1.530339102915545,1.2597304466144914
2014-11-22,4.7416715422373885,42.88413735839895,1006.5347152052349,6.182335791112574,2.318791846668938
2014-11-23,3.616377731501354,67.65988679936802,1021.4677110900824,5.927414562004394,4.014160424560943
2014-11-24,7.03662322684608,57.03171774691071,1013.1899908225987,5.186452718257181,1.4935445810250803
2014-11-25,10.309347236262415,59.069676110883194,1007.7874519314387,4.552059734384975,2.488735253545639
2014-11-26,0.8739562466959905,54.90113575718977,1019.1840721574414,2.698358157797241,1.6656551009644387
2014-11-27,7.058548539927948,52.798686387918536,1005.7254607527689,3.6804402106987824,0.5547072414418479
2014-11-28,6.44952404022559,59.65087703156049,1019.3818404072821,10.36831613323212,5.719388664615561
2014-11-29,9.162786118868143,43.77810061650767,1015.1272612119178,5.038703886704917,1.0639740961615751
2014-11-30,8.009525726931505,52.41533279240089,1007.0367531090808,4.078130483975846,4.486065121768919
2014-12-01,5.337458752383882,48.73513548502352,1018.2863481533456,5.050718586770338,3.3460856307454567
2014-12-02,6.861830591263321,47.66339659845819,1018.4658972568864,6.064318605884026,0.0
2014-12-03,5.658668366046764,36.0722834107202,1024.5751960580997,6.976460734068393,0.0
2014-12-04,11.504581289689636,67.64097524995518,1022.661470124093,4.313359510526174,2.078016032231803
2014-12-05,8.57230105775935,48.848461939582634,1017.9127402072628,6.274758807181051,3.437951942976911
2014-12-06,14.445668018074267,64.41092654259836,1001.7240904879123,10.029952408284078,5.408579186179001
2014-12-07,8.795697720466531,66.29007435370966,1037.4858698817407,8.018752398298146,3.13043930465639
2014-12-08,7.0898286056145,43.59508863202781,998.9638378892819,12.020900647570938,0.0
2014-12-09,4.912988678801421,46.65939330387083,1022.492631742823,3.0296889249448506,0.0
2014-12-10,4.285439138586583,83.46231002426354,1017.312838168863,10.028568522506045,6.705402608519885
2014-12-11,5.184748677071829,74.91688508073553,1001.2585762751888,2.6279790802322163,7.787202454930258
2014-12-12,10.982335027648974,54.19364735289447,1011.756990611215,6.06069844022139,0.8643414800477083
2014-12-13,11.95235669984546,56.59755271425076,1012.2124711375536,7.197429587714298,0.6821553987869216
2014-12-14,5.929191400694452,50.72694027018089,1026.0558271581053,3.4676684242865825,0.8764956779048061
2014-12-15,13.605742579216766,57.520655852395016,1005.8668909971979,5.263892832422827,0.8140139347317583
2014-12-16,9.720517418206859,47.96792228367186,1010.3805499357564,7.731383307355523,3.3170221804596594
2014-12-17,11.860287545867399,33.74631858408246,989.6393039497874,2.869187305064276,0.0
2014-12-18,16.507839189703773,38.5305225400376,1030.3476279312358,10.008150378642942,0.906719218086232
2014-12-19,14.613950449567309,52.90395225372222,1002.2953175697993,0.8462101258179535,1.3507005325896069
2014-12-20,11.371007408633846,43.0038239406572,1016.2691086423918,10.819074328185152,0.14817284338048764
2014-12-21,9.757026161031972,54.448712270348665,1011.9859217027814,8.003978404398776,0.947444003721428
2014-12-22,6.2299214860478695,46.13842886264743,1012.0199903321666,4.730823271016664,2.557831039661178
2014-12-23,10.783358460573762,46.78478154469318,1021.0986198487087,3.7919953662898056,2.056959103873858
2014-12-24,12.563488610026626,62.249908759118604,1029.7126246030364,3.478915211626929,2.1198444561132015
2014-12-25,10.491935956834915,57.22883749798359,1015.5149366994199,4.592613079228956,1.4974941564212694
2014-12-26,13.316757117661385,53.244977228035836,1019.5507801763052,4.854512415353521,0.3269850261294269
2014-12-27,14.198519246841496,61.69038010728576,1016.2889153672704,8.765678739903745,1.3003608575384016
2014-12-28,13.551137046226952,58.03051741036,1023.1753142393063,10.905962301153751,2.755427953426456
2014-12-29,12.533668083188433,68.19879887091946,1008.3708362051367,5.598139761962023,3.265473979157288
2014-12-30,15.247763673562654,47.777525540067266,1023.7539055441641,2.463114536031787,0.9189151496783051
2014-12-31,16.325821948708235,47.5407392403708,1024.1049986564738,3.362821878091418,3.268815989536354
2015-01-01,11.987003110008983,40.995405781082056,1023.8253700868291,4.450727646166147,0.5014888586199169
2015-01-02,19.749121313579998,45.835632169485805,1006.3985213266352,1.9096336841096733,0.5541830272569724
2015-01-03,15.478530611496021,61.908433637276445,1011.316623657628,1.4631757936778635,1.5425436808554647
2015-01-04,16.08858527086934,64.95558108718667,1015.3946698878043,11.29138163711908,4.932814147687353
2015-01-05,18.41411525083137,60.39599405545099,999.2915795517099,5.907840577838762,2.7568143871220627
2015-01-06,17.246173855502025,33.434994406754626,1028.9492020808602,2.5006005989589597,0.0
2015-01-07,19.662530575230026,61.000186838992335,1012.8772346649782,7.4498107110731375,3.193377949913656
2015-01-08,17.920554077304445,32.65453672862707,1015.8392788760472,1.464961625579463,0.0
2015-01-09,15.477320186042904,61.24251314820202,1007.229955602728,1.7119638563868396,4.4603590463955705
2015-01-10,18.65390773834047,46.99520086511921,999.7312244063298,2.5908727968072647,4.724024729873242
2015-01-11,14.392222025686676,59.82922212649522,1006.9597011452523,9.9635398425951,2.8178340994697963
2015-01-12,18.40224661535886,37.47439321337491,1015.1920418763359,4.241359802664878,1.3780885953325983
2015-01-13,18.229132723129098,62.59710996549692,1019.734288127537,2.3251209607074603,1.3762214099019654
2015-01-14,17.955740918271633,36.372382079815296,1014.6179154060272,8.63019779952678,0.2803608084204927
2015-01-15,18.444686892426013,44.09310744525522,1016.4672401624196,4.080855907512928,2.2250821423167126
2015-01-16,13.433825226518666,43.30214110905032,1009.6297362531863,0.5482240176352171,0.7035988244783372
2015-01-17,17.68106176998625,33.61662058678188,1017.9624856624542,4.049949536109771,0.16225121667726228
2015-01-18,19.85235307326768,51.01909913925084,1027.828328663859,6.56301168981471,4.686153673202144
2015-01-19,20.298614101377666,67.91158412768078,1020.0478944243898,6.212147499598908,2.232700079719714
2015-01-20,16.979818071133828,78.17914318763317,1021.0954188825294,10.395244937494457,3.0247424912410823
2015-01-21,24.102265355239677,48.920425193242636,1015.9401639930663,2.4416964122902085,2.238565141628913
2015-01-22,17.947343598716593,62.19314095131692,997.968449304004,5.140160360794917,4.680818634004757
2015-01-23,23.69332269523432,50.47428503166822,1002.5533346936876,2.9012921642647345,3.8482150233559325
2015-01-24,22.303902923704648,53.83688048582981,1017.5487580066384,0.3734213174383312,2.43614756942223
2015-01-25,19.319222109653342,46.91890243390094,1012.8906094803991,7.656582116917864,3.2739707173149375
2015-01-26,26.817566566085002,48.54198597118352,1017.3984288647283,6.38980870744256,2.2665771530532424
2015-01-27,18.14252963083672,56.303522230645925,1029.7642341784408,5.851035349096558,0.813216854953374
2015-01-28,24.71071658437277,41.860044419050304,1020.2603599922934,6.2803705797759335,2.0573392984274412
2015-01-29,25.182754555865763,46.63367972313724,1025.5888620574283,2.94358144193474,0.05870872639242686
2015-01-30,20.394772625169722,49.21831249744026,1013.9468138947072,1.98291473804542,0.4618020035024446
2015-01-31,26.807460057974556,54.86030314431797,1004.9278432251556,5.112942116508081,1.4899293376141014
2015-02-01,22.101094566686395,38.289131000379996,1012.4213384078566,8.483634207234843,0.0
2015-02-02,23.936158460914065,47.51649868346645,1004.9524818628087,9.824231406360642,0.5278387935463582
2015-02-03,24.06749521382796,67.086307083613,1028.5829495677244,7.386298120422299,2.0795063811577412
2015-02-04,23.09760011995512,60.091801465881815,1020.9039107653547,5.087523280304288,1.7050949572852776
2015-02-05,26.144428921286362,60.41957602824387,1018.2051249662828,5.809351788199808,1.081674544085965
2015-02-06,26.30136646606809,47.093635168746296,1025.359432022281,5.034781577976115,0.9901350430755897
2015-02-07,18.88155713201235,53.769197070854055,992.7994358547677,1.9221699809017156,3.3040564933216343
2015-02-08,28.24372195524747,55.90050068940552,1018.8813795134266,5.073942134631629,4.554641534830951
2015-02-09,19.54400854924564,65.8305510206865,999.8935421569563,0.9955195472345206,5.01741940208648
2015-02-10,27.827082028549693,26.570429856896286,1012.9274430153434,4.627768321690882,0.0
2015-02-11,28.304634684116927,32.693269587443076,1009.8829240753279,9.908315331788957,0.891155216083932
2015-02-12,21.843754991848588,62.17256351810219,1019.6173661209695,7.468577668350055,1.8963042961426038
2015-02-13,24.07334864449125,45.19443212006634,1015.2818728896095,2.230642447290411,0.0
2015-02-14,22.174760900316898,42.19541165726078,1026.4511717361179,4.78271279107315,1.47338893063923
2015-02-15,25.030086243360415,34.94334700836375,1006.9810283906738,2.496871064735786,0.5871116944891317
2015-02-16,24.930557721881463,41.98455412361818,1020.0911438963328,4.81245869546837,2.4336919278094773
2015-02-17,28.370236941267798,31.791188695127857,1014.6222321689884,8.12332344957369,0.09389755872301819
2015-02-18,30.135507553807155,65.8431889504212,996.6470972992845,6.9590238149297114,1.925638436029013
2015-02-19,30.561638559548307,44.494820200420115,1003.8138354147696,12.452432242236007,3.2863380413766654
2015-02-20,24.85471832352416,46.99313542061074,1011.5012196647783,8.577432207522715,1.6730231519797971
2015-02-21,26.07677214482805,52.84238067926429,1024.1229244989172,5.6120011432330745,3.5806963735385113
2015-02-22,21.81387027468881,58.71651655532129,1017.6372305755712,7.031449922399879,3.8470404076132105
2015-02-23,24.602806123131582,57.1574785039806,1001.3249917611929,4.392670477449993,1.4230055612878414
2015-02-24,30.06764078440279,55.702399046874326,1011.5968377195284,1.6174872587405114,0.7251966802415197
2015-02-25,32.16889677018091,37.607096107000984,1033.1780644879302,8.917329734862562,0.0
2015-02-26,23.76451277984735,45.13907556050771,1014.1122333484086,8.026974430794944,0.0
2015-02-27,25.83188330705849,54.77437490089351,1009.7267442492761,4.276837356218107,1.0353114869448938
2015-02-28,27.668039102036133,40.89208983258573,1017.9173964075623,5.821807210794015,0.3198496897823073
2015-03-01,28.721942850595866,45.58796225442982,1020.6339307958197,8.722817562154418,4.305038927678349
2015-03-02,25.583034761179018,51.196120263658635,1008.4383165251994,7.53905427861806,4.231355139224142
2015-03-03,29.41055871055591,53.14657146782581,1018.0257477437144,0.6106962462509031,2.850612101212779
2015-03-04,26.839494607937702,28.80344307232914,1009.7111050332919,5.730860064469473,0.0
2015-03-05,28.33636338425839,52.97927480676026,1020.1932760182943,4.497105423534908,1.1331725061930098
2015-03-06,30.13331578879475,42.596101527085374,1014.6969315797128,8.339002097416042,1.5532105080443084
2015-03-07,28.624474001472354,52.76234010790763,1017.8196782705289,8.093128216347985,0.5525269693977443
2015-03-08,27.4027621512003,54.067935847948135,1005.408164538325,8.955823484534134,3.636577602984834
2015-03-09,28.48573990397203,61.836280659205556,1004.7871361592714,1.6463169838393772,6.103830123528408
2015-03-10,28.648036376071946,59.21051828817606,1022.454973046594,2.6476653978312834,1.7952867695643908
2015-03-11,27.897525342697495,59.516953954754214,1012.2060361861451,8.342247308406316,3.398979097238329
2015-03-12,28.321452681127127,60.27597685109882,1015.8503474209937,3.225062553972663,1.348414431497523
2015-03-13,33.979887322921286,45.92384618669882,1009.9360457291348,0.4357010572570772,1.9400249439228887
2015-03-14,30.948606088251022,44.84754782624288,1021.9872677401364,6.597789462842195,0.0
2015-03-15,28.457081444791104,54.499630109387795,1006.9219001997034,3.358344679202082,0.7768170044146724
2015-03-16,31.50780997161672,51.56690452852186,1011.6439876009912,10.369372310925202,2.6316217223358715
2015-03-17,28.484640595554794,42.667017334840004,1020.8599281270314,5.888553661965391,1.755251482629947
2015-03-18,33.07033274053253,47.51306771781641,1024.7296769916427,5.480777859924997,1.8010791974883675
2015-03-19,30.72043340418059,44.28881863006376,1007.7624070897332,3.892268325152729,0.7266220401800264
2015-03-20,29.345818690572166,36.787761570113354,1032.596839819559,9.772506001780915,0.9260708374868301
2015-03-21,31.06274783150497,57.37323349801102,1016.1324169369361,6.075663379669463,3.7100018386700966
2015-03-22,25.054478795075884,48.024753027762955,1002.5707173819126,3.7745014455313806,6.593800299835076
2015-03-23,26.42993922918038,67.27211296239832,1016.6905204858997,2.617748880183659,6.117203987493502
2015-03-24,26.267212407113128,30.611471094445108,1009.1700078551654,4.779580836307346,1.2260984989299477
2015-03-25,30.312162425560103,39.276131058786284,1017.3406848718317,2.067059488535583,1.3009106880294852
2015-03-26,35.11081360186456,42.77098156597644,1012.5714375233966,8.086632325036833,0.9844604156215012
2015-03-27,36.63268538078558,53.057468285896356,1013.7427369019015,0.4250261620727027,0.5627977399155745
2015-03-28,31.874027900944608,48.057679775549545,1003.8840662341386,4.5814579150007875,0.1677492842690382
2015-03-29,31.479064742166834,47.3651951707241,1022.9006123071636,6.830400635263803,3.1692250175991186
2015-03-30,24.585576966137037,36.434573591390006,1001.4387263284897,6.026358260328971,1.8957397589522373
2015-03-31,28.368506130496296,34.24633296245714,1001.91235104595,2.8481510809529933,0.330848384734338
2015-04-01,27.636509840318134,49.406791682739986,1016.6736034914749,6.980776120119648,1.0961780595436486
2015-04-02,28.13620708506772,32.29083651928255,1029.0284424717797,2.3418818348422774,0.0
2015-04-03,29.488762754555992,39.93684111982872,1009.474069029356,4.93284603050957,0.0
2015-04-04,28.56692400068412,50.725711290516514,1020.0097232270397,6.955524715941067,1.1642324128679629
2015-04-05,24.030857981853522,38.161328286305476,1023.7334017686354,6.38873833847934,0.14648214361090384
2015-04-06,32.19361429466515,59.95675247628549,1021.1468443729407,2.974882965741596,6.294990638330205
2015-04-07,26.708350589291044,58.88518814773338,1009.8879171082632,8.592483549693089,1.1186883229128477
2015-04-08,30.616593331344664,28.977503350944666,1002.0895328280593,5.260083714456602,0.0
2015-04-09,36.08895896915174,32.631808083604255,990.9245243432864,7.228986232817454,0.0
2015-04-10,27.07201007872584,23.60622251568758,1010.3715950053761,9.587303020019743,6.590683374985872
2015-04-11,22.198359681218466,41.074906533909434,1024.7808736856218,8.35256164632382,3.066524032886773
2015-04-12,28.885885614059404,53.22094195869429,1001.7583401523807,8.360388218993132,1.477399645464044
2015-04-13,32.99708427967806,39.3625084374124,1020.0020984751876,5.578039789548416,15.130648172242529
2015-04-14,35.515200622147304,46.850372125086025,1003.4984746994812,7.381805362731529,1.1283908131541907
2015-04-15,25.893124166078668,31.830094734143227,1014.0607257638684,5.640789723692948,0.0
2015-04-16,31.00916441507053,52.47517033828379,1020.0779161415502,1.3720265966647598,1.8708140953335028
2015-04-17,28.05612685812207,40.42084429165547,1006.4050456316157,5.908231377515127,0.0
2015-04-18,29.06292219189704,45.59023572688053,1014.7048468069692,5.769082951215396,1.581946035975819
2015-04-19,37.23824499050779,40.45213249081558,1008.8490866327467,6.751188084565458,4.588477205497873
2015-04-20,24.716512714997116,34.926258433578596,1020.0514865893817,4.616009074359814,1.5780410911352383
2015-04-21,29.902636135340032,33.51783861493216,1015.3531716848464,2.715633329708448,0.0
2015-04-22,30.456299709727773,54.44979483517037,1013.5650767442927,6.969518249525681,1.149374093363639
2015-04-23,32.21821794038773,47.88081260482309,1028.5834996014198,1.0601831382432563,0.0
2015-04-24,29.158310293309086,55.92133526887972,1019.623061423683,9.376457407569408,1.2655079861586587
2015-04-25,29.687906009403214,48.40262935032358,1006.0964813387371,4.305745816385023,0.03466142024445831
2015-04-26,27.484123749147873,47.68784447351823,1012.1413609920223,5.736584516168505,1.152874900523005
2015-04-27,29.35771785860559,28.061034884029542,1012.2410121492034,6.675674459844716,0.2704851126261216
2015-04-28,27.4080125345314,43.59232676512261,1013.8031957262522,6.772064134532573,2.1412930835851043
2015-04-29,30.18557550901055,44.633369041457286,1038.245092766075,0.7730471001447956,0.0
2015-04-30,27.091352051472132,65.98539595698968,1016.7085189271099,7.472259741632791,2.429436846384709
2015-05-01,29.206895962346383,52.26611833981358,992.6409742989522,5.90946148512882,0.9064491176320454
2015-05-02,27.859343479693734,61.430940077248415,1007.5720102828303,3.094215846324173,1.3633942159222898
2015-05-03,31.19298329856391,50.37888540966532,993.6762791250419,2.7509991471622586,0.9382005419716067
2015-05-04,27.524554689530493,39.12469038573996,1009.7020174295416,3.997840753829464,0.0
2015-05-05,22.219784786658913,50.06134976816905,993.1268977027357,1.103774940168524,2.019108759384217
2015-05-06,31.18107748300062,46.77169772114202,1004.2840952893157,10.166802172961077,3.9735129029778404
2015-05-07,24.530873869100883,38.34300736774274,997.7927847036588,9.458453975430032,0.04765894890751632
2015-05-08,25.135900178867715,43.58817614463693,1016.8416017796748,6.355100602927818,2.104904089292038
2015-05-09,25.15575907460876,45.3644505259239,1013.0053936262888,4.329804750973727,0.0
2015-05-10,30.908062105693173,60.60216727280459,1016.0296230749873,4.408676036187814,5.567166280654487
2015-05-11,20.216237978569524,29.084475756805453,1011.9544861143147,7.274197118521904,0.0
2015-05-12,35.87157479283812,54.12239681074137,999.0570224979558,10.273480698505852,0.8388765847066495
2015-05-13,29.458172840178285,35.902961230317025,1018.1352136925474,3.2888097812097703,0.0
2015-05-14,26.788046905116417,32.88518467474565,1032.2222456026946,1.6472418721300275,0.0
2015-05-15,25.77868130944845,58.910080645660415,1017.0921257860655,9.642922320785814,2.498765348999896
2015-05-16,26.6218159297124,54.008072727487615,1008.7407540068243,0.36141576275335474,9.245523339581743
2015-05-17,27.147121436745685,58.97162630543905,998.7193282389455,1.9744075752420613,4.0507946572294795
2015-05-18,27.334865161154838,54.33958689487835,1003.9193302924003,4.259426322467442,1.3914366014655744
2015-05-19,26.878414540165586,67.15924274729123,1017.5303965657206,0.31869959658490643,3.4312419120538316
2015-05-20,25.28970000696875,52.942388365960475,1023.7311802679938,8.336447188419795,2.2468938040006226
2015-05-21,24.235330097214298,46.317561190161264,1015.6086617472198,7.5707158115153,3.09188733866248
2015-05-22,24.17700084758792,51.34076334941947,1020.9988728970599,3.275620318354049,2.8011142353521534
2015-05-23,23.84671737787947,60.5113325945199,1020.0767824402724,8.838842357533244,2.7357790308932444
2015-05-24,27.63057929005111,38.39095710237327,1018.0653439138591,9.347877285211478,1.0514757268787873
2015-05-25,25.805031115216426,40.57859861707798,1006.4152640473875,4.660488055129809,1.798053258250148
2015-05-26,14.995612880394257,49.41259341382379,1014.7392351197515,3.647995467295978,0.22702428973719876
2015-05-27,25.57428634815415,26.167028838269605,1004.5162219611786,11.778806083227435,0.0
2015-05-28,23.978047520308973,49.39176032402098,1013.1742895295811,7.163485466252466,2.2724291679303525
2015-05-29,23.122480308772072,29.577472806103703,1016.3086353106692,5.76897395890656,1.7576694744959664
2015-05-30,21.795395363162342,49.63289544774502,1029.7878380738684,9.090637839918838,1.016055854447175
2015-05-31,26.113274025195835,55.59626054875458,999.9026802563237,5.905791905009064,8.372734276259322
2015-06-01,25.36120658805521,42.55063209953404,1017.815076309913,3.4831382422424344,0.0
2015-06-02,19.97545760315952,66.78342990028895,1027.8123659162359,5.240479281462661,2.756447818769479
2015-06-03,23.28854947648156,33.75071626757434,1020.588477658388,8.115962861959204,0.0
2015-06-04,18.92363019900302,62.450791716816816,1021.3294544282504,0.9765566990476406,6.572072619066485
2015-06-05,17.46892727089063,58.01690692862389,1018.8769490186781,4.135907781682337,1.4736952362095814
2015-06-06,19.494853425773417,33.0922408040064,1025.9833448977543,9.149172195744814,0.0
2015-06-07,23.727519799382595,75.24418309071403,1002.1252183188764,3.4643947967194473,2.9390419818906333
2015-06-08,23.76322928597526,47.48093250197271,999.1407333402975,9.63832568129423,1.2213145656589155
2015-06-09,22.20487573835135,40.12272190926801,1012.9366585953475,9.244231458079438,2.9077542115358384
2015-06-10,22.600993321490506,34.62863139141458,991.3883789642829,4.803412653533146,0.0
2015-06-11,21.73271955140588,46.93345994770032,1025.3064580417802,3.2943820853329977,3.0231634374788694
2015-06-12,18.0166824476991,49.717590052250856,1025.2071519549545,4.137923377551097,4.817010955513748
2015-06-13,20.992373248059224,50.53026866136703,1008.6664944491547,12.993843476004304,0.2045394422055006
2015-06-14,21.851920864785406,46.0960780053677,1009.2922940333949,10.62327334079973,2.434264744588425
2015-06-15,21.46633411742896,55.599086042436454,1012.2765252484933,5.376172915420215,1.1495729142671092
2015-06-16,22.521722505344034,44.86284042069552,1013.5202065043962,3.175539345138772,0.0
2015-06-17,20.830244248817223,30.23523670318668,1014.2717391919429,5.351123106743789,0.0
2015-06-18,19.50892967608393,48.751920205461616,1018.582321068783,5.731480779850294,2.3208415781727627
2015-06-19,21.413264446546222,25.618591242994107,1011.2737364699152,1.2699237871719378,0.0
2015-06-20,17.870529569156467,54.60244152433566,1022.4319330347779,5.24012380764578,0.5401674383124737
2015-06-21,15.050874832200282,42.68156028107351,1017.459477771253,8.96721297443519,4.055464119498274
2015-06-22,16.952904302246466,53.15715139803477,1006.9303655412737,0.39807004364942067,2.939922164043111
2015-06-23,14.95228001937878,65.66460980555665,1026.351126678041,7.479751895411745,2.2004542852810656
2015-06-24,14.905687836865575,43.05966912888721,999.4174301387751,9.12439391016434,0.6797558748528245
2015-06-25,16.241329094678875,62.49189803778174,1012.0783418917853,3.3183279647168957,1.305562440167986
2015-06-26,14.0407914842581,48.64570859100942,1022.6691740107547,10.08252727457317,0.6934295386069628
2015-06-27,15.236912599584825,69.91349172086345,1005.7692689508785,2.928988812654964,3.469878999257136
2015-06-28,10.22235515962554,51.2372962882051,1016.0955564676715,6.323247985581212,1.5801330363985537
2015-06-29,16.285214617186774,43.452462836339706,1018.4333959699904,4.079681946009109,0.0
2015-06-30,15.390893029493668,59.17693798920605,1004.3947613201876,4.079010928512189,3.9165963222937403
2015-07-01,12.67783906012576,49.30318317370076,1012.2752228040597,3.1481027907258636,0.640419868960261
2015-07-02,16.848632051966895,43.161188832726474,1011.4349616979079,7.095726442586059,1.053073463682097
2015-07-03,17.42543380947269,46.50888458822574,1007.482621481677,7.546416373194347,0.2844847837099243
2015-07-04,9.531986911825122,54.78794122225742,1036.0167485205077,4.806733401268434,1.5861485898894152
2015-07-05,11.808626503814466,67.51748806054131,1005.3689364655453,0.9200953589831773,2.216911262004955
2015-07-06,11.531775762136157,34.89323466433615,1023.0493029406788,6.209510499903169,0.4941527948542477
2015-07-07,10.762239449415416,54.849686864796496,1009.0719898311886,6.266043078232082,1.5937727533849102
2015-07-08,15.81353941896983,58.34226623705552,1002.1336381111472,4.349854965840718,0.866723825533539
2015-07-09,12.48729892189288,55.69083628897152,1014.0281424315507,10.601693861542426,0.626222100619488
2015-07-10,12.019467522270052,67.08891793320032,1019.490933843875,0.3082122052980383,2.9829333723568237
2015-07-11,6.546307712701992,55.983392846063765,1022.2050957506568,1.6518511307607042,1.0031246470552122
2015-07-12,14.209755304744249,51.04960792576843,1028.6226511065506,2.807495300906987,1.8641169620077336
2015-07-13,8.33213146853594,61.757229735865465,1042.452462899351,7.131273602274348,2.2248682781447373
2015-07-14,11.976984159202047,55.004646069912475,1015.505142037556,1.8324660876984775,2.625525883393
2015-07-15,12.377545760415394,49.907139736987595,1006.3690782617462,2.057087244421774,6.080356249044349
2015-07-16,15.376643080301923,57.47311885571284,1017.5287432679489,7.853064008534464,2.251986122506489
2015-07-17,7.1185564117225555,49.91543886197228,1010.3378704959351,6.387643768393249,3.088028239219862
2015-07-18,1.7380034045492838,53.01922677753208,1022.2596612985222,6.131182728885199,3.0989885439881366
2015-07-19,11.100856345158734,49.169631609764494,1000.0283570363428,7.344286758396585,5.013706925878926
2015-07-20,15.70492793049516,65.6782276364165,1036.6833454240043,3.724421140181347,2.049465200974195
2015-07-21,13.77571182545036,20.901980527417685,1021.5604809477551,3.863047777825426,0.6029090074093646
2015-07-22,10.444793555762878,58.73359156974798,996.1599598220383,7.429337817684275,5.592101383553851
2015-07-23,8.099385482157345,56.29302540092355,1005.9097109768503,0.9653396576564015,1.6269747159728358
2015-07-24,11.755748311852463,37.31342125169257,1021.1608104411393,1.4281595391956392,0.0
2015-07-25,6.175507251039598,60.00951416584023,1024.7634405617146,3.7001474791164366,7.075556749288121
2015-07-26,10.288733925834341,59.61315295539815,1000.2776237276804,7.792619867197075,2.937065044037534
2015-07-27,10.141405377956572,60.82568962459571,1020.1302585043295,5.766679096960409,2.04082396617923
2015-07-28,11.572847957239212,27.6952953909309,993.5266012733807,7.571874512369046,0.9083080937951014
2015-07-29,16.44037971410635,65.4437042614912,1012.1066413452895,1.048882931269496,2.2705439135226153
2015-07-30,9.109855286428342,48.06770530993742,1024.120468421032,5.9464904249704755,0.19492956046910467
2015-07-31,6.179018516247151,63.77616820940818,1007.4848426989702,6.961593513927133,2.948008587984254
2015-08-01,7.404649861737384,63.70841287595417,997.9307770086199,0.9476077321679455,3.0412401816364127
2015-08-02,1.951836420094856,50.25711093375965,1014.4621479637756,7.586172771639634,3.520199176768818
2015-08-03,4.954909884303828,64.12714458136358,1006.9528113336452,4.665443310482622,2.634107133910452
2015-08-04,5.593546107550926,53.348294537100955,1019.2955836606584,14.214010104818005,3.705163505777099
2015-08-05,5.033895870043579,36.76928027159664,1004.1467356778194,1.5317082066902064,0.0
2015-08-06,6.850480597536301,68.25217895650964,1005.273631103469,9.107343103024252,3.5382835829072814
2015-08-07,3.715961418466298,50.39156966060445,992.7899767912376,3.817525710421779,0.5067389829916729
2015-08-08,9.338731053599574,46.78569984581967,1014.6994471105148,0.1485448566798695,0.6522867798747716
2015-08-09,5.771352195304675,53.08366522198044,1011.390950617234,3.419134569305024,4.205750320933187
2015-08-10,5.5406568176466395,59.95203884445056,1001.1161532925993,5.832437724012398,1.4818662831489586
2015-08-11,4.385495151912792,57.23454831582258,1014.9379871376709,8.11240000869513,4.047439497093366
2015-08-12,5.638226693440662,62.661555900351374,1023.2707030064414,10.165892864396525,1.93115650120068
2015-08-13,7.454336830799905,42.87793791931346,1010.8443205658104,9.265679266113029,0.0
2015-08-14,2.1870082107120603,51.48263219033662,1015.6816694982198,2.103853937886517,0.3811838233698982
2015-08-15,2.626432129469573,57.52681321204987,1015.7331124958516,8.390494076798351,3.492575107915135
2015-08-16,3.5050677620623456,77.22633904555589,1000.9567017282104,6.173854871362622,3.330449035298894
2015-08-17,0.19723352444093312,58.76325785364195,1033.565858207076,3.0361909372130365,2.999800543973231
2015-08-18,1.598863109538192,70.05279108184722,1008.2915016987772,4.364268219567557,4.407891186513812
2015-08-19,2.4530072166370864,59.15904807952463,1019.5611620186027,2.870472021665828,1.7625066508258307
2015-08-20,6.333165129158059,51.996831061045285,1020.6921527722905,5.111277025809367,1.4880885425466677
2015-08-21,4.3293547951476326,55.368078361281775,1011.6040487288425,2.811026353117639,1.5710556369854602
2015-08-22,3.957509113597025,56.33704832291267,1019.0679502505964,1.9160177803476826,6.521844788275056
2015-08-23,5.767946060323201,63.152484359445786,1015.4581922181638,6.437357383348316,2.0864229983753964
2015-08-24,2.645141678062579,72.42354183673426,998.823602427726,6.886191644778911,2.647377509340785
2015-08-25,4.074195354972499,61.55971079937696,1009.6772729874991,4.437208999725164,2.066099733944017
2015-08-26,2.442263969513775,70.64964480266067,1006.8744909764594,9.102953911807917,4.279356775473122
2015-08-27,3.4007740673402442,48.65171559003302,1008.3825495865387,4.21870824051466,2.255611935682445
2015-08-28,0.712841835885706,55.497273993916835,999.9599682216336,4.091676364623385,5.70528014475838
2015-08-29,-4.995187335125239,55.25456832548595,1024.2643371674603,6.981466947037092,4.795441191343591
2015-08-30,1.7823299671936839,62.25328092515168,1029.0199265461342,4.60272324516999,1.9055833686193449
2015-08-31,6.321112487551147,53.24985990443029,1022.7800297599841,5.25439318707843,1.5395241276027525
2015-09-01,4.703051426084952,64.94620365729948,1025.7052922414714,2.561315411857195,4.245479466225216
2015-09-02,4.696009394170478,48.341978186590346,1009.5536516299185,5.050122154213924,4.800908260859821
2015-09-03,5.387532325976259,57.73654357022469,1006.6374316501397,0.48158781241378,1.5961127729111682
2015-09-04,1.828383411860679,65.95438740419222,1005.2141295318829,1.3371482870033882,2.771001233290005
2015-09-05,2.0416100873465246,38.32616720592063,1019.4406492295723,0.9940323837334848,3.4273794415160985
2015-09-06,-0.5120251377162939,81.47232564216017,1015.2706305314415,1.8722505393985216,4.035074476161279
2015-09-07,0.2880270410279502,57.02446763068727,1012.2277828840157,3.353438421103241,2.012273695542693
2015-09-08,2.982952616417024,38.25812455502976,1025.9514854419535,3.5405221533635443,3.5231572474545176
2015-09-09,4.650794345936759,59.25554181279948,1017.0494135381534,6.992825612771377,4.166988935366072
2015-09-10,0.5284409785255282,60.07021419046875,1004.6134236247941,5.667163442404091,1.5649443016004154
2015-09-11,-0.49198494541054405,59.42704867698035,1006.1909117086431,0.7032232864539569,1.7281829224814123
2015-09-12,0.7761601763872176,69.52383104107305,1019.8199329925415,5.249883912640423,2.8230734958694192
2015-09-13,2.498405297330663,66.22524706560523,1023.4173285265459,5.954765739750282,6.500215940465817
2015-09-14,-3.712331703210072,64.83492776184349,1018.5168023225597,4.014300451241126,15.170683506209674
2015-09-15,-6.340601087873944,67.67185688340345,1031.9688874787207,4.817342069279892,4.7416643202944595
2015-09-16,-1.1706772938357135,59.54175415253699,1029.3500716573142,5.57093037619117,2.27873758066121
2015-09-17,-3.243910227178393,79.37686360598968,1017.4103583485077,7.29379879290674,2.95813821074681
2015-09-18,-1.164578852427455,45.79032924263606,1004.614193405185,0.2753600376117964,1.9703019642032968
2015-09-19,-0.13754633113476566,61.46528990772635,999.9001248826823,4.267048884081053,2.133028187784041
2015-09-20,-1.1036435067687735,61.20206806527219,1009.1261825498528,9.525008294173187,3.1249199380171895
2015-09-21,4.568180353954782,65.84871388366854,1020.5321344641616,9.249983924893868,3.4512058908309067
2015-09-22,1.1500704403218547,50.986426005590076,1031.2664707931194,7.55281078332734,1.4096983160488006
2015-09-23,1.0347121189306654,42.04591791656931,1017.174470344108,6.610474051867028,4.983282679277928
2015-09-24,1.967768693118991,60.58434581442244,1024.6872279423123,9.963904245206265,1.105271438835817
2015-09-25,-3.3430790198527687,64.48384443211242,1010.546925138122,10.753544004819997,3.9388942836424725
2015-09-26,3.1674518359482553,73.31226817650236,1019.2276912522755,4.612760035859443,3.3859495561412856
2015-09-27,-0.196050272587263,47.394404673042764,1021.2335682947718,2.0917026701350396,2.2415025590247217
2015-09-28,2.028246117948135,70.53281460819314,993.2040572414747,4.189123047126515,4.30249378825477
2015-09-29,-3.2087659094308263,85.27852659498663,1008.8656119762348,14.29008654131616,3.548434202295123
2015-09-30,-4.660026177869261,58.55236421370986,1022.4970038427787,0.2919309718244172,1.5271289577937674
2015-10-01,2.4538078780322348,45.86367386605164,1015.7446833563656,3.5883825814117483,0.005567546987602867
2015-10-02,1.132701048594186,55.3639058119692,1001.0348495184907,0.7619265425221062,0.9018010890514727
2015-10-03,-2.694904831667784,61.4875020895477,988.6987762427265,5.374291588632156,3.7561647395319184
2015-10-04,-2.585520561157547,66.93063903064792,1009.34219254698,1.3919269133153973,2.2407572825396485
2015-10-05,3.4164297566219752,52.37783782330854,1012.2841430710612,4.673746931499147,1.5254985028565726
2015-10-06,-3.5070206208096715,77.30549565187826,1004.1607705017166,0.8502854800562769,3.2979004387769955
2015-10-07,5.014750256358612,46.34730172174008,1014.4308493702799,6.852861995253951,1.3708450625685815
2015-10-08,-2.5851953452125924,43.9005461508783,1018.063867472329,8.667035769403924,1.9400885148487994
2015-10-09,2.066188350514854,70.03401006761575,1019.7068717072623,3.848169133809623,2.8075668910262848
2015-10-10,-0.7960970631567493,37.65183821951638,989.4408107506767,4.594609978772894,0.6129268504536753
2015-10-11,2.0424550419656446,56.93747479029002,999.8571490219188,4.509778307806063,4.178027056448084
2015-10-12,-1.351939060416717,91.85278082228884,1009.9537735164527,5.542732025675075,4.3832052001393675
2015-10-13,-0.15610384080173234,59.957616390801554,1018.7217313103746,4.885491239100715,3.476140527557604
2015-10-14,0.5112506986008543,48.53669814373707,1017.8923401355004,7.304350857292082,0.6342660686220327
2015-10-15,-2.557521195117024,60.704785959690575,1017.7186994787668,8.699117400352836,1.332177053713658
2015-10-16,2.736373971437552,58.123805128085884,1009.1658205803107,2.5577863325234516,2.3901739400432778
2015-10-17,-0.9565874574992677,62.0847931322808,1009.7236656269004,4.07201452167711,1.7215240664666094
2015-10-18,-0.029322144898642932,66.63729089404552,1005.7167073157826,7.704858346774234,5.108514502593339
2015-10-19,-2.2488958682528413,50.73333625044903,1020.6819412810585,0.7349928558229024,0.16101987699249343
2015-10-20,-6.870946787793073,80.31095394626448,1003.7951121226042,0.9121638455367096,3.238825100222727
2015-10-21,0.32907584307106363,62.28660492219065,1021.5003639518957,5.678947858695436,2.7007536800023555
2015-10-22,8.23028783249487,63.152796547770606,1015.0785323813765,6.489039233211477,3.093320514646931
2015-10-23,3.4406876100061234,51.998162197440514,1012.5495552154484,2.833099436139223,2.8176435138078766
2015-10-24,1.1276495450472948,72.29999659743169,1006.4328960022353,3.2640468376386345,2.830212810928701
2015-10-25,0.4994076895951911,57.17977206707176,999.4445813883588,2.7194230347773036,4.4052671883490655
2015-10-26,1.4621904863965975,62.04442989173702,1006.5234724362195,2.3992242819666965,7.325724545775898
2015-10-27,3.1468943007419794,49.09549207775792,1009.6999313137511,7.0804874618138,1.292004470303404
2015-10-28,-1.922158642819766,50.99176305738862,989.3097568841874,1.4585045390070839,2.9578419675691463
2015-10-29,5.081952434856161,64.34107684710075,1011.0264484466534,4.203431415699954,2.9223502293222046
2015-10-30,4.0077683691600825,53.56004751334609,1022.24357368026,2.2839914974554425,0.5000002920000939
2015-10-31,4.142711856179846,49.390413196866305,1018.6721790543387,0.6341330722963532,0.7284225818455806
2015-11-01,3.4339678422921374,51.85118265858363,1008.0379412425849,7.610534524240313,0.3682234797018731
2015-11-02,2.3115936001690547,65.83373391708969,1013.4693629841523,3.4405243334793836,10.581234970929588
2015-11-03,4.409307623383285,51.50496757627225,1007.43835430578,5.56532024126227,0.6706977863865485
2015-11-04,4.307883005737016,56.66950918110985,1014.487607333357,0.47577236059697015,2.6876066695628564
2015-11-05,1.6157295676407102,59.342412719050614,1028.4010782374403,2.7741816387305724,1.6033557002464134
2015-11-06,1.1061087961988798,40.273456741797574,1022.6849880262488,7.268263642085016,1.145626284635647
2015-11-07,3.2851525631658047,43.64615966468192,1018.2079430569275,12.76181436753593,0.0
2015-11-08,7.782875603133901,59.47134109090867,1008.0711508761628,0.9286481931709352,4.023882430985055
2015-11-09,-0.4217589930233441,52.840585884984705,1020.4993839294484,4.396676614131721,0.5189508797013226
2015-11-10,-0.9437982005163921,71.03914821306239,996.1312304862695,6.2368417944305,6.614371496258844
2015-11-11,4.119695396531112,67.60822334423989,1010.476465180091,3.151699540282149,5.431263377183079
2015-11-12,3.948081790119728,65.2176457684945,1018.8371141982395,7.548565960982372,3.7931928974576534
2015-11-13,4.488769648651438,75.95333304880026,1020.4042121404775,2.3998019880190604,2.734922462866087
2015-11-14,4.877199019286815,56.730507212924756,1019.6988449021574,5.461542980649924,1.1408759522991492
2015-11-15,3.6555439018689597,64.66104730810392,1015.948306892097,3.4337842865049204,5.389231112882279
2015-11-16,8.97771541003154,49.667132529023924,1011.0427502091612,8.658293248864318,0.22687238823151348
2015-11-17,-0.10850344378455912,84.57795085057951,1018.3797596982649,2.9709064908931833,3.796839751080207
2015-11-18,2.397854643165077,78.63740920277766,1003.471389594137,3.9443786111404524,4.434280437141489
2015-11-19,4.765716445918672,57.735946122218586,1004.5532273670675,7.837067112491465,1.414494014811059
2015-11-20,0.34099015101277086,63.69536722354553,1013.617346764603,1.915884022721409,1.8717888428283607
2015-11-21,4.940952273351124,71.1224998569725,1014.7319764270875,5.2062501702907165,3.8274137883057713
2015-11-22,10.653709270571033,53.20175031657342,994.7438482143535,0.46760303105980494,1.2524426496594443
2015-11-23,5.935506413160989,50.46600608542246,1017.5514638094952,1.7361996241127757,0.3495488975629956
2015-11-24,6.771202412744589,65.35429630369653,1020.727283779194,6.14639382767241,3.0662365192414462
2015-11-25,2.507501602675241,59.53064165949908,1012.227147625337,2.027907471391303,1.9318853199181274
2015-11-26,4.650389431514792,59.50474978069521,1036.7446628328398,3.366281204528625,3.602882218539416
2015-11-27,5.587881161513885,48.863345988563395,1006.1706489368481,6.479259206143813,0.10318822791501508
2015-11-28,5.976777136656809,39.834889948037635,1009.3891283661313,3.262441576559209,0.9218872541981364
2015-11-29,10.993697274528053,56.86457546152699,1009.049330938728,7.468526219649074,1.8336097529789939
2015-11-30,9.043009024393811,64.5281159027451,1012.2381238870898,5.646988362458193,2.494771853874739
2015-12-01,4.258992876789243,55.61243607084496,1009.7127518703371,6.30704933577351,1.089924026630685
2015-12-02,8.55850673355919,70.08504182880907,998.9318945539513,8.722896796215597,2.0703011994726537
2015-12-03,9.541411181947588,48.19013115487076,1007.5345170376353,5.959469187842197,3.5826772593346803
2015-12-04,11.697006989457641,43.604451955611985,1012.0237930422593,9.616541871408032,0.15071277455147558
2015-12-05,13.249988171448644,52.702702842314366,1025.2857208206199,7.7337868491134705,2.5559695000948564
2015-12-06,5.696813385331639,56.325667553821276,1035.0224327337291,3.42964271049663,6.529783263952094
2015-12-07,6.545107628279379,64.42713349921253,1026.3547389785065,8.879444225063814,3.107487239686652
2015-12-08,5.44231532960204,49.52921409455914,1005.246209703274,5.791598062708836,0.9650848721977492
2015-12-09,8.75207227931896,69.3049062284895,1006.0419038937383,3.81596087401849,2.5551877416356006
2015-12-10,11.093933290693421,74.12220297973582,1011.4067142249065,5.835157085962648,7.849748862269269
2015-12-11,12.899160055855603,53.15897970238878,1030.8455888885358,8.336980473170788,2.6077889534035505
2015-12-12,9.953102003686956,67.52055319999971,1011.3457594781811,6.365135282726666,3.9409854800163053
2015-12-13,9.466639060391127,44.70170976355183,999.7249250946257,10.467178497654192,0.5809744733337378
2015-12-14,11.128037483537074,65.18819667005063,1007.9882286304696,8.259591673696466,5.248108643049439
2015-12-15,8.415198932098352,66.26516461954546,1020.5705600181942,6.569480100206487,4.127752312513786
2015-12-16,17.4383167383415,59.915214432728035,1019.8994027689608,1.9217957517765267,1.657391603742113
2015-12-17,6.596925428556576,56.545906397018776,1010.9978333350834,4.4608024579696375,2.485066512342973
2015-12-18,12.225399041624673,24.344811066767353,1019.8341467356003,5.214992419252554,0.0
2015-12-19,17.99425115965963,44.5856029836489,990.2682779745317,7.089894503653241,0.0
2015-12-20,12.196998886031336,47.64234038013831,1014.038292350327,6.911999123816578,3.0608351050525235
2015-12-21,11.86048573227335,44.287207753258556,1021.6068542136863,5.5086212306548585,0.0
2015-12-22,11.613031421604504,55.41591433466841,1004.6713672484547,5.361049746131513,1.9681055280561626
2015-12-23,12.399643373013799,49.61054385828075,1004.6366146350372,7.161370685228209,0.7806820653821239
2015-12-24,17.3154247505393,43.09616752708013,994.3355184723653,2.424241323110042,0.14698810828241837
2015-12-25,6.8178888042999475,46.00305411537183,1028.898955948107,10.08654745774957,0.8980488760096452
2015-12-26,18.310829122827275,43.68945558373407,1005.7984602297844,1.1415006554904137,11.002693835752002
2015-12-27,9.696092140614756,66.3669460481919,1015.4104327786212,9.366228446516088,2.686475009360402
2015-12-28,13.425748003947945,46.67687545175109,1019.0391704148337,4.864443414724514,0.07027855484538081
2015-12-29,13.195942564762827,48.25264165328586,1028.1206794914144,8.007739442814781,1.7270613245237456
2015-12-30,16.50745946697463,47.17929411628022,1011.4610222601436,6.0915213028778386,0.2570576955153944
2015-12-31,10.205626944348765,58.28712166591981,1007.6057020622159,6.038103232732405,1.0518027857634364
2016-01-01,16.64471834058335,56.24013571499365,1014.7306764857055,6.662763428079563,0.726966871925305
2016-01-02,21.589253044201744,20.0,1025.840802765423,7.427162867263336,0.0
2016-01-03,11.684772994570375,64.37396564099089,1011.2982746859922,4.01350752023828,2.5657250662442173
2016-01-04,16.601154904865986,66.06310289000456,1003.4513091841592,8.104397391578708,2.7190925041778815
2016-01-05,14.303525447671872,42.34637190254737,997.5924219168464,1.7465881292636496,0.0
2016-01-06,17.824187080290628,41.364924012506336,1000.7870261539477,4.984008280021626,2.2016225754358687
2016-01-07,16.860564005737547,47.06718411934851,1021.6439149740667,7.507909772816831,0.0
2016-01-08,15.134720854566044,44.87259937815093,1009.7937552369319,7.985052738847668,4.4249452991798375
2016-01-09,18.77824916457744,52.85014415717735,1006.9247909007929,6.382366544784203,2.0564209725142364
2016-01-10,22.982441492082394,29.043526390370165,1005.8403277681606,3.8198226861327935,0.0
2016-01-11,17.250689272466765,40.19537928339922,1013.8504586020018,7.690123335106111,5.611733518533345
2016-01-12,20.23584132447383,65.27405133951217,1010.6054490623442,2.99190128264374,2.263574017786527
2016-01-13,14.44900382144899,43.49329841579532,1010.2686785628075,10.254227221246733,0.5449127890829795
2016-01-14,15.710782359635227,64.57889160121164,1026.4932392781075,4.745987307501007,2.1267900641175483
2016-01-15,20.247518260383938,53.4296228257094,1028.3801628186163,0.38112291738211823,2.9499688891431886
2016-01-16,23.531720448619478,30.141462629807677,996.89978327091,1.4159495959503445,0.0
2016-01-17,20.394076539566115,56.156253682379,1016.2759273114295,5.130930910638763,0.899612035018457
2016-01-18,18.634644278274873,49.506004838934025,1005.2313790137861,5.41947581397816,0.17068551853135516
2016-01-19,19.81691914165553,45.53686986667483,1010.5174888613891,10.908970054853286,2.138387493326065
2016-01-20,16.311620292002548,54.29376078571877,1016.092783851267,1.8845019871573205,0.9705839665600312
2016-01-21,22.118687811711673,53.686990949812085,1010.8728008306908,5.118386597911792,0.6652197598757302
2016-01-22,23.192867330330323,55.479484554581035,1015.3045988062763,1.8217357787538297,1.9319545141507701
2016-01-23,19.428680095154867,62.068188427902584,1019.7297020603191,3.5220354403597898,4.453540494014883
2016-01-24,19.61219339481109,54.27526243037802,1015.9457680054032,10.051916090208014,1.0811559705332212
2016-01-25,22.055538728140895,35.21588974806593,1006.5316369583238,1.5909913305320273,0.0
2016-01-26,20.18147468013468,45.17280808342075,1006.7080039302967,6.761127272203502,3.1073857017304047
2016-01-27,21.525042282228693,78.66796221157186,998.6029470338196,6.178722077043175,3.1867436099184303
2016-01-28,28.252419431042313,53.11870088829612,1004.4607970247928,4.927485720925374,2.2298886768692365
2016-01-29,21.439930499498836,72.97290775836555,1032.6206836189854,6.558309869575213,8.500075687721836
2016-01-30,21.331612796335992,63.28853442382386,1005.0799642590475,1.5199388541701344,5.010372437891403
2016-01-31,20.68743874087609,52.07430134511944,1001.0662118755617,9.968967523410672,0.33504687543362877
2016-02-01,25.083810024983066,50.47216568531964,1016.1992786184477,10.774536485370563,0.8182794195722477
2016-02-02,22.526405053420184,48.370997074521455,1011.8963524070814,5.14131409327794,0.14427513714515156
2016-02-03,21.33841058255002,31.95274855026,1011.0440676315078,12.269318391840661,4.156593253032547
2016-02-04,27.464438441185802,46.44825330408934,1027.090459664121,3.8029162053502388,8.173890919210274
2016-02-05,27.970813115347926,58.12133896774801,1018.4912667555836,6.20129598156884,1.3478745402150913
2016-02-06,22.119629607195336,42.943785248190295,1007.7000706829652,9.29566719132354,1.5098806343393987
2016-02-07,18.527533197645045,54.85576339179558,1008.7552408240822,3.6229866193312716,4.171240635680667
2016-02-08,27.353242296123778,54.839289310870086,1007.9741348609432,0.8553528233616845,1.0162405571885988
2016-02-09,22.47759503607265,39.66439808883892,1021.7473962158026,0.16484880314343808,0.0
2016-02-10,27.101320213013025,41.93631125005684,1009.9185237054686,11.182479691707977,0.0
2016-02-11,19.01420782049867,40.31378118497908,995.0684649754585,3.412926048083667,0.09330708726361292
2016-02-12,27.79444629739211,37.88112078440987,1012.5168032126566,4.442789709744504,3.382063039001456
2016-02-13,21.67227572051266,36.28780930321306,997.6297399887208,1.6617077650368368,3.294449968204595
2016-02-14,27.684167262974277,37.153431754732594,1034.842306017549,7.845017837987565,0.0
2016-02-15,25.717668537735925,61.33572253911042,1003.3433208615277,2.655320422326245,1.5907702657976734
2016-02-16,22.99284231624875,39.3488085509727,1011.3813523464227,3.5262109170160345,0.0
2016-02-17,24.81014640567944,48.85951898776718,1015.5820273470114,5.898561258248481,2.919893121649322
2016-02-18,28.26353668631843,40.83954412013122,1010.1134183932077,1.8078622182632826,0.9766888884041922
2016-02-19,26.69227048652414,58.44252412710732,1010.099695985338,4.464253191457324,2.2867274790172543
2016-02-20,28.29446134467652,58.964392293697905,1017.2182728616087,9.206628768509809,2.6890815655254947
2016-02-21,32.63375951960809,52.32382006158542,1028.2621595879627,6.28476319255059,0.43467569259011857
2016-02-22,22.171460016218504,51.975615522918304,1020.675090818173,5.391626877285075,1.4964486225241733
2016-02-23,31.87205404752602,41.75337760782801,1027.7851387857354,5.644594128391595,8.847850539197266
2016-02-24,27.486153697680056,34.33817610924748,1002.533808919065,3.8325947120703088,0.0
2016-02-25,24.625796154566828,67.12239073393856,1016.1736263325536,10.988456959264777,3.1770410408763743
2016-02-26,23.47661851827015,40.664960563339385,1014.5524605205828,2.5635286083977977,0.0
2016-02-27,27.041914912186073,53.11550601423538,1016.5109129167673,5.63277848589179,1.8642312457782977
2016-02-28,30.512206708686293,55.339552371890825,1026.7623197063558,5.3450766990284215,2.239736391707189
2016-02-29,27.498812013004443,40.69778902444449,1010.7921085020795,8.026287521399405,0.7927822780033007
2016-03-01,32.545310111686,54.10747021731662,1008.9449663344591,8.309521816380919,4.234656447268528
2016-03-02,23.784848507008967,55.74970777988407,1018.3398079741867,4.903943586538787,1.5627354444172337
2016-03-03,28.224745805612287,63.16726545101151,995.2179727243415,5.871999479339149,2.769531307431427
2016-03-04,24.62253986365387,42.995265403905954,1010.6314795087782,5.985604261741845,0.0
2016-03-05,29.585358692658552,32.34868048087357,1011.6580231071455,1.8164249667118213,1.3518881327068688
2016-03-06,31.26586936233144,39.312167764389166,1003.7964138369307,0.23303119256667415,0.0
2016-03-07,27.449634441736844,48.36371820447489,1023.5705901135658,3.184808927834088,3.22805285041848
2016-03-08,21.001927745868116,50.081163397916505,1002.3775968265671,3.3152039708693932,0.6256245225155069
2016-03-09,29.509969694077434,41.31063619021578,1011.6412695163621,1.4021527341076032,0.0
2016-03-10,30.317774087544407,25.749138366455366,1015.9315722532297,7.24874771412089,0.0
2016-03-11,30.310725134013527,49.54946739428431,1026.5345156147612,5.006355263052417,8.447548402592243
2016-03-12,32.8912923868736,63.2777985973852,1012.8944356511914,4.355916357839488,2.098520336035374
2016-03-13,26.05268670548016,51.616169028489956,1022.3615359412821,1.2315341764778398,0.392043363251071
2016-03-14,31.38417071522993,50.39926983292017,1020.0059539727713,4.866365407265635,0.2927748129629929
2016-03-15,32.99446929551844,49.227218413791796,1014.2345755616914,2.8800542679958347,0.6658428250194866
2016-03-16,24.150336312803272,51.89529854242236,1002.1048659172654,4.511131067582477,0.26627368673174123
2016-03-17,30.509914305529538,54.06170251591618,998.6541913909565,5.189551006423268,1.8389551450149808
2016-03-18,28.098967334563294,49.90425314457501,1014.0650540141919,5.7257449529644955,0.4713631480727339
2016-03-19,29.423157103279912,42.161649751827284,1007.5730312609738,0.30769470956215983,0.6812330584237682
2016-03-20,30.76262650468915,36.65879764756788,1022.1926109168129,5.674450210074424,0.0
2016-03-21,28.305421558940722,43.357552667722885,1020.4585651809858,1.8757061904063725,0.45949221499101034
2016-03-22,27.783117398424963,49.249736265294175,1011.1538900556295,2.562590503122998,1.7471664102294193
2016-03-23,29.95144467877437,41.86344804938308,1001.4228707605873,7.153794157467995,0.0
2016-03-24,26.621595324680577,49.83258916897401,1018.1073554960727,11.042341170079233,1.0007455343134766
2016-03-25,26.65579321675372,51.06360472862731,1002.8205055386485,5.15407627640804,0.8269343085154297
2016-03-26,31.976904791077196,52.343341917163215,1005.4153607706913,2.548713624079303,0.7841549928350559
2016-03-27,26.513492491146366,59.571203442816625,1003.2058426178485,5.566011342529996,2.812504435796863
2016-03-28,31.9754688200611,44.79233977475803,1011.6149897806005,7.817087472497437,1.255330567660157
2016-03-29,31.376524047157105,31.23397232494484,1024.7019233407057,6.862992697618206,0.11568809977580985
2016-03-30,24.81910734332657,44.139405360144806,1012.9495912977648,13.229338617391237,0.0
2016-03-31,27.967167139035883,46.45704210454805,1008.567813075723,2.853987292716,0.3186345693615524
2016-04-01,33.58107808896319,24.851773393747507,997.7438506995476,5.7566944397578945,0.0
2016-04-02,27.049697616891315,60.361796392579166,1018.5212458472985,9.64675386025461,2.5914280046513096
2016-04-03,28.58998294684734,47.128787651680994,1005.1959539407137,9.458477711055597,0.9492019409165742
2016-04-04,31.354940092736573,48.136058299434566,1014.1751761915809,0.8502337795731414,0.615437984036092
2016-04-05,32.30005505416034,57.50523709818249,1009.4578138408336,4.989927139880057,3.8342206431672876
2016-04-06,29.171963008376977,39.11259019438804,1021.3817721959944,9.4535622975461,0.0
2016-04-07,28.10632215493629,51.687258231372155,1011.4276360797145,13.671928971197413,7.538236862055981
2016-04-08,34.13382054499734,41.83444849648197,1012.4107364547694,7.111387651252455,0.0
2016-04-09,35.04686284487784,40.635699907401886,1017.8574714745546,3.896410118910549,2.029804510355266
2016-04-10,32.72579640180284,35.91517792105479,1034.0694018226318,1.9723905426878305,0.0
2016-04-11,29.99985270739481,61.656105783167874,1021.8844693035855,11.656230072592548,5.174460233389481
2016-04-12,27.269408209759572,42.6102954943645,1012.1139389365139,7.186224759397278,0.0
2016-04-13,27.14882503981583,53.4202299490491,1013.0319799061529,2.4557992193437475,1.2811399242127857
2016-04-14,31.14931526523319,25.675268492664046,1007.7514053967557,4.390530900998656,0.0
2016-04-15,30.774261408027016,56.412754592884355,1003.500042964803,5.930559550486112,10.610344725500246
2016-04-16,33.65685400730152,53.69368455591983,1007.4724921293367,6.631419961664353,8.843351073654679
2016-04-17,31.332117532417865,45.308282336764094,1005.2785103628805,2.3011440273626302,0.0
2016-04-18,24.79597404417723,45.33258831653214,1019.5336838379588,3.157428745623522,1.521476699960155
2016-04-19,32.38126655335133,47.80936677945999,1002.2880514213101,0.041196312881120356,1.314607737559246
2016-04-20,26.147235268913075,69.81428897434635,1026.3321056138004,8.119286868814346,2.3167838891634913
2016-04-21,27.90130637857442,28.41697982167794,1020.5204638361882,3.9751445996890515,0.0
2016-04-22,29.711459584324775,52.96454408357889,1013.2050172936766,6.398964947549876,9.362475060622193
2016-04-23,34.85136330224829,33.45814532733683,1013.0031861146507,9.266775525728981,0.0
2016-04-24,38.093510058906986,40.7540610075492,1007.4271869038545,5.659610427121837,0.0
2016-04-25,30.479238628821793,42.28157949480247,1015.7008441134776,4.661088572152796,0.0
2016-04-26,28.000747178709105,41.71644383266789,1023.8809246320859,5.581764430651803,0.0
2016-04-27,30.041106306465284,44.874795556240066,1005.9684353774419,5.18958081155068,0.9179267719275914
2016-04-28,30.983826117063906,33.16637548869015,997.6660791108127,8.738494993633834,0.0
2016-04-29,27.23818018293146,56.67271426981394,1020.0321825485674,5.9325151926163695,1.881253647059035
2016-04-30,33.46122884837679,25.3279504638256,1016.243659742438,3.366796941263262,0.0
2016-05-01,28.63734419832288,51.07897302912198,1001.7980119855882,8.143547170669251,0.8991110953756764
2016-05-02,29.30806181352159,42.080610567893494,1005.6660862908589,8.691453069075056,0.0
2016-05-03,29.676508616459337,33.4524967536958,1004.4089572594986,0.9850081195386089,2.754538671917759
2016-05-04,28.803642023122922,47.62201269442549,1005.7546773096575,9.598351654304317,0.2053719942067237
2016-05-05,29.912134482267483,29.474421891801484,1009.7631724595881,6.094135319625456,0.776008098681892
2016-05-06,25.396311212047973,47.69898261117236,1010.3345269571926,5.8498098504397955,0.6300854553515184
2016-05-07,25.422293932976082,33.06008395539641,1006.4920634493154,8.019873894789544,0.0
2016-05-08,23.642280257824154,52.79158071426623,1005.4183618050007,3.2990708269871636,0.9676940714683926
2016-05-09,28.1032515180414,36.704800904675544,1010.7121565608062,7.862493542572771,1.0548404540476564
2016-05-10,28.960070131041952,41.01002476418593,1014.6769153485956,3.869673590786434,2.8238186927460918
2016-05-11,27.8316477903138,49.023669984274726,1009.8370346363515,0.5751479608689856,0.5768685949416861
2016-05-12,31.31347971302274,36.61783902506627,1024.586670233413,2.0067311626791975,0.0
2016-05-13,26.101542106241798,46.369588950196075,1018.0808771442079,6.70106549870968,1.9248494390020812
2016-05-14,27.94958827807485,30.886900848514035,997.091541431413,2.1635949800160255,0.0
2016-05-15,22.490051076721485,55.063730497600815,1018.2372776541386,9.830228369568948,2.5487855518184874
2016-05-16,24.422455044184467,65.43791053341548,1019.0554398258558,8.567850360318928,1.7421682108270977
2016-05-17,27.485831676001997,74.17917284109862,1008.6526503187581,9.000317498098894,4.353807361477493
2016-05-18,27.758907474384674,47.032227729472055,998.0480241269685,5.374335739032236,1.143876148211111
2016-05-19,24.139057120210456,55.81251284786664,1013.0806675941113,5.773584851884879,0.8231151212081129
2016-05-20,24.612547602562078,29.88746946964407,1012.9229134851776,1.4188644372671675,0.08327565723923414
2016-05-21,20.077199458506026,64.98874353380286,1001.783537634668,7.987350530472471,2.6820679471932736
2016-05-22,23.36035461651769,56.08210773898222,998.4878078374006,6.139500365111256,1.0977498332920312
2016-05-23,26.900418490009272,41.710456305483035,1012.1244645354656,6.701916875876781,0.043051450495017574
2016-05-24,25.74997599669354,59.49682000454332,1010.6692280794917,10.064935434358645,2.3046316943706358
2016-05-25,25.318775948530725,44.79585125928122,1008.827346346776,3.18211104815747,0.0
2016-05-26,23.75590508010775,43.54179562980056,1012.1658926525344,4.621575350368046,5.675840763874375
2016-05-27,23.415028412037177,53.04583504825633,1001.9722362617968,5.980012764626503,2.4951919747308695
2016-05-28,21.197643159689424,38.7676334218521,1008.6517938713389,2.1936937836238797,0.0
2016-05-29,25.057435983036605,57.687529652481174,1018.3332503061434,4.437203536169481,4.230407424772281
2016-05-30,24.003854698405963,37.43817453152859,1009.5002991964872,6.478849431400908,0.0
2016-05-31,23.994683745665036,37.50211022893562,996.2802752820745,4.023736185881507,0.5668538492951554
2016-06-01,20.71598607862761,40.545109076602856,1008.2730772227643,8.926968229187336,0.0
2016-06-02,15.607363855494222,59.791318447414106,1002.2984153649314,0.4672263145490181,3.6231881857227775
2016-06-03,25.13005853788797,41.267217115858934,1015.6713629646173,8.368313720700026,1.694262059670102
2016-06-04,20.171269397232212,36.43440745771221,1016.1883740338043,6.983556424448014,0.2495588522102341
2016-06-05,18.78667780741395,44.54986109693505,996.4122537491397,3.2935142373302275,0.006297055207915236
2016-06-06,23.2207761179763,48.06918823420698,1020.5901297058219,2.2267742953100056,0.3921842568403122
2016-06-07,19.727816230089612,38.32636704831134,1001.8781369872144,1.2408478517273558,0.0
2016-06-08,23.845428630199336,36.560474594556894,1028.5918229048234,2.614474962758498,0.0
2016-06-09,22.276723809676607,69.97460143615754,1012.5122373549939,8.14152996500899,2.821399718668664
2016-06-10,22.234892659662435,40.27689963202991,1000.5360650146084,4.831742821163977,1.3339616658682019
2016-06-11,15.843260099766354,48.847946262386756,1001.5801392930732,8.488942641175525,3.438677586776678
2016-06-12,23.332437570196603,44.66141120690884,1016.4809529178734,3.140386788126344,0.2748194765819494
2016-06-13,20.234443882803927,45.66920998089362,1009.0870011010162,7.1213184803196885,0.09899768080995175
2016-06-14,18.095628710249628,57.16565304456621,1012.0334609038185,2.847504193746735,4.291812312749464
2016-06-15,19.385147792946857,59.78885560824707,1029.1278023269704,2.1032749813704834,5.406277023943149
2016-06-16,13.376627008519073,50.25214218042454,1006.0075593577093,4.678618348487971,1.0805526639179137
2016-06-17,19.680543487901197,37.79494539012592,1013.5996285769571,3.0051004660400107,0.0
2016-06-18,15.114699207050727,65.18705267496367,1027.1984448737305,0.3715335528883621,3.8933406218106112
2016-06-19,13.892082489373042,52.100547843346654,1015.705134754664,4.45305589784902,3.275316293045774
2016-06-20,13.129421227229761,70.73850753495681,996.93397264642,5.3193062492938665,2.110228090807936
2016-06-21,20.780170319047535,27.154055864824606,1018.0538901173213,8.805075834488203,0.0
2016-06-22,15.299197772719761,54.30443332647332,1001.3699714221656,7.81041703139918,2.2056980820591137
2016-06-23,21.532405791538217,68.41986044299297,1027.0680752873297,8.659829597698494,2.793893946995194
2016-06-24,15.067480717668534,48.93361828678415,1004.7713239500202,7.161072495180525,2.6640900233839844
2016-06-25,11.295977374479145,52.09707707941406,1042.6950950774567,5.997838276849924,1.3275663885307165
2016-06-26,12.811223868655969,56.5495049815754,1027.6737598832767,1.3131652805843226,2.9137695951917473
2016-06-27,19.61063402050771,44.60672480089657,1005.0338743037203,5.449616593805824,0.916635523221481
2016-06-28,15.177638961257957,49.290461198843694,1013.2001380500161,6.790381331992442,0.5003200626199202
2016-06-29,13.742414713935192,49.750641701118376,1020.5364428163347,9.372313848111308,1.8404169786945026
2016-06-30,15.609159630888692,45.921212840291915,1020.8366047422671,7.058865625195441,2.262628041978382
2016-07-01,16.376243255172316,64.10044387441944,1017.423362599762,8.721150303816266,8.702119110137367
2016-07-02,17.964919844300397,55.628320400814154,1025.521590369661,1.904006325904283,1.5192551141468873
2016-07-03,18.700164194610824,53.15620022372761,1011.7703105336564,4.020747121555715,0.4489095931721925
2016-07-04,13.01749490214585,61.576962617828244,1009.3328233142397,6.288052140983813,9.998602799398522
2016-07-05,9.861059753251936,52.42591179133936,1009.5313601207539,8.482858072227684,2.197895307322239
2016-07-06,12.34155326937218,46.0871851817849,1021.5837323197213,4.564314062483241,5.463014593941773
2016-07-07,14.105956412923243,46.9207787473928,1016.6518104030265,4.75266212255254,0.0
2016-07-08,10.177500559579459,54.92908013125636,1015.9128366569025,7.0614209180089365,1.330111567833356
2016-07-09,9.941559301516754,44.437103265512604,1020.9523424925718,1.622387518564627,0.0
2016-07-10,13.58925845057191,48.20276060884729,992.4894759214615,9.822213649470287,3.430088942213146
2016-07-11,12.157544159405216,48.760061501583046,1016.1006882387516,2.362591720676946,4.122253753036512
2016-07-12,12.148297639331117,75.17141347862457,1015.1856888887371,0.7557682706779092,3.9086894027689647
2016-07-13,9.521700264302853,27.501000468509407,1029.688080813007,5.030201025567742,0.0
2016-07-14,10.854212803923518,52.77669638398191,997.7141201773634,10.095376107126695,0.5495816554662243
2016-07-15,8.521967859981057,72.99595399815718,1028.5718663237676,6.75935939100083,4.073856068661029
2016-07-16,13.715612842454252,54.360638220097414,1013.7540912892466,7.253271629010899,1.848027507535077
2016-07-17,13.902287876183017,60.583030796119424,1017.8898953066005,5.124157286921343,3.4318076269746247
2016-07-18,5.0107441241833675,58.492891088906,1029.7591878760938,4.542867508186469,1.5775725038721227
2016-07-19,7.51486180538537,49.56923528514251,1018.6076126800557,0.3652718912206536,0.9864837100105152
2016-07-20,5.569285001361811,34.79619815422997,1017.0036828946256,1.7781587737125584,0.0
2016-07-21,7.865743506718307,58.12168511700388,1015.4229118580232,5.58881701532259,2.6961192904692894
2016-07-22,9.323980129682406,47.581943889134884,1008.1652186500562,8.937647583020677,0.8585179500798821
2016-07-23,4.985444862844941,49.503923506924494,1012.715108754896,6.0324011144841965,4.995974123524165
2016-07-24,6.330566410777065,51.84484423482035,1005.8448723387725,6.87079858115604,2.2377354972621903
2016-07-25,5.847788501521189,74.52471981547434,1012.5543310057452,9.751152636918619,3.4697762613681955
2016-07-26,9.246796888653524,79.42497697821297,989.640693029449,5.986300554323174,3.5544319734523713
2016-07-27,8.600251245851323,57.871953752358344,1017.2903956756755,4.632034699077141,5.500959956144069
2016-07-28,5.996186937361356,52.354234292202044,1011.7826274621638,2.544425583049805,0.26822103419227805
2016-07-29,8.463070001310236,43.99620082483278,1009.6379626333323,11.066637688916257,0.19137987103716725
2016-07-30,6.065869139607852,61.65246704565676,1015.1975808394014,6.579643337461041,6.912473652206425
2016-07-31,6.666407467335207,74.49585226698383,998.6643607703456,2.1691948522420077,4.572409035449172
2016-08-01,12.279420405657822,51.386885926919526,1032.292699966213,1.4864969965962898,1.6603378762059093
2016-08-02,11.060432432942047,30.679823375996733,1011.972325385124,8.759191180786738,0.0
2016-08-03,2.9226497111074456,65.23917186260152,1011.5415556702781,1.8876749107750235,5.107933477603756
2016-08-04,9.09535831748488,65.30631795575806,1003.3460378986708,10.561502472506664,1.9874442016693477
2016-08-05,8.827605644909912,39.72774077368657,1013.2394638244926,3.269388391272134,0.0
2016-08-06,2.7384313493550447,60.39562616195201,1026.8695989027328,9.26778559336993,1.4655806328155025
2016-08-07,8.431971982890742,60.29627416991562,1023.3591620943204,6.460684433485893,1.3739329912127785
2016-08-08,10.384526755787743,54.076663602016744,1021.5443775114055,5.355783269170622,6.5362238201197655
2016-08-09,2.200923362329241,50.991829127981845,1018.4639895166728,4.473624694874712,1.9419482410756979
2016-08-10,2.6166708384087545,68.85103681643119,1009.4145747243739,10.67218954578209,3.91642619516693
2016-08-11,8.225639042394231,51.85338301911606,998.498368329633,7.12117657520361,6.357767046421956
2016-08-12,5.793527969273945,42.25137438836371,1010.9896122813336,2.290389173313646,0.0
2016-08-13,6.442827683563332,36.28384130152152,1010.6412853546632,0.15672986808664469,0.0
2016-08-14,5.622549245896834,69.79722057704468,1023.4879443967125,5.531891639441925,3.806729543831694
2016-08-15,5.588333611176772,63.372472959122796,1016.0939044245982,4.996786599387757,2.755169842359132
2016-08-16,0.25542990992732895,60.752020516328024,1029.1231152790356,0.44039588787347306,2.3740383320321694
2016-08-17,7.19858980856703,51.99795872720845,1024.9748854003817,4.833819423552993,0.3275511358591363
2016-08-18,7.390439814554384,51.014795950691536,1008.435043904959,3.278196100777399,1.3133457540838174
2016-08-19,3.0218253548157925,47.73172083817599,995.0487080338013,5.027870204920084,0.45129002474022606
2016-08-20,3.41123995870027,53.97982357505102,1026.8557523394147,7.177770834945205,1.0399490757345304
2016-08-21,-1.2165831281727746,39.40741941288464,1026.5938522323074,9.477829842392106,0.0
2016-08-22,4.758016441872789,50.26035524437847,999.3378840909777,7.726667109107861,0.8345522767058703
2016-08-23,4.773429368403201,54.50391015228746,1028.092400198275,2.835677750509383,1.3216203870683625
2016-08-24,2.716227754187897,64.74068659481024,1016.8211717059252,6.106745386487583,2.212650692148638
2016-08-25,6.124989307922772,56.538240712304976,1014.6068549812566,5.189321364476072,8.356876451918039
2016-08-26,1.6024553262015373,67.14800347565482,1029.1478325424732,1.003613136107297,7.1129144349271645
2016-08-27,4.154935586401253,71.41388325793366,1026.4468517323062,6.1946983540768175,3.8504164596213752
2016-08-28,-0.737728876372298,70.95056537642716,1019.513309519952,10.57001701375314,10.027469947916742
2016-08-29,2.1145110011298818,63.64784297322063,1017.7321706581198,5.097279812561012,10.83033926324749
2016-08-30,1.52980530554282,59.35372413903643,1019.1639429053035,0.21745196082379792,1.81529829245188
2016-08-31,2.6003289854829994,48.89195542312291,1008.9994256611748,5.0908060133258575,1.0674458275031076
2016-09-01,0.6912361538968899,67.05382243684471,1012.4489855026768,1.3588634030802496,8.096764452283159
2016-09-02,1.2847223735426014,76.15511263544398,1003.9768284540546,7.590816520658864,4.491695590867205
2016-09-03,4.040552153300886,61.40078431985374,1009.6696022426108,6.574594975175387,1.618952279728006
2016-09-04,0.13937025341508558,79.10290635755369,1009.3336612133106,4.48726983957577,5.248664896682449
2016-09-05,-3.4788007536292813,46.48368329620381,1006.6469463037834,4.0065072024325366,0.10907272732321033
2016-09-06,6.484997321725361,45.21586749134191,1014.3674650264846,4.36329709515336,0.3506723521002689
2016-09-07,5.280001403175059,65.9120143758951,1009.7601914929942,5.024823483026961,2.1076037461349153
2016-09-08,-2.837647050886546,64.06172562697579,1018.0223472035198,2.6832949359753733,1.968195214728172
2016-09-09,3.01590322130411,71.62987015506602,996.7767938670623,0.8367407569956891,2.1723199205870745
2016-09-10,-0.6503414625103385,60.17045432398778,1011.866452058927,8.416096840083945,5.269421404685192
2016-09-11,1.5650379458106043,50.53772680181138,1014.315516401775,3.843797070509125,0.7556995239541996
2016-09-12,1.5774574375837995,57.075338859157675,1009.8937076016311,5.501129312507432,0.888202680003938
2016-09-13,-0.08399065575841291,44.715155618641866,1011.2760730019077,5.855845853502483,0.0
2016-09-14,-1.8033552252214191,49.615770881640366,997.1475398927014,5.9660614389656415,1.585520849359002
2016-09-15,-1.590689902309741,70.51978493033498,1016.5647710466949,1.4785460087047273,11.953096759694633
2016-09-16,-2.330348695879645,69.89304849263593,1019.4760598256707,0.0275204936555431,2.302665025062858
2016-09-17,-2.1356248841768566,64.6978552901492,1017.9353729420377,3.233922425924024,1.6796662501070827
2016-09-18,0.10425975516958313,42.73709491281052,1023.3872705944218,6.18713459725086,0.4272980668518144
2016-09-19,-1.8911782470319887,57.361553368387106,1015.015296057825,2.816150397577061,2.393316115378185
2016-09-20,2.2569339476804053,46.62153413955929,1017.7868118065094,3.935235938902299,0.35951129119519015
2016-09-21,4.631574612522677,69.44954523161631,1014.5609073845685,11.381892241248705,2.66552340244813
2016-09-22,-1.6068706840119487,54.966214006379964,1019.8755071959249,0.536271654413607,1.6015718422563667
2016-09-23,0.8193607625949165,48.73284251088705,997.2277036386788,2.7348980122685043,0.6274641326316397
2016-09-24,1.5724756643983402,59.511723819015074,1004.0641903202198,10.689812205721784,5.889197650564863
2016-09-25,1.4661232864452725,52.86539378843125,1028.8689965703309,4.86620398401433,0.3722595423849219
2016-09-26,0.25910839076737885,74.70788490665338,988.395641779038,2.8820445035032685,3.0054239315252635
2016-09-27,2.2448515213036644,51.52946526400626,1011.5982207017465,8.50630675103336,3.4592329397780652
2016-09-28,1.4535526477316114,45.28094108388788,1024.7227495960806,5.165691309443334,3.119124631155961
2016-09-29,-3.711737146802961,40.326733415826325,1012.0673933445823,3.9550748148679817,0.0
2016-09-30,2.6076070971249683,58.38833142730336,1008.949889285493,5.577106781112533,8.120036748117448
2016-10-01,2.665344982101862,53.04802637036981,1014.294216768153,3.0256735718517014,2.6689307626033107
2016-10-02,-2.2786084811309975,46.85025817544823,1009.4687981999755,1.9475268113357647,0.3215642177905633
2016-10-03,0.13728218900934208,71.82362351805318,1013.3084949275694,4.659209217095755,3.400113629779381
2016-10-04,2.0901123818108753,65.62739528338699,1006.1661896347987,1.9670091197719786,2.2679307073373107
2016-10-05,-0.5667264009457726,60.00118441110059,1024.0867441995572,5.032079935389441,1.3252086533894532
2016-10-06,3.305665539888757,71.99042967176429,1027.2326492106565,6.063219702423017,2.887344833467323
2016-10-07,7.208284342589096,63.02121816269158,1011.6660967788838,7.5591813681548325,3.0375607971718876
2016-10-08,-2.206945524215242,52.8749137469233,999.1351057930875,8.383774956550482,3.784543029333883
2016-10-09,-3.95337544537112,51.5844860827779,1007.761568296866,3.782790495103245,1.0620816909813382
2016-10-10,1.1443485355332428,67.60764117677199,1011.1601133989703,6.498243823817208,2.615883551730943
2016-10-11,2.445090461304291,62.741124334021364,1018.0553887690321,6.477570338619069,2.5363386483289285
2016-10-12,-0.36032424411915664,61.87763980176619,1002.9198677682932,5.983456147447952,3.2565368627918465
2016-10-13,4.748275162376794,49.160884390122526,1005.3083768135785,3.5616217671486243,2.701649238602428
2016-10-14,-3.566776226942352,67.86286378352871,1018.1067613785881,1.9157965626076678,2.5777105405004086
2016-10-15,2.592656804272008,51.1486827665245,1022.3890883203956,6.506005667199679,1.8803503553279037
2016-10-16,-1.234529220361192,59.59739806424382,1006.7840595482932,0.12058768657914953,1.9462379448171805
2016-10-17,5.814611319743303,71.56213580399815,999.66782946049,4.196481702295067,4.676593493783161
2016-10-18,6.711698315077051,50.03580848436001,1045.8411820128788,2.6608930469457945,0.36344947473460026
2016-10-19,-1.4839155747571855,45.01206521664999,1020.8330423708871,0.99079272992521,0.09512275291247313
2016-10-20,-0.7465122768541699,49.84778421972598,1010.3299623823297,2.3685981846577264,1.095240720478579
2016-10-21,3.5712052285955282,68.15738565257847,1021.6903127553084,8.290172622887852,6.219676411778794
2016-10-22,-0.07451720305649179,62.58456997533034,1011.7554337028557,7.0643240732128065,2.9619260569001837
2016-10-23,1.0491970304537641,58.18662769788558,1021.6715688910018,3.338195948473273,7.546241639871645
2016-10-24,1.3642454388472247,54.2269392274607,1014.5939319777622,7.188109385389252,0.640711994656578
2016-10-25,-4.364226660632511,67.03571240584816,1013.9127189816758,7.6628688901411905,2.936593305165042
2016-10-26,1.464023716933638,50.776939631630945,1011.8641813176921,4.518005454875835,1.1639733528729916
2016-10-27,-0.44890351908575266,63.281107445968836,998.5261866653691,0.8468655673589289,3.1617233561458056
2016-10-28,0.25961888365022867,52.557644870045316,1032.3809489939315,4.376263069801658,3.5980146516322384
2016-10-29,6.192520433242793,47.927145930628065,1003.5846607973226,4.706322784483591,3.4760602432917804
2016-10-30,-1.7813660037817258,54.51580865364075,999.399764236894,1.302636827509322,2.6700859090177644
2016-10-31,4.5581561861068876,53.96684744210694,1010.8714011724363,6.1011403787899035,2.44854086125864
2016-11-01,1.4158548360916594,58.80377422261714,1003.385281864895,5.839435562907066,6.833395562005306
2016-11-02,1.5514434099953218,61.57883624611348,1012.4828720943973,6.33512809968256,2.1258855831967165
2016-11-03,4.903556292668016,20.664568939381553,1019.8776384856177,5.83676929150233,0.6433864695129197
2016-11-04,3.6980055841704527,50.07449163044712,1022.9530290052923,7.189529105344949,5.096857431452031
2016-11-05,4.538753106548175,53.814923673165524,1021.1473072162169,4.4620159163809054,1.7342268533189087
2016-11-06,5.884137658978428,72.10855155659408,1009.9436794521432,5.60535532211286,4.822885252839685
2016-11-07,2.141889999098371,48.129028916629494,1013.4959182766158,3.806779147263404,0.7593841584001674
2016-11-08,1.458852030415108,60.89854016579157,1017.0787905089749,3.246502353134149,1.4358935563741007
2016-11-09,0.20332601706753373,74.84864008882461,995.4221257605793,9.014748892286228,4.251078311755484
2016-11-10,1.1491812828846961,46.29572405908492,1018.7058470011985,1.1313061045794894,0.06705803060444804
2016-11-11,12.642701960477849,57.6184012784051,998.4270071241617,7.630279967462792,1.9853400075544978
2016-11-12,7.702783397750574,48.12588996177951,1033.403465989065,3.138377373663018,3.937825706195496
2016-11-13,0.09211632693724958,54.907604413639035,1008.954849153583,2.749885467070637,0.6706496545481901
2016-11-14,0.3577767955426645,51.79000326269552,1011.1512482280541,5.784732452196221,0.24080251516429785
2016-11-15,5.953723279380768,49.70456527615076,1005.3029290076214,0.5311711629469915,1.8356923603112962
2016-11-16,6.336002883778889,84.05112003717548,1006.7002996814431,2.551930784161391,4.209237787930424
2016-11-17,6.529997223457908,65.1795601089877,1035.7409356914325,2.452581060461024,2.600311619308683
2016-11-18,4.310613345704721,68.86207194500973,1022.403696886233,4.335805225444715,2.9269849020887264
2016-11-19,4.894193804466572,62.47283796613168,997.5079755485216,2.587586935517934,1.4284908474342437
2016-11-20,6.45215405912541,40.71135508641772,1028.0421290068523,9.803356056917806,0.0
2016-11-21,5.92697779226697,60.986090807099586,1024.9324227514144,10.391049549493863,5.672490157426527
2016-11-22,-0.7850541699695022,71.12182323005821,1010.1878753771172,1.0659805682441892,2.603468276718652
2016-11-23,5.389700803862958,48.77115485767741,1016.0669694202984,6.632968114297209,0.987642503009532
2016-11-24,3.733776595412041,67.78637837390525,1012.8505592057893,7.5759903172327245,8.924446147970945
2016-11-25,7.02510791235876,63.53080814236141,1032.7257990444693,6.628955607173316,4.859265347899315
2016-11-26,15.669247310295926,70.68577679298873,1005.0370981100791,3.0256595207249166,2.2970009450683606
2016-11-27,8.032367423348425,51.805986163189594,1014.4601060977573,4.267713313524376,1.6012627395892038
2016-11-28,6.208176830999552,45.91980176174296,1008.718546690072,2.7551760356669135,2.211232283270962
2016-11-29,10.135340348150194,51.31604873219945,998.6695959538215,3.7392079065235144,2.5288643146560807
2016-11-30,9.041430409227978,69.83499472702223,1034.9163825505498,1.3701049139984716,4.844759953623229
2016-12-01,9.0792758696187,37.17630325677102,1001.1843342089759,4.655633535096349,0.0
2016-12-02,9.867297716104245,34.382593987637556,1015.2012918748777,0.49159486608479064,0.0
2016-12-03,14.446190568382466,53.6708575051249,995.5929939361966,4.399596337315587,1.6175860263598205
2016-12-04,5.115700805765776,53.01625666937555,1009.009294607569,1.2542549327007064,2.389233346588128
2016-12-05,10.162992191249609,54.99578283613204,1017.2196882143346,5.6204490853742115,2.375588295706485
2016-12-06,6.198536771965779,66.35384932637577,1004.7526602049763,2.961741317171328,1.7816493298565645
2016-12-07,10.881586845372633,49.03351311612516,1018.8680185073565,5.871741043623612,0.03766706830861924
2016-12-08,6.69807232218162,37.92090552960299,1010.3095890811192,8.244742185094346,5.511692731665403
2016-12-09,8.442757726539165,76.22343670872985,1024.6008251239862,9.768340808314125,2.9516341774238395
2016-12-10,9.05188676337458,45.50177374392494,1026.6176091334023,2.584013767061471,0.2477679829963575
2016-12-11,13.10840523264865,42.8554261635547,1007.1325523926998,2.4974177183786517,2.2044298947131913
2016-12-12,13.181544961982901,64.44642765623452,1013.7673285939296,4.090741768663958,2.4988138910215643
2016-12-13,6.935611377451699,52.687303100858976,1014.8345422647224,6.380983455144449,0.669208195416477
2016-12-14,11.085429969987967,53.82338649465791,1019.193492954347,0.04893648753641244,1.6416785278886712
2016-12-15,9.04096100900966,60.30742073609835,1013.1438199624426,2.053722779599353,2.713804310609147
2016-12-16,7.644393777884748,67.01363414215758,1014.9021095934285,5.39107160797133,2.9071232011744725
2016-12-17,11.020126153664389,51.15532999135009,1010.5659352520488,5.254664724580001,5.140814220936305
2016-12-18,10.997984136603254,69.70052799084137,1014.1523986697201,6.1328552192602785,2.640157315898028
2016-12-19,19.45674881138791,28.91362710695799,1025.9794019353512,6.331027180664348,0.056833664729483147
2016-12-20,13.729482313359922,60.73313121285081,1019.4608324121185,6.0157832993475875,1.3115440904019044
2016-12-21,8.552515187773071,47.32846682593689,1020.0125563944337,5.580965949894478,0.7289467026012411
2016-12-22,11.246496405788196,68.09946496318582,1020.2307032413557,5.167219319979104,4.511748820249721
2016-12-23,16.261029212797904,53.2899301819065,1011.4619122211897,6.994289269173088,0.8383051618505497
2016-12-24,19.718802856898243,43.411545251456864,1016.1882704357953,1.717967999692675,1.123234224969671
2016-12-25,8.952578082224425,62.152121889104116,1002.1482632166426,9.633000460913703,1.548353570074744
2016-12-26,8.328190442548056,64.76778825079849,1025.6880765631695,1.6134461526409716,1.6935126443301483
2016-12-27,19.838600517766537,56.499640969703115,985.1703956765678,1.7625145492865237,2.1314177978021513
2016-12-28,15.652518357771523,41.87677842478363,1012.1285160766457,4.319717610049565,1.4356057051496496
2016-12-29,12.13692146203337,49.09136803276247,1024.4089597715029,7.0178386732695275,0.14978522572339548
2016-12-30,16.603887258367315,51.657327999601996,999.3613206637066,3.985800672398849,5.162355036102055
2016-12-31,7.350957125286875,55.91192491085596,1016.9977991761685,4.915627028174497,1.1029709199452284
2017-01-01,15.268326862129003,59.863291323318975,1006.1923355342097,7.377185118247203,1.2419397583191825
2017-01-02,16.49978769287044,31.601093828498698,1009.3119673481114,7.9835543480854305,0.0
2017-01-03,18.547105426962297,54.06971783205388,1022.4594096063944,2.9080110245076236,0.778600979613816
2017-01-04,12.990348545157186,50.60501218305501,1014.9805692588515,4.097494139134903,0.25060587575553256
2017-01-05,16.546533465271775,43.34172710352459,992.6564413211564,3.1515556133221168,2.5315567717191403
2017-01-06,13.77025158353276,45.69000643053763,1003.235744602684,3.821976039421747,0.9375252782528505
2017-01-07,17.569271940513243,49.06998738456374,1022.7533573488876,1.904520347814695,0.8907429697727572
2017-01-08,14.3731426146099,20.0,1017.48942718193,2.332243512587246,3.0167406764186486
2017-01-09,16.090329792483555,44.941939395842724,1030.4813557252428,6.303130766085104,0.42146865225802377
2017-01-10,14.581950978351479,43.95087626436133,1029.826475940133,5.394846119818226,0.0
2017-01-11,19.776809373119633,55.439427406666425,1009.577548698532,6.4747595227714205,1.1844714320492835
2017-01-12,20.651920847999286,41.61877275089515,1038.032378050695,5.642043169102511,0.0
2017-01-13,17.62496098519024,49.03638150569998,1013.244796698519,7.113015803442787,1.2849039568354983
2017-01-14,18.694805474969336,66.07536353912835,1003.3733146559098,7.6346419944649835,2.2967612579010375
2017-01-15,14.484525182842173,62.70125260673315,1006.6636013408943,0.22514985959831257,2.7217187988093987
2017-01-16,18.18034241899122,59.93254278993892,990.4327489471058,2.4370710487569123,3.2063018329194812
2017-01-17,19.1766226420839,45.41296437484953,1029.070190082493,4.3058721275298835,2.5451449418176733
2017-01-18,27.43619764293426,51.712223971429395,1028.9476198904385,4.9319674235379765,2.6480595519399395
2017-01-19,16.483143848062976,49.41945007143257,1002.8449256118668,2.9897282785458996,0.40225796731581037
2017-01-20,24.455375210169013,45.81138028814612,1010.721157116181,7.736071012964917,0.0
2017-01-21,23.295718153042998,52.448994360944,1013.9560754411258,10.939845104871797,1.8086383527846095
2017-01-22,21.387777356830505,43.33617543737543,1003.3964694785789,5.558485866745202,0.0
2017-01-23,26.060812546239507,61.89962477131228,995.4489796872883,5.253023096594633,1.367480039346288
2017-01-24,22.138636255910182,47.32938047606554,1010.8964239622309,7.548368765312993,1.230656781607402
2017-01-25,22.42538162618854,54.97091484950238,1009.7892057054075,0.5975192656103081,1.288499842977909
2017-01-26,21.33227192920383,63.88986882797107,1009.1158875901123,5.085406821315232,4.21138277261908
2017-01-27,25.394146773362042,57.61946435907073,1015.2271606260097,7.93710747640255,1.5162605061131758
2017-01-28,25.242661764975416,33.28947809060704,1027.2951965852599,3.0705380083966647,6.028653982474918
2017-01-29,20.30397573924819,54.29697108047475,1009.9690728030828,1.320318260294104,3.271660789178946
2017-01-30,18.448891668603355,59.282748110304794,1014.7044299872136,4.442583169700665,1.047123591459586
2017-01-31,22.021122245594597,57.90806909881019,1020.2687052374494,4.817943700394238,2.2129109102004376
2017-02-01,20.451118417290317,38.64149245020853,1018.5414292651275,2.274043154253625,0.5180573299592242
2017-02-02,22.879503849228428,41.98989570521255,1006.8557647555216,11.288483828152852,1.575862549043424
2017-02-03,26.998844101566714,56.446160306632855,1013.9637712311404,3.563910856976163,2.0221169394815552
2017-02-04,22.128621379106395,41.31808560362035,1018.4753982016905,1.539021945720294,0.4529501539614774
2017-02-05,23.58353395787229,45.21127245442071,1001.7164866248922,4.719136042788166,0.4386647577039231
2017-02-06,24.094968508836637,63.71127384060137,1025.6353901079651,7.723581913113474,2.0045566781872832
2017-02-07,26.67244569834275,46.18578464698072,1027.315889052141,5.052242746994693,5.463549968518395
2017-02-08,17.590033224659194,43.937242009331975,1005.7721974455551,6.4567817601320066,0.15799300582300935
2017-02-09,22.711383629056773,39.86813461684257,1014.9367001834817,2.385468217000528,0.0
2017-02-10,25.36329449236314,50.64554604967031,1019.4227825667103,9.46306533921054,0.4306816432311138
2017-02-11,28.524756142914757,32.406141843770534,1007.5438584367125,6.68513308375533,2.134308264556487
2017-02-12,23.640946939975567,45.706166891048035,1017.8161384568809,8.14310470663283,1.3374578320003898
2017-02-13,19.67613339022938,53.494238654785526,1014.6325562629216,6.095481897425508,3.3666240272946086
2017-02-14,27.35100924367311,59.31599358364012,998.320818223612,7.474652113186353,4.240276892396859
2017-02-15,23.768762167749735,54.791099719825084,1017.5916131597855,2.380842320968318,3.944994480294508
2017-02-16,22.285660597167603,41.71651852159441,1001.9985758372896,3.525768749931313,0.7713966962005722
2017-02-17,24.158219175320106,59.70508358797714,1022.3920285166205,9.039441786668089,1.3603996005488515
2017-02-18,25.65100524248078,44.17934700328483,1006.2878892486611,9.679225841851892,0.0
2017-02-19,24.560353133563797,35.362793212724014,1011.3871456633885,1.5588032008427692,0.24283804425659028
2017-02-20,19.92452423196186,48.31732429136434,1026.7227891344658,5.7492082035914365,0.7447683035950218
2017-02-21,29.395636356723028,59.683873833095504,1017.9638164652885,3.707168598544318,2.601496475211452
2017-02-22,30.688809975187826,46.30799551305534,1002.2052608042545,2.908905591905415,1.0110145384429359
2017-02-23,28.974982296638668,45.63772749497853,1002.8508342920092,5.85451908606635,1.407374920033059
2017-02-24,23.760028873835967,64.49210201011056,1007.0069721137628,8.422888797096224,1.514487570356497
2017-02-25,26.71767369769366,32.3276146806089,1016.9464408335666,6.3549874198525815,0.0
2017-02-26,27.447995449798743,33.42001113457291,1016.5829981493276,4.041462650242895,0.8993591226216662
2017-02-27,29.405659253202906,29.13870566373022,1004.5689769533714,6.54458353980548,0.0
2017-02-28,29.75227783906716,48.85034294526697,1001.3279051438564,3.920071479257297,1.9972808056112505
2017-03-01,25.678937977801557,48.82546228225047,1015.8158340508584,6.236342902191806,1.4644010525716364
2017-03-02,28.257831990184638,61.29844767770544,1011.1813993420984,9.189397101367199,9.141904691872755
2017-03-03,29.510216791009366,47.67964237586302,1034.5721588744773,1.2314789779024835,3.3765096526982994
2017-03-04,32.62847961559075,39.6441885974116,1013.3660365656308,7.3917568956201,0.030338165605167333
2017-03-05,30.493239816367396,44.771328820597375,1031.1425282770028,0.382835235288594,1.39350959606695
2017-03-06,30.861633106910208,45.74625763115448,1001.2961640189566,8.684983131633384,0.0
2017-03-07,28.856687075827622,28.85404372880452,997.2678706043829,3.0889231703814177,0.0
2017-03-08,32.943297258390515,70.63166781415367,1001.7991486747446,1.346985867180548,4.710840847916243
2017-03-09,30.04385770362801,50.17678132920511,1024.8912978145347,7.0858076812662425,1.9669568151507366
2017-03-10,26.32986152316724,48.935152318642274,1030.5610158969353,6.092510189427232,1.2186399323806023
2017-03-11,33.21766834271945,49.54280567142608,1005.1782054604737,2.0024392911150257,0.3427347109157603
2017-03-12,31.191550686745515,51.49833446249329,1008.3943397024044,1.2410007284948188,3.400418579540267
2017-03-13,27.85481374802169,44.667058270964844,1001.310190897875,4.437555537526153,0.10482181652634937
2017-03-14,27.827368842229575,39.77390421647821,994.8836015288161,1.3877391494864102,2.412317503930268
2017-03-15,30.23324903430087,50.877882346066606,1020.1841169777663,1.815581081229117,1.9792739876085272
2017-03-16,30.806501143887267,48.4538578333709,1015.2302030296216,5.346862371264301,0.7781467543036502
2017-03-17,30.077975861716443,36.8621110782477,1013.1048798267387,2.10238509723471,0.0
2017-03-18,30.484884848101263,58.94791368962201,998.9994346283662,6.279617870079629,1.4238134986481614
2017-03-19,34.71137895131545,45.577830887572105,1029.3995668182865,9.47043078765043,3.95551158927506
2017-03-20,32.88235457928951,50.85701633303155,1007.9664326195052,4.554333755298253,3.492916901771941
2017-03-21,30.291503827869214,58.773456962864586,1018.3362642481648,5.390453185956754,2.5879877434254492
2017-03-22,32.59103899358383,43.92336871485644,998.4543859475527,11.054290198506461,0.6482638465246835
2017-03-23,26.712669925327177,49.81318510717757,1011.0947481037996,1.4371966478679594,2.0647014997033306
2017-03-24,31.04276857615072,52.57888809698581,1015.9137445623859,8.573705585542225,1.513537223482422
2017-03-25,35.311252190468316,35.09576306676532,1016.2707521805331,8.212572793737447,0.5769387249050504
2017-03-26,29.259130917232156,45.91095116984393,1014.5464854323662,7.562952017521349,0.3257122495112774
2017-03-27,27.395883156350433,47.55754428833627,1017.9452249204877,8.875243552197894,3.402220248660562
2017-03-28,28.003607930843152,36.43761051774448,1001.6947954396704,5.8417248978758565,1.064533662059474
2017-03-29,26.7076322053063,69.82255178408563,1014.9737260543966,3.2512115132021977,2.7831375619638434
2017-03-30,27.634464444212142,32.10983334296991,1014.1375768348028,8.283719873661703,1.7627490566177695
2017-03-31,28.885003233928273,32.576459346164285,1015.3167268419506,8.398526635138685,0.0
2017-04-01,25.783160038506924,60.250685737782334,1013.7234521731918,8.315941704479863,1.408937071208965
2017-04-02,30.045604881669878,52.109860067130484,1000.267872260866,5.133506246957709,0.37278248812918147
2017-04-03,32.7000257316703,33.39033895935707,999.8220024789102,2.8514164591600206,0.7443528810454985
2017-04-04,27.259927193334743,52.442926554349555,990.8573181411545,5.574086762334834,4.251044149720255
2017-04-05,34.52660918390619,57.41519985802,1021.175345098453,7.8266900527035075,4.036235611208124
2017-04-06,31.482259791895338,43.95623952808248,1021.276575097352,8.073055369579897,1.5278233303757915
2017-04-07,33.01832142338264,69.4790682890545,1021.4355029122212,3.710971618776215,2.252752971322133
2017-04-08,27.925349077454804,28.796707352592247,1016.0678996246145,5.94611868838217,0.0
2017-04-09,32.43028664110167,50.72309121804018,991.6688078228188,1.0736650865421318,0.9186396624874382
2017-04-10,26.55436215229917,58.388102286060445,1002.7328950821474,7.954850309017553,4.699624581296934
2017-04-11,32.45996475196698,52.683456640068975,1014.7041541759311,2.6500737298248094,6.794851337775652
2017-04-12,30.25941629908033,42.826734584003354,1014.355180027918,7.355766078714642,0.0
2017-04-13,31.353959034636702,41.41860566257016,1010.7725178684798,1.5520862678295146,2.013633892975588
2017-04-14,26.11337444261097,51.38476448956709,1016.6891720290824,8.094247719302023,1.844494403483042
2017-04-15,26.896563422606107,54.70926315521764,1013.1165170768525,5.965505570068311,0.5355747366239334
2017-04-16,31.310751400121116,50.36935866276308,1014.2077046555136,2.655926913149161,1.602713592507892
2017-04-17,26.60701421578963,57.097071800039075,1006.6093466716799,7.0740691432415765,3.9888871120231135
2017-04-18,30.770386131106818,34.42610736377924,1022.8201098612159,3.228914924584008,0.0
2017-04-19,25.203801530075946,45.12038944372568,1008.6922839131962,7.2486651123353845,4.065125705979842
2017-04-20,31.769946338182578,34.714867509671166,999.6935091697937,4.177665573857835,0.0
2017-04-21,25.443847206550785,43.41694863586319,1005.2900098718127,0.1631413768889889,0.0
2017-04-22,30.710120007470046,54.797148914408034,1009.5153380863802,2.052751278557189,0.828277169615895
2017-04-23,30.837751766507694,45.660963323998445,1022.9400278836885,3.7087558739381468,3.194141688090013
2017-04-24,26.774045377607674,72.68156894269386,1012.577320015652,9.104567071245734,3.3483428199458696
2017-04-25,30.509834092145088,46.67914662582463,1011.1385178103435,7.703430891587675,2.85647701536138
2017-04-26,29.440396241413914,45.87672068509041,1000.5133657523737,9.871584236966426,1.1029712000988323
2017-04-27,26.933811466292052,47.59492346125614,1020.8548258982958,9.960905648089575,1.0694969178879803
2017-04-28,25.41192530879501,40.91595041700314,1006.4804784597661,3.3957475862272553,2.380825439753093
2017-04-29,22.43298276442466,48.20514249401173,1011.9997214105866,4.434539420723512,0.9220311508283253
2017-04-30,29.249133201502115,56.6533136703654,1027.8018307688187,3.7661602270083847,3.904638507773631
2017-05-01,23.38118646655366,49.449113448000894,1018.0876333104931,2.9854681840967703,0.15710439538959656
2017-05-02,28.233164519072595,37.94882044162898,996.7174595228482,0.5244841280093748,0.8177933740833994
2017-05-03,27.024487898000658,37.23690984621332,995.3048976364753,4.955756845949473,1.1489584323925353
2017-05-04,29.716164186610538,40.63989899003629,1012.3568954988075,1.1433032188666683,3.6511889902634467
2017-05-05,26.632745692809962,47.42226149770382,1000.872593851252,4.897484355397018,0.2502666837090835
2017-05-06,26.40696962181737,58.732380543853935,1019.48546747633,11.347312428688953,2.7270310037799588
2017-05-07,29.443682884553628,31.87327214405882,1013.4226306496498,3.471964711007874,0.0
2017-05-08,28.102373282066527,42.75055058007918,1014.6538476902386,5.584322016884202,0.24008752857440796
2017-05-09,27.891210828287573,47.497494780207006,1005.9325681835764,7.7199451574278495,0.0
2017-05-10,28.1925505956063,27.566667025902508,1030.413836552867,5.840873875897721,0.0
2017-05-11,22.016544250884294,40.65574504489379,1041.4259372801046,5.877452563826887,2.6934430885214335
2017-05-12,28.72869523181909,38.83676698672859,1010.2141527624328,3.91279269893576,1.6542938516079149
2017-05-13,28.127408795020937,37.976591863984545,1016.53039248415,4.304366074816302,0.0
2017-05-14,23.068280776999448,50.38475506171675,1013.9741734306431,2.119968433436515,3.564663051793431
2017-05-15,25.211121890274708,45.78884295984467,1010.4031313655893,7.538135026668223,0.0
2017-05-16,25.647231842256534,41.62352305286137,1004.679295322672,0.2244749698422872,1.1228053988142999
2017-05-17,25.18026379840247,51.68949436632511,1002.1503201251952,7.913265015146607,4.221525395218172
2017-05-18,26.40079830301027,64.03034802495736,1001.6440273447448,0.7889048457642724,5.054050770181635
2017-05-19,29.505701487648793,61.63971442359313,1017.0524002554914,7.887821822229957,2.0968960883315386
2017-05-20,28.26625814622149,26.639153206265892,1007.8032552179636,3.938547421363457,0.39873377143086497
2017-05-21,20.890687777842057,55.32537794943036,987.2170714985947,1.3043939356007592,1.6479116031196996
2017-05-22,26.4970306694666,44.97125176462832,1017.4485822059833,6.737895935238909,3.164015904943009
2017-05-23,28.418242177543746,47.34243233988169,1012.6173871753584,7.786302605227324,1.2475333746673258
2017-05-24,25.389694561517523,43.32232238381575,1026.4667300140115,3.6857640556893894,2.2273555345771223
2017-05-25,27.29730222393174,47.527235186906154,1016.73122397091,7.1618316460367994,0.0
2017-05-26,29.853590121489393,46.587278899975495,998.213264036897,1.8552534840080508,1.4420508233528648
2017-05-27,26.67771265688581,40.871626098067864,990.7032335927001,1.0382111307601987,0.6854414121843242
2017-05-28,24.141764723077834,38.96544216020927,1005.8052761566206,8.877226791406187,0.7796419235831884
2017-05-29,26.313872000364025,42.356107173623144,1006.7489257930634,4.328992177406252,1.6147094186176685
2017-05-30,23.395614221719676,50.64478553370781,1022.4315920100016,0.5866399793465433,5.069210190066235
2017-05-31,22.81264499509266,54.583640919296315,1012.9112906771043,2.903401458674019,3.538953626316885
2017-06-01,21.464384494545442,57.80129752612875,1024.3368849809851,2.229798582424758,1.276124459454645
2017-06-02,26.98433068312667,41.56593442776754,999.7516694429737,4.5021148055812255,2.6528014505823707
2017-06-03,19.612106617281952,53.03239236438639,1022.6526438438045,3.887747048577058,0.5636381133528301
2017-06-04,26.43570357666123,56.40717413120237,1020.2098915343092,5.536795186814483,2.5874905738015554
2017-06-05,23.10737413647854,60.10226188320201,992.817658885688,4.791601845162276,5.297184892105726
2017-06-06,17.177086575137487,50.82312817111604,1026.2261784126076,9.079217765111057,0.2955288578592218
2017-06-07,22.243287261208586,46.669039119999574,1013.9345849176635,6.2736457991590076,3.4570501184930595
2017-06-08,14.603774626892127,54.60935502491785,1016.9204450386851,6.373014833580758,3.6660660114821555
2017-06-09,22.54214352855258,37.23185350674966,1004.3510388757157,8.495471371683564,0.12463875140061664
2017-06-10,23.08140040991349,46.523204684688174,1025.7524701292198,3.833693748711255,0.39125502544390245
2017-06-11,18.407116823104843,58.242305573178875,1001.1414767076113,1.2143676699245445,1.8640918824504253
2017-06-12,20.311770321234704,56.26358613381966,1021.3209201837394,8.620910973896748,7.55195972848345
2017-06-13,25.559077915288263,44.51778499871698,1021.2060747590867,5.407525244324337,0.0
2017-06-14,17.93345217631655,53.21045592271339,1003.2583257182778,5.418053623696785,2.0541632711442084
2017-06-15,16.026737366818434,43.74012791368391,1032.8337359942257,3.100010235409291,0.0
2017-06-16,23.3999725983079,55.3349351830963,1015.3152848021751,3.1494340006892676,1.0250211207588775
2017-06-17,24.59309427880642,46.92523849923206,1019.5389261027102,7.54016701631253,2.574585850908999
2017-06-18,18.465672069002725,48.00764944853726,997.7287920466424,7.953967394412831,0.5215544822878304
2017-06-19,21.23720283782201,45.76416022015513,1034.1773000300857,7.351470217239975,8.080669556924164
2017-06-20,21.97452109349629,48.383800784253275,1000.7544305977491,7.378884816336425,1.227945285070749
2017-06-21,15.469046088268282,47.786700506546275,1023.2488643276592,6.707088611779277,1.23224065476637
2017-06-22,15.986187687974153,58.58833651603856,1003.0522828206831,5.3945681902344695,0.9328147131417072
2017-06-23,20.87961149326233,45.607358773207025,1006.8101119715232,4.473860947037059,5.831954803014581
2017-06-24,21.986265497914246,64.93650821131669,1020.8875404388544,8.63097154982466,1.8765371441065501
2017-06-25,18.363527687348494,65.47034119113957,1023.2755271367515,3.878837388528699,3.092889892410331
2017-06-26,13.778608186751821,44.195261008079044,1000.287157508859,6.109937641642241,0.42681110255545773
2017-06-27,22.121980523600268,49.63605243249267,1023.9047216905699,2.5879610061372604,1.0378920832977727
2017-06-28,14.310286467051002,46.33829055311255,1023.4498049513319,3.022102889448649,1.6955503595026475
2017-06-29,14.639920151553603,49.41356429233708,1003.620465911551,4.291536296428321,2.1112999815993785
2017-06-30,16.41429010687586,71.81712962301005,1028.9864759359111,2.5881848698185093,2.5168672220932815
2017-07-01,19.791586215474652,47.02849272110468,998.4314237175196,7.393555476434901,1.0874909287640735
2017-07-02,17.432822976326353,54.885848882611114,1006.7522741722238,0.9558972453649117,3.614432696431521
2017-07-03,15.857319897678744,57.484552991243405,1017.7900262409199,5.297688870143219,1.9198643081191167
2017-07-04,15.744532095286363,42.12144022752442,1004.4643371529739,5.397524290526544,0.0
2017-07-05,14.227344845443506,44.3353728331862,1015.6381908567934,0.43239873495904213,0.18501092326445778
2017-07-06,15.51362135505357,40.182965608392024,1015.4107607880329,3.676928538429174,0.0
2017-07-07,5.9932685196591,48.14365840119268,1011.1292573007728,5.7670986141444285,0.08329799682465139
2017-07-08,12.43529251596519,25.282052648845585,1021.3240053859056,6.286183979882204,0.0
2017-07-09,13.792743142961633,58.54945243645547,1010.7163920734237,4.387078374199502,2.4120775933653893
2017-07-10,9.359969795343362,75.86195351488902,1015.3154106881381,7.030664613442147,2.7372627666094598
2017-07-11,13.716864759356932,54.6197750106868,1024.464718774879,4.672051228291878,2.313767775953755
2017-07-12,11.690087551158204,39.992267631014826,1020.9068621002584,5.04095873622517,8.9299121472489
2017-07-13,17.31633374804283,44.9140692969791,1020.8601729081421,5.754961606959661,6.146832349685084
2017-07-14,16.51624544404763,47.153108827726214,1001.5082039778322,7.780998886202506,3.2495243868980572
2017-07-15,10.147998239186332,44.750153108273075,1018.2479257550132,2.9728459927534043,0.0944374902815518
2017-07-16,10.842154158085885,63.18074930490862,1004.215012090305,3.5395343824451073,1.3633998527597582
2017-07-17,10.823174912254714,62.69101298762598,1000.1858502022197,2.993310524812356,4.855122236160195
2017-07-18,9.441561443532892,43.72470134005696,1012.2829365371504,4.0034068515742,0.0
2017-07-19,11.134382662982029,61.68361911298406,1003.9570481334841,9.278702774239294,1.62876894361725
2017-07-20,8.028548179299829,71.25385254612274,1020.9061771883997,6.718175957989466,3.697898969074429
2017-07-21,6.667026761819469,75.69206867138587,1021.1453545969532,1.606730764493474,2.962156649834092
2017-07-22,11.683948981639807,82.81014574003973,993.9737376356856,3.198659103233976,6.8700009544690595
2017-07-23,11.46288279171892,45.248632109708566,1004.7169746042312,6.118301672829206,2.5274629925487315
2017-07-24,6.921433242960554,84.78148764247175,998.4021332808201,2.280476657201689,6.297434466188818
2017-07-25,11.782212142440802,50.566830043691716,1008.373707234071,2.8239798775557294,3.443709657691431
2017-07-26,6.9649274302696895,50.59288173106002,1017.5517566986882,9.034878998522446,0.5554463718560967
2017-07-27,9.384490614570636,58.57847844149313,1010.5771190182161,3.15987311458044,3.468326646071857
2017-07-28,10.85325027257994,48.752761522779906,1007.1024075933286,7.86400044808816,0.7531591434379317
2017-07-29,8.060561903261977,59.96016045483427,1026.0017652681313,8.765969568592816,3.194309465785494
2017-07-30,9.296830121315445,42.15081306196926,989.9514282740371,2.799613726493107,0.0
2017-07-31,6.1566204617069324,54.534163748512185,1025.3687189351822,2.330112330328576,2.8989569931439094
2017-08-01,6.891973048029075,69.40983581960225,1007.5571170684451,4.171603740556504,9.099794810387152
2017-08-02,6.64148584212119,56.10864416462785,1012.2189098988721,1.734116837979125,0.7000232672043197
2017-08-03,4.799314237950286,59.01630074842369,1007.7263666227989,5.363101635508227,1.0986843547629084
2017-08-04,6.291070932542892,61.60705058090167,1028.4288810553912,4.383044264439841,1.424654307753032
2017-08-05,1.9603061672561157,70.72646320954854,1000.6902150319474,6.081740047658904,3.1988637504652226
2017-08-06,4.919954740008821,40.987775508101265,1013.1173636972194,9.190830368698464,0.0
2017-08-07,5.328594735503887,63.180943150622404,1018.2743865186,7.452454942310958,4.607397241878586
2017-08-08,5.20709979414002,54.71505871051236,996.8899723211483,6.467719326237068,1.755605190684498
2017-08-09,5.046238662937748,59.143259621649506,1003.8010182955385,0.8981452389037541,2.2397067979529846
2017-08-10,5.383265181482096,67.90786910688271,1011.5182146650177,6.330127946307126,4.315672958810907
2017-08-11,6.807503855709737,44.654381558026685,1004.1333496531563,10.167882982113648,0.36417491601060703
2017-08-12,7.796205864261292,45.97545265343845,1004.8440822878085,4.031567548940551,0.4690039781095986
2017-08-13,3.0297463562521996,39.13082722473584,1009.5013733692356,7.068147628926876,1.7418646223574616
2017-08-14,1.1787962916773278,53.91901243652357,1019.4958133164617,4.5219242757306075,3.420536252529922
2017-08-15,1.4746483599660345,72.56699926380514,1009.5728222312185,2.4506149909311663,2.28570680798592
2017-08-16,2.9546370848075583,57.31680957286152,1023.7842619447295,7.40338575173586,1.0421612804419207
2017-08-17,3.1790823414110507,45.009209872746624,1003.0224221734064,10.129117701821992,0.0
2017-08-18,1.7466484901103132,54.26988830919437,1000.4807773952655,7.325692186513261,1.2934852550522353
2017-08-19,-0.006680155478619554,45.12472304283308,1032.2634540572114,3.886424146215421,0.20153619588166177
2017-08-20,2.3416351045973114,47.57732143038972,1006.4204187233449,2.169590526775531,1.9661080409945015
2017-08-21,4.085950668483772,61.84521376839525,999.8908799292784,5.433882901368631,4.706616085760137
2017-08-22,5.161827777001086,45.68035284843916,995.5794605822817,7.619507877144764,0.0
2017-08-23,1.5429830144943204,70.35485154478586,1023.7510345380894,3.838840921298817,3.6910380685071997
2017-08-24,1.818263576830467,58.379665303281406,1009.5869548533994,4.12885102504761,1.7551169005924345
2017-08-25,0.12270587864389793,60.794594100123305,1010.462902649336,13.466000749515196,2.4889998444098986
2017-08-26,2.6576117171869345,55.88746446532759,1011.4079828841336,8.235955837879178,2.527907122631537
2017-08-27,0.059401116568915224,67.69877782715277,1023.1294288466978,8.450386035180896,6.250973778634493
2017-08-28,4.1805012484440525,65.74134825354808,1011.2047016602407,0.6191422818235637,2.001245822821642
2017-08-29,-3.0363353360982845,64.86871118717086,1036.4405377883263,2.878433962119619,1.6689243450200593
2017-08-30,1.106278436395209,65.09475184087887,1014.3376057405422,5.224044918362717,3.482965520827854
2017-08-31,2.9561900968265538,56.40100825238246,1023.6178476695832,1.9965873263445513,1.6422833018270235
2017-09-01,2.4759087683276877,64.18407568492664,1021.052398579044,9.801191896667882,1.7740374859530645
2017-09-02,9.878917932338455,51.681763279092706,1012.6355267974196,9.230936919771935,0.41723392896367634
2017-09-03,2.7285402342613274,58.65804610449335,1007.1302901397954,3.3993639878478388,2.50281632953802
2017-09-04,-1.4497531515496638,57.978439082111855,1016.3196392856655,10.351755819822454,1.512538804043729
2017-09-05,1.1632702238625188,54.84617949487678,1018.1009873120727,4.987243709840174,12.409501249453188
2017-09-06,-3.987808451812599,55.102786248688396,1007.2741395187347,12.768169152167147,1.5516966303365494
2017-09-07,0.9944463612188168,64.17967785797944,1014.6633886595066,5.4340583915751095,1.8952097297825585
2017-09-08,-1.3635290038986763,73.78782363008398,1025.362049782596,6.728578250985266,4.361075188316831
2017-09-09,3.785311861110795,69.8183637861402,1033.6994773906968,9.199710323508675,2.5419386092692813
2017-09-10,-0.7018410182180779,47.785267149654686,1021.5436932034942,8.832900049423428,1.1413040550964733
2017-09-11,0.5082851017579508,72.63788796318975,1031.6275968638029,6.53219619840768,3.5815747555182034
2017-09-12,-1.1320972243957845,57.3844635960186,1006.7062578879354,4.576579041668492,1.9470992181775792
2017-09-13,5.911339106103313,63.05166059840426,1020.018822520593,6.542398099979358,4.485276966138338
2017-09-14,-0.34449555316318203,51.11009445610948,1026.3851950858127,2.551447484371655,0.5992663537951214
2017-09-15,6.0456129019753755,58.396992687752366,1004.03666667028,5.456401156592348,5.532925901698253
2017-09-16,2.923388540993837,61.67553755847215,1008.1440988795499,1.6720774025060154,4.301656871024674
2017-09-17,1.864427232570241,44.22173846451835,1030.3790476183526,0.34264492024090387,0.23247125551991643
2017-09-18,1.4660411824670367,65.34965107220837,1003.2490114421306,5.151280292418329,1.9333370523234255
2017-09-19,1.4871865199664036,72.71575681839995,999.5886996734429,8.786833672015018,2.9272926340689436
2017-09-20,-5.526916017736563,61.016978552052,1028.2798157363952,7.777413924788178,1.9105379047285445
2017-09-21,-0.625872431909724,73.914617524235,1024.9676322498044,4.754263112823176,4.0195310720926845
2017-09-22,2.705310060067859,56.750410035441995,1017.3212024398377,10.24096909452649,0.7699962099620183
2017-09-23,-0.013402510324136307,68.50254656562825,1012.5428924535418,3.292815827460279,6.765439966123689
2017-09-24,-4.11442227942194,39.87151148019998,1008.6147549439502,0.7534979853940698,0.0
2017-09-25,-0.08379301824286967,84.22967430225607,1015.8194887380905,1.5463038826028868,4.077958232196787
2017-09-26,5.162433022453923,72.37336594120261,1028.7980695740155,1.4564271782128486,2.4688036042740062
2017-09-27,3.771917733623275,55.267786090651576,1015.3856612614208,7.449874229786687,1.1200165891376352
2017-09-28,-0.1692077618735981,40.36371361449862,1034.6695926724697,3.095591949597841,2.6726663668031647
2017-09-29,2.8611536208638997,61.44970687262294,1004.0205801435977,6.382875925571906,3.05490809113339
2017-09-30,-1.0982709409252231,46.10987999972504,1012.8031924567173,9.938850150751932,0.12677692307912408
2017-10-01,-5.111475856523008,67.00427330383638,1009.2694133233608,1.6997091122665817,5.808107942983076
2017-10-02,-2.769925494087027,65.50061993868634,1002.1485845683767,6.43549919538767,4.776071116796698
2017-10-03,4.699916136929341,48.236010241515075,1011.4691626699034,6.616889217967167,2.625599177650154
2017-10-04,-0.7985105628213767,71.60892551755447,1017.1732930166044,2.4177860345806903,5.923814981929034
2017-10-05,-0.6900265347473872,68.40076029543543,1018.2423017995203,9.06263277573525,3.77340114994497
2017-10-06,-0.8382995310323296,70.17738313840181,1034.7045217894456,4.13687883335157,3.4097903956945608
2017-10-07,5.799141165309742,57.18900645403408,1017.6446746972356,3.8487410572609724,1.6555028878225642
2017-10-08,4.994543604817204,43.34748752845433,1024.501368036796,11.33483965525392,0.0
2017-10-09,6.8073532740341065,66.37504608509431,1013.6609424629897,6.5683002271001545,3.267734989958392
2017-10-10,-0.2873772671099494,57.43997464219706,1029.780556004526,7.775871649056494,5.149338445954891
2017-10-11,1.1197662149599008,45.54231546059336,1036.9844928558807,9.064678794565516,1.3569460774346145
2017-10-12,-4.269524702336513,75.65515601091151,1018.3108513097595,3.0485780016223494,7.607168503537809
2017-10-13,4.763078155769973,78.6125361271401,1003.0734098454842,8.749463291161037,3.744217723453521
2017-10-14,-3.1148454813901143,61.144941450903026,1007.5119497722283,3.49431765500699,3.4902860924243795
2017-10-15,1.0993678635152817,81.04152761427528,1015.8193430320516,3.366129831985108,5.196185640411578
2017-10-16,-2.778006647721358,62.30215060997418,1017.5649803525065,4.184000083075592,3.450171397893806
2017-10-17,-1.1835472383006,56.78721457748679,1019.9842513438438,3.1338054951651357,2.7502331394491315
2017-10-18,-1.8553096920276881,54.62307030415907,1017.6019768123004,7.466469297971488,0.9634770118816953
2017-10-19,-1.0894735264547584,76.9155608431548,1013.0698491625594,5.801631965435167,3.0015702732006706
2017-10-20,-0.8013139208540778,52.599218146549326,1006.6380155879788,3.5263267561486615,7.951293042866734
2017-10-21,-0.7426472539036606,67.7240167267017,1017.0113826126423,7.023515099464465,1.865107716069914
2017-10-22,3.492443302997044,52.66213999790939,1031.5498735748065,4.174452687840962,1.5274471740682656
2017-10-23,-2.227713632875508,56.510789190694126,1023.1992860542775,4.01578888890597,1.7581287789235536
2017-10-24,1.8470549652920794,69.37896945704964,1018.347039496362,5.146051654704631,2.8305303962614086
2017-10-25,4.941957634136669,53.72865272003813,1023.2956692382276,6.390381066998652,3.4192375775516686
2017-10-26,-0.14479628557972957,56.02444434858693,1009.2893597109914,6.169542948132259,3.338177150545633
2017-10-27,-0.6482197170264556,71.65215683026129,1007.9173485391668,3.9102524532415086,6.877713304468301
2017-10-28,0.9287059275660162,75.50961996843323,1005.5221489563402,7.541333622318207,3.557627945270668
2017-10-29,5.278162975931675,63.807816544876495,1011.7471337723056,4.3328175467610315,3.041831417959985
2017-10-30,2.443947315696423,52.2303285859123,1008.7799410329092,3.035046534173843,4.6799751223757
2017-10-31,0.39451179523324775,54.696659109407584,1025.0827474065213,0.5959350536979455,10.651642438732907
2017-11-01,3.570170579427075,59.01406734768684,1008.2467658231781,7.949535442997064,7.868024744649507
2017-11-02,-1.0541328224221846,63.73636703046767,1004.9727828377509,5.037170228582022,3.9042261295813874
2017-11-03,4.434802446811669,47.90393967519644,1032.4257717883063,5.632617075531544,0.09955981553936322
2017-11-04,3.758262527618185,65.35124813198955,1008.4862476891866,8.137408747098547,1.5820428848928934
2017-11-05,1.7544262870471292,59.97792015287243,1014.5352845725035,3.5677813052065517,4.4862276853309195
2017-11-06,0.3111567195478897,42.68733845384476,1017.5132282474341,0.8768022545776146,2.945706880152827
2017-11-07,0.31954091052947264,50.550964720127965,1001.6330688107919,5.209342106645655,2.798782314157722
2017-11-08,4.74026715768607,52.58857968464032,1025.3548376950307,5.923884656240887,0.9156535748094441
2017-11-09,6.982503741405544,55.78017124088668,1019.3711904041123,4.211452801518882,2.620307983927935
2017-11-10,1.5468543556545438,78.11936077721269,1028.5838401188078,9.421212734228508,3.572257370456817
2017-11-11,5.000572983476014,59.881426569658274,1006.207780627819,2.458499703164069,2.1861753072853594
2017-11-12,-2.465662371254533,52.825112286641016,1013.9912579247616,8.360169913699348,1.2464534095994457
2017-11-13,2.2148914635686143,61.09886231128732,1013.393557549942,7.373460951092677,6.008349587760405
2017-11-14,4.052162626948609,54.453041211986886,1015.6388849435002,6.370312333101378,0.9788611671057352
2017-11-15,1.5961004148278741,62.449532187921484,998.4538525142284,5.007704648407289,2.9686099441432825
2017-11-16,1.698605969856506,64.9563738854279,1014.1083637869223,8.851666349810806,2.39128122648694
2017-11-17,2.690869822238329,70.74687156112022,998.7353608857626,1.9206976680923447,4.250453927069536
2017-11-18,5.7599239024849345,56.87717309205728,1016.5833407119692,3.4769240648498396,2.350528266572003
2017-11-19,4.513493671146691,74.13285844042498,991.7135087548148,4.488222005629794,7.566742475181839
2017-11-20,-1.4441371154996432,69.80229518311174,994.4841316570942,6.222254103955926,2.1945363214826257
2017-11-21,-0.8935849712578605,53.372397037507056,1021.1854871644,6.91828412657765,0.8358062765903435
2017-11-22,3.8487032398154524,80.17420503757691,1007.5316154480522,7.678521662957889,5.92526509428232
2017-11-23,7.245906706433759,59.6469917794841,1003.1214192636776,7.447560530235549,1.8849224985985034
2017-11-24,-2.163414832587165,52.73046237657123,1025.7084562107555,5.758781612639377,0.6355715598499387
2017-11-25,4.78880536973809,74.13472782743517,1016.2762621732842,6.2477679771727725,3.8130965002676076
2017-11-26,4.920730086080961,78.31741080894396,1021.7209019553378,1.7277388525332604,4.943663292043572
2017-11-27,10.878483637111039,54.23050554424888,1011.3375792767916,2.7469195795429333,0.5147755620519003
2017-11-28,5.774856991786921,52.07606890035058,1039.796286939,7.686380671024496,0.8971614365931534
2017-11-29,8.297732843739531,54.12738400359361,1006.9548613944021,7.511628460186044,3.728131481955254
2017-11-30,7.793707262480827,63.250463643936584,1030.4449554935989,7.171398249333263,2.7940040017890335
2017-12-01,1.2016673081787372,72.17773289621577,1012.3863395990008,3.4567497150304174,2.2898137375561007
2017-12-02,10.123614048158387,60.64306628455654,996.4548960508725,7.731476395831088,1.726741577421726
2017-12-03,8.692935452826095,56.67076435830465,1017.8284874574811,1.516266642558926,2.705610486482706
2017-12-04,9.801365792917611,70.07943480658547,1016.1476256145517,8.232079429586818,2.4526298979513346
2017-12-05,20.287079231052502,46.728095653958526,1002.4867818576078,4.21738759626233,3.1862669882323873
2017-12-06,2.4897571423194798,69.06431481250934,1003.7778072286528,10.052511219021898,4.164013152851684
2017-12-07,14.15177011119372,50.043486960890355,1012.7530235691501,0.43567372380354463,1.2793160267182442
2017-12-08,8.352706348144821,60.13387640603652,1016.4974781524799,10.290212137755566,5.958327007159475
2017-12-09,10.31611856984893,53.706315067171026,988.293367171206,3.9156070125096143,1.3651370492989268
2017-12-10,9.558321431450691,54.662317457746546,1023.531214525238,3.8615622319647676,1.00218256833842
2017-12-11,8.664447505894168,51.89391107243081,1008.0550202618502,5.58451645695679,2.355280401768676
2017-12-12,8.471456289898248,69.21281216685782,999.6825251560182,2.9087632615979095,3.624606837417935
2017-12-13,11.414707836874687,46.96338570047731,1022.4106655145193,4.783012996093079,0.5130207524127245
2017-12-14,6.121242416775815,49.537056266125006,1012.7638202058155,2.7871212041874367,0.7958721891772128
2017-12-15,13.172365139553717,74.62375308867423,1025.1616577678226,2.896809407062439,3.478069798068903
2017-12-16,9.921117358601416,64.81791696724261,1017.3795226297975,6.460657850901716,2.1699821212914134
2017-12-17,8.029700492789678,32.1340127666748,1012.9848549705196,2.295303514089452,0.6908155534593898
2017-12-18,10.321138730950057,49.186843242420935,1011.4727005501984,2.695417294983553,2.026105990289044
2017-12-19,15.694880152558431,34.032666548100245,1017.8271276055614,0.8816262507607728,0.0
2017-12-20,10.570594091302674,45.20779602019611,1008.8646874119067,3.4882079601159814,0.5352925229118237
2017-12-21,13.505963691906693,21.86187149170626,1004.474274112535,8.934806089171765,0.0
2017-12-22,10.492498862889365,53.383854791615896,1019.0990912265464,2.4621990796910946,1.0050511185629931
2017-12-23,15.214583968071882,40.97328982435094,1011.5551215855558,2.8051002044382765,0.0
2017-12-24,15.253402542880321,52.972351296524224,1013.33567648069,5.581765839444607,0.9217439879602871
2017-12-25,18.999301038177702,34.2491368920859,1023.893798361546,3.8876106986014207,0.0
2017-12-26,13.183836182440654,54.23720044050007,1011.8612339226426,11.68446330004895,2.010468528498877
2017-12-27,15.973928012238911,47.86387321267727,1013.1503392554179,4.51241610597123,2.7589571547849223
2017-12-28,14.519907610268023,67.75957584675194,1007.0035048854907,6.005655038652115,2.783333714490701
2017-12-29,18.371291171247854,64.92792303183232,1017.3073993398185,7.831306354397967,7.284816181572367
2017-12-30,12.585302494836279,61.560804782684684,1016.4982791268009,7.773733597588552,4.669057765058467
2017-12-31,17.235015938631854,48.11635422407195,1022.0077513179056,5.699862744672138,8.184798282045831
2018-01-01,14.674108453987476,72.5167497256092,1007.2087116299313,4.516617539941996,6.4298999389229525
2018-01-02,15.323759643015693,36.80776740009395,1008.4218303040982,11.07208560913777,0.5987867572590877
2018-01-03,16.049552461693924,37.93963747351641,1020.9213739914547,4.7007191740572,0.6189560671895566
2018-01-04,16.78875759131483,50.76779020545194,1015.5221300336286,3.674929686714558,0.3542140879994769
2018-01-05,15.940784851695824,74.56998866336328,1003.937818738073,3.0624530351179446,5.020141555598586
2018-01-06,17.1906650112231,49.381278425687576,1026.065540677345,0.18040960812026796,1.7717438618105605
2018-01-07,21.537474846176845,47.39881014481875,996.0154943159974,7.46484725671149,1.154097800713548
2018-01-08,20.01553063854463,35.57313111960959,1020.8428475326375,2.0442051913024795,0.9209979250648181
2018-01-09,19.922096087454907,59.49824780897633,1000.347879640018,4.982831477285238,2.1239708543050178
2018-01-10,16.202778584650552,61.43037325096826,1031.8578851648554,4.385418097185845,2.6271226077573675
2018-01-11,15.155678162963689,60.31291293251726,997.5540027309438,11.719895576694343,2.0474577510704304
2018-01-12,20.94246917274255,43.2365586851551,1024.5225065187276,0.494953686140879,1.850895504871485
2018-01-13,20.956963072651863,42.45445077994401,1012.1836563998876,2.296690139046929,3.4302712255861287
2018-01-14,22.998103517342198,35.5697257372792,1009.3339743016126,4.591710623955052,2.2327252265365503
2018-01-15,17.018357548835116,52.32954624319178,1014.8539665646776,4.407411987592495,3.31674935356518
2018-01-16,18.390726396930543,40.00056350874971,1019.3190033915781,3.3513662275698657,0.0
2018-01-17,14.408784005632832,41.02144294469069,1003.9559949766913,4.757036271793498,3.960266336905511
2018-01-18,18.396405051661716,46.564890305062384,1004.8421227483143,1.221311813390776,0.2993134687587753
2018-01-19,22.808756457123806,43.704060019595936,1019.4960486511288,6.0715786369848175,3.7484535672268606
2018-01-20,18.663357356227106,45.288536033666894,995.926570463504,1.9644560262327353,0.0
2018-01-21,22.226581218248047,53.55115535927859,1007.1577090680792,4.922691932368229,1.5134877529479678
2018-01-22,19.97435882536666,50.80329860881946,1043.4068695415945,3.19892991720928,2.84811471165424
2018-01-23,21.757122178318788,46.23987860572943,1003.3198703541071,8.048863828269907,1.6688406523209294
2018-01-24,17.579245668642592,53.04050644879353,1024.4780279175975,10.265933211899913,1.3794919195369995
2018-01-25,21.513532388086453,39.327963394910455,1007.1404923128619,4.006843493748927,1.2030824514940213
2018-01-26,12.518225975554296,54.79367325131963,1018.0904514479714,9.172177787424292,2.0717193143908004
2018-01-27,21.162751651620205,50.92464910263624,1019.5435569059622,4.0516511581087675,0.7376643813700707
2018-01-28,17.061834332397346,36.438614240226514,1024.2895673518294,2.10162043061273,0.7226402963374536
2018-01-29,25.798991151377276,57.057441968014984,1010.9974617318722,10.237710896556859,1.1626772994124208
2018-01-30,24.738855310693193,38.816235292383446,1032.8888463875485,6.562329334202021,1.249887311294187
2018-01-31,24.03007710367981,48.88805944022444,1007.1066343541482,5.013315567829443,0.0
2018-02-01,27.414252791961395,57.93699100937201,1015.3422041359956,7.061532425295946,2.3852664260822705
2018-02-02,20.22332801059998,59.1451035718387,1015.4527693221761,5.822645105390502,1.9397235331877956
2018-02-03,28.528619291260974,46.07902424005786,1001.7803188005058,4.792341776175446,0.33013995536426843
2018-02-04,26.297101037147918,43.22645945260536,1010.1412774502088,1.0206955180760104,0.7727803067404218
2018-02-05,23.002338240150177,57.97394996568058,1014.6151349923841,4.1883897885162,2.870426422891078
2018-02-06,27.327760745960283,53.08306940510605,1008.6787895687058,6.869766270375418,7.031045235922991
2018-02-07,20.80827251449199,43.412213542312706,1037.4092396545655,4.631685722939569,2.9215167705145784
2018-02-08,21.85715874202999,41.1224841589681,1004.6137632640047,7.706977283391158,1.6379247035819233
2018-02-09,22.70571534363356,27.92359051122324,1024.7942446814043,6.150965071600367,0.0
2018-02-10,23.142510291332673,49.96906327116954,1021.5645981314879,2.365591045743779,0.9925412551884955
2018-02-11,21.754846345353418,48.295599377139304,1012.8613786549573,1.0424841265036289,0.0
2018-02-12,28.785903483780157,56.96896200453534,1004.3479094614776,4.528464500209496,1.5866502170708137
2018-02-13,24.529228307245507,51.325936781180914,1005.3174467960823,3.4273146556862373,3.90531171177916
2018-02-14,26.549389810845344,60.067597036304235,1007.8203270078349,6.008965428865059,1.975856147731505
2018-02-15,23.96379523498558,41.0444601033455,995.1425871805374,2.8455870237118104,0.3426972882764252
2018-02-16,20.392850672793134,61.18507797327962,1002.9653457420071,3.1538230227353687,1.7529614315673006
2018-02-17,26.841427419634044,41.29012249913643,998.1752348463635,8.159209152784737,0.0
2018-02-18,20.467816389189,57.54205242332822,1026.458750031777,5.444608905883694,0.8819424900396242
2018-02-19,26.16868498892203,32.32807358023205,1019.1846239238822,2.891818803718121,0.13562750556753955
2018-02-20,22.436277286760635,51.13321435028157,1020.8597409886546,5.052925426205059,1.3019873765568635
2018-02-21,32.666265763754055,23.819987703663873,1018.8883195154194,9.136733729005048,0.0
2018-02-22,29.598273017875826,42.52948863164454,1014.6696762333416,5.881360064824168,0.8361758948658425
2018-02-23,27.337677696434593,50.734701090561835,1027.6068033212914,6.778852428275389,3.2808250533757497
2018-02-24,30.964205918074423,39.30821152865183,1006.8923734426826,2.7432963904176724,1.711521601405487
2018-02-25,24.783200367139006,37.104023528870826,1014.0666965536705,8.079258131403801,1.662436619697599
2018-02-26,29.0979975314974,53.912185927210636,1020.4705882782413,11.954306781391406,1.7744712957016806
2018-02-27,28.208707385673314,44.861018408694115,999.7879076814387,2.625597072461439,0.3596460917282197
2018-02-28,28.539316616913926,40.834635221236326,1043.9658889614254,1.4543180768840318,4.502664041757704
2018-03-01,31.698519874457347,44.56969927431409,1013.2856576277759,5.526626731505445,0.0
2018-03-02,30.209321629283362,71.2620306048142,1014.4198945057559,7.6265151495332315,2.457418232639317
2018-03-03,29.004546565638712,57.03275521499608,1025.5687803167493,4.725830983849216,1.7913479091783089
2018-03-04,23.296350340465565,59.97756151164562,1022.1495533301022,1.840380811872012,2.901372565488165
2018-03-05,25.499581311054836,51.60567253439622,1013.3807801939646,4.6742475146588305,0.17703561910506618
2018-03-06,28.126336243996477,47.60168460377323,1014.3012943809804,6.794276818332364,2.301268646823111
2018-03-07,28.885324314869493,21.596514959261093,997.9585146905202,3.778904519161822,0.0
2018-03-08,25.321308648758233,40.549542210989564,1007.4353422215003,6.821765053264765,0.38097697549485243
2018-03-09,36.04959934248478,37.16945619673287,1018.1721021615896,8.494132355719731,0.0
2018-03-10,33.46230741944867,24.51992564980033,1017.4389283904288,5.720691877311343,0.0
2018-03-11,30.81391339352133,33.018885401085,1025.211657500041,4.916156686165122,0.0
2018-03-12,29.313951452979666,25.534659564283828,1011.7949894177667,7.488031775678845,0.0
2018-03-13,28.547318901703683,45.343102192174435,999.1271348656913,2.4316975176883084,0.21826991111327204
2018-03-14,26.410092364360597,54.982613526307865,1023.5673043077568,2.135870498921232,2.9705977495763514
2018-03-15,29.57596395443517,56.2797632090257,1027.36089346182,4.200283145213044,2.402838162990034
2018-03-16,30.190204378512767,49.05274243153603,1021.9824457285623,3.5243616355565983,1.2136003786307439
2018-03-17,25.76081733837795,37.48562791882534,1011.363663291425,2.589974074128574,0.4435897333225638
2018-03-18,30.5534880795073,25.402604375046753,1023.4438605187657,10.491405424996323,0.0
2018-03-19,29.145729681112062,27.858448165428953,1047.2891047800822,11.515979628482874,0.0
2018-03-20,23.944302448952676,35.33802300297868,1014.1515231444048,3.9388848732332535,0.0
2018-03-21,27.138442021735635,37.542182008775434,999.8826330775488,5.275156849245096,3.2960493893554843
2018-03-22,28.52629065101645,44.139369694575905,1007.1371495044784,4.436471539808627,1.2460747955327078
2018-03-23,35.473304607930366,32.12170551476513,1019.2547600030405,8.32249772035447,0.6051588943052149
2018-03-24,31.51864679991157,47.630435536726836,996.9519568910193,8.916936685520142,1.01027543268245
2018-03-25,25.87688843396931,44.73882075502061,1014.6940307491207,0.33179139606894026,2.2989992474019965
2018-03-26,31.37137747166219,44.41976838157916,1016.8033665031588,6.4280324001968765,1.1985089977967696
2018-03-27,25.29687297539259,58.754069039015754,1028.3512173981264,1.0795359765165546,0.9860119072702229
2018-03-28,33.20794775828355,31.593708778854523,1026.101948560543,10.274816473625835,2.5756857627790053
2018-03-29,28.563157361879828,49.90546710198377,1021.6458479175177,6.3207440906311945,0.7197770409044205
2018-03-30,29.70784160237774,45.0063469140504,991.3732098948547,2.5299513849120916,0.0
2018-03-31,33.973917472324935,39.678178454140586,1022.2105312804792,4.27603583618644,0.0
2018-04-01,26.1383703902901,55.78337801351455,1020.0551338606025,4.133068225201525,3.127416727356758
2018-04-02,25.807395324482094,55.88644388332903,1015.5594437707834,6.575338828657447,3.023222311260826
2018-04-03,28.242396231272345,36.413893924479545,995.6977787385451,8.125737812532435,1.0504161253430597
2018-04-04,33.098332286833454,41.629228018004035,1005.2322609081294,1.5553781240848705,4.110922042716748
2018-04-05,25.41071918655036,50.10675723256548,1001.3317723046594,10.516263502736342,0.8689919568373916
2018-04-06,21.453416731980848,46.543224153783726,992.849915604929,9.81707032346253,1.3014404183859325
2018-04-07,28.573103091283468,51.56366177723625,1012.970848485852,2.3740292972268637,2.0888811643694982
2018-04-08,31.554075138743976,47.03488260973077,1005.0217787855722,5.218405383086928,7.4763770091256365
2018-04-09,33.46749620911831,61.591864299000974,1039.253055802689,10.132425632342947,1.9081257969482885
2018-04-10,28.44067976722891,30.476868757087665,1011.3122806056209,8.698755760032448,4.309929652670563
2018-04-11,28.55494242810945,44.4981688884713,1025.9375315586597,3.989770909856313,0.0
2018-04-12,33.20560048246698,34.3121746436446,997.3090097530677,7.44301944370362,1.3190767515345783
2018-04-13,24.084980275596088,53.9985844165924,1007.6991041399513,13.991594875157416,2.4040236018987304
2018-04-14,28.474595933936495,29.590983132576305,1013.9689787603431,5.315479945553636,1.3545006834794164
2018-04-15,30.15304461921109,48.386604792643325,1003.9184605139233,3.102055245679942,0.0
2018-04-16,30.866722909216065,38.26615423190856,1008.7779931519525,5.5172595562741975,0.0
2018-04-17,27.922638148889583,38.69706226434507,1010.8204909375646,5.739656286491954,0.0
2018-04-18,29.48409028992697,30.792972819629643,1010.660920145551,3.4263897829997054,0.0
2018-04-19,21.840232889217717,44.429124093381084,1031.5511857303534,6.324875203442651,1.2902283541536312
2018-04-20,27.25067846318103,57.21966607131874,1016.7822628543151,1.2367968208174962,5.453120534995181
2018-04-21,30.501943288519715,44.497141520445346,1017.795105629413,3.003398398973962,0.7104477395591012
2018-04-22,26.106338091667435,53.22363513291103,1018.3965477434507,7.274734328464393,0.4633137129056385
2018-04-23,29.137811630338483,62.077512404493504,1019.1262637733711,0.2646125546267539,1.6780048739047206
2018-04-24,30.204978335304492,47.535066680573514,1012.1711301612513,7.70950277598433,0.0
2018-04-25,27.73610678831761,40.54395088521779,1009.7925362852116,1.0359440971171097,2.053003428219156
2018-04-26,29.170460764402957,50.08729176962642,1014.6681605951828,0.19397373662894513,3.390019005107464
2018-04-27,25.66213933901643,41.72596886734886,1024.5680394891347,3.5030637708323438,11.54309967929321
2018-04-28,27.817755521935492,41.04689540606056,1024.2623818843638,5.860591528458051,0.16740770349387246
2018-04-29,30.151508348210065,29.725317829705123,1010.5960152431159,8.975790809382165,0.0
2018-04-30,28.671101942508336,54.92702393958976,1020.6784369466811,5.172868289478787,1.0277552167356536
2018-05-01,26.316000971948018,42.9819737575316,1011.0541533696033,4.26033917727203,1.0705395479881552
2018-05-02,28.61978113362105,47.511091891348094,1013.3387054943524,6.738743743954412,6.288447943930289
2018-05-03,29.95866191815726,34.66104975485497,1008.264766184458,2.387303538596197,0.0
2018-05-04,21.528912024563517,53.595020284872966,1011.1835486109377,5.418245478039219,0.6187470163779096
2018-05-05,31.016104386147248,36.872535425575535,1026.413300695497,1.4016612261339203,1.1069602328108326
2018-05-06,26.38654876481543,45.38963840057404,1013.9242114733923,5.247771550626239,1.7394333785430174
2018-05-07,28.524540571409432,54.515990026686545,1014.3528250855231,4.61049102245179,1.0283138844236155
2018-05-08,30.688939965749856,52.56312313945037,998.5278222074204,2.5871962356517484,3.6111548050249223
2018-05-09,22.82772186504784,48.36583834230668,1009.9075609236727,5.495121909613218,0.11230247883918226
2018-05-10,24.65642481889808,29.99047726348378,1010.5868509625527,5.475648959478929,3.1994630716969352
2018-05-11,25.7576145328785,77.04929843416716,1004.7085651455659,8.526362037017405,3.1537984371837404
2018-05-12,24.107068628484857,65.40505538848893,1013.2166541170357,0.18309979081163696,1.7102108603619044
2018-05-13,31.494812140490556,51.47934217863771,1008.7081770977235,4.771853276908872,0.9775174070649439
2018-05-14,23.54801388124856,40.69395524346601,1013.7999585524358,2.719212800889562,0.0
2018-05-15,24.276722972836712,46.725716896562,1014.2150300981893,7.609286174528876,1.1696429661436605
2018-05-16,26.37832079994836,41.37663530226065,1003.4424564217736,7.261736195576399,1.459787355547638
2018-05-17,21.977305573379404,61.649906604274186,1009.0129821751681,6.523639535205863,2.5152970694512145
2018-05-18,24.212176268035876,50.5189407745004,1013.7737428276083,2.888500225791611,2.2130891348239072
2018-05-19,26.16396092590577,39.07638095344879,1024.8429943115673,7.656411748820286,0.0
2018-05-20,24.022376750055468,43.28126063372444,1015.5671917279574,0.40960721377000464,0.0
2018-05-21,24.54718478143643,58.93828903498083,1006.3806482008257,0.2059321107783143,8.198085110859322
2018-05-22,23.04282436120334,64.4795662876031,1016.9900475924385,1.1723870002942283,4.871047462288472
2018-05-23,19.888031291395215,65.33929998916486,1030.0754888932177,4.899575569019282,1.6864372417722113
2018-05-24,25.19404863346763,54.97329633380596,1022.1670647258902,7.025493202964881,1.6900109519789228
2018-05-25,29.289160163315564,42.82917123031585,1018.4752653043562,3.928097422028573,1.298737470105215
2018-05-26,23.87198367673741,20.0,1020.2559017548232,8.968228495639359,0.0
2018-05-27,24.282376370307514,50.83041205292846,1027.3995404142863,5.393336588535303,1.8084871613293758
2018-05-28,25.472007201503224,47.24570881080738,1023.7562679401766,0.29668295723067484,1.2502026623338094
2018-05-29,19.370615088469666,51.714513418978704,1018.6676038111766,5.302840910868743,0.6385088963890699
2018-05-30,28.068494696817815,46.504726121923156,1023.6864221959008,8.27757624403526,0.0
2018-05-31,23.3479222545062,35.06341725325533,1002.1834890373594,6.798323045918776,1.3519454915673212
2018-06-01,27.414197898953965,51.86698661903487,997.9773474765972,8.297219187661899,0.965645322227755
2018-06-02,20.09499162005838,56.27466733028931,1014.5709865064383,0.9012601118086669,1.1870017738958254
2018-06-03,27.521578382781428,53.06259862920588,1013.6868070965054,3.7579842945847863,2.984153024338121
2018-06-04,24.16406688473123,57.383736593368255,1007.5608994648675,2.2259233084294037,3.4025064728362215
2018-06-05,23.2669020228145,54.40706543780899,1021.2585266982771,10.152740615132954,1.0877441727518835
2018-06-06,22.077078462602756,44.86116665330951,994.3713641354876,6.91808853045989,3.606468684507746
2018-06-07,20.394753528010973,49.094254756833614,1007.6522774394219,13.541028766872923,2.2405339235322264
2018-06-08,24.50544912526862,48.65852410989945,1008.1504445512238,3.5971713997483175,0.7144273495682599
2018-06-09,21.086699087603613,50.53364494726438,996.6369821490055,2.825977364953086,1.168813425600599
2018-06-10,14.52449685018506,62.719928134624766,1027.947310072693,4.571520084214549,3.8664340681218947
2018-06-11,16.832625304939995,58.02037487775491,999.4079873133668,9.135071664267647,1.27749588316146
2018-06-12,19.383589976789715,71.08163940730466,1007.1165994269231,3.901640931873958,3.3732496891251635
2018-06-13,20.626602563534068,71.75138851707969,1022.0797975780513,5.3733127937208325,4.295220552616465
2018-06-14,19.280926822402673,51.15603241493791,1019.4604534342873,5.290072108660459,1.6664817819262012
2018-06-15,22.860372497369227,20.0,1001.9182530351526,5.118490283606568,0.0
2018-06-16,13.101676798804231,65.81748626187054,1019.8248920926063,3.042804618612566,3.1620011282607523
2018-06-17,19.136096516729513,45.0281883517647,1015.8978447865823,4.5881267962689005,0.0
2018-06-18,13.00064737729772,45.484837093041065,1036.3303556211147,4.459692195945927,0.604445399283379
2018-06-19,20.481950618049446,45.77457194108161,1017.039404160683,4.9773060209760525,1.0959691760589676
2018-06-20,17.666717203577637,46.70021093006512,1011.5875817893146,7.830550454458125,2.698847024579428
2018-06-21,18.95532870195579,56.64503375007603,1004.4349804288058,10.281884103873477,2.7865829170720007
2018-06-22,14.85045631230846,36.98041405258351,1005.5575663304443,2.4786957119908797,0.0
2018-06-23,21.02538274877138,38.7101011676983,1004.7423090453184,3.824019125636855,6.201322859239297
2018-06-24,20.056396653965272,53.40338721499153,1026.7109881391193,2.5249643047814403,0.5684585952743015
2018-06-25,18.42551801586109,57.016681296202535,1013.1796991501647,5.561304611666818,1.165040170062055
2018-06-26,16.029499506667662,58.40066669602629,1018.6524712397473,3.3849516274670695,1.675079124272296
2018-06-27,17.900369044387343,43.17945268847333,1028.1424759998088,5.719390501225966,0.0
2018-06-28,13.782521456524849,43.32608277907518,989.4153585779253,8.310880731334361,1.2966254905573185
2018-06-29,18.212000472130097,45.82765142605576,1025.7887376470037,2.5774950574138256,0.0
2018-06-30,20.335719286378758,52.23086787965787,1013.5539691178334,6.475339668802073,0.6137466705053768
2018-07-01,18.340936633267887,65.68430537609156,1017.3504837164045,3.619438853306363,2.262862289828655
2018-07-02,12.682087637247452,33.18458432366877,1004.7159677825175,6.381266803953167,0.6183481794702352
2018-07-03,15.696975348412323,49.944224756210176,1005.4487560155148,2.3105916867493987,4.167191775657287
2018-07-04,10.4752418736561,41.43559465291991,1017.8884588981299,8.588782964920625,2.3474095802951864
2018-07-05,15.813971773040135,35.570587339945035,1036.8459780033147,7.7398418541208525,0.0
2018-07-06,15.191013050085667,62.07405992840533,1023.033133128149,6.705056445627928,2.8740909152946132
2018-07-07,7.972499734145518,61.459995877920626,1025.6552292141855,7.379677153430295,1.2069646947388555
2018-07-08,9.839763361437493,59.574453478753874,1011.0799872973859,2.7631385984834793,1.701129186742422
2018-07-09,12.21936064797999,63.100578073319944,1006.9979577541437,3.1411287359321305,4.58968499052129
2018-07-10,11.910432804779404,49.247594629948935,1005.1919504842101,7.257308602452438,1.144820503003618
2018-07-11,8.929463999665836,51.208892836831794,1008.1172627530332,2.696812571694164,0.4457890822106816
2018-07-12,13.47043740217312,75.12208746613919,992.4721756682948,9.336905139974261,3.6666859041319633
2018-07-13,12.804327479917895,51.132125717445305,1005.750806571084,4.029226786156905,0.5545880240458776
2018-07-14,11.214378872467503,61.74413169430716,1007.3964684394016,6.505683169581866,2.173497077944217
2018-07-15,9.27804044606573,55.424795186600285,1011.2464182560516,11.29774855776527,1.8806904352302305
2018-07-16,14.44078867203566,34.297020363198016,1014.3175010974729,2.8813299377957704,0.0
2018-07-17,16.011238948344776,31.548090487814925,1016.6245086862561,5.206285252534348,3.6830646962719427
2018-07-18,9.345855420472148,49.53723009036488,1012.8507462755704,8.162549493911921,1.6072186633163124
2018-07-19,8.712806959433188,66.2046090369833,1007.1855691365724,7.853832166629594,5.322113107201956
2018-07-20,11.777017382198588,61.99440787526074,993.3664135673448,4.016554069281925,4.0597539579054205
2018-07-21,8.98478462739109,64.64837932854479,1007.2469139159821,3.4498086874344382,3.6293296924340974
2018-07-22,9.397623707949299,45.4307263566622,1003.2754936231299,4.300592202364845,0.9169605496691462
2018-07-23,11.793253494227502,70.26209815410938,1017.660667482786,9.343573298454093,2.0305621151691318
2018-07-24,3.6063122594186527,48.547910868426825,1022.092873966937,4.16268243092016,1.7558702601620695
2018-07-25,13.051052824711011,55.60271757434418,1022.3857106705993,5.234347077450395,1.4402527340219948
2018-07-26,9.077702190753708,55.357626005545775,1020.5695273612782,3.7196405872297245,0.7863498148990843
2018-07-27,7.39051546677015,54.56600406346906,1011.6647426454751,7.116645694387961,1.6328283922865983
2018-07-28,8.124515772078224,69.32366349691695,1007.780444345241,5.466575112750969,4.592597638774354
2018-07-29,8.048687662434672,48.92455096712306,1005.5289724633293,1.9896985677253127,6.415906652550522
2018-07-30,2.739003474557265,45.13444570560209,997.9250108339825,2.093527657895017,0.45058952980901923
2018-07-31,12.190724075729355,54.10459282419952,1022.9185370050786,0.9958166996665208,1.975392478459281
2018-08-01,7.605349695125223,52.199057809572125,1011.2528896207002,2.5060357726231515,4.030806733695169
2018-08-02,8.588070526104335,89.4797939277743,1000.5365970637913,7.381837410896516,4.760908867769837
2018-08-03,9.89369858929313,61.81822546975318,1004.7350862428976,8.971281614036805,1.488724634499869
2018-08-04,3.757906049209338,54.02764122320909,1004.3302654356745,7.056675089651552,1.0650064083607598
2018-08-05,8.026576760953041,45.42559592765261,1013.4302448501512,6.663896601922044,4.130262870669151
2018-08-06,5.590492708738754,38.40186953994278,1023.6746785107068,4.620421851414052,0.0
2018-08-07,8.72353354126238,45.38604237199448,1009.5201045040442,7.324743664741961,0.33723552995080686
2018-08-08,-0.4060432094283257,61.352439322305486,990.4746648521635,5.8588346692456525,2.3848768145666384
2018-08-09,5.473448099826277,71.53656246603455,1011.1081966484109,10.413346915961373,5.909771555319892
2018-08-10,3.7600958137105978,69.3368435170239,1011.438060999028,4.7046640574697545,7.485698545057417
2018-08-11,6.665968153354012,58.95796423978679,1010.7507976906447,9.029024251208394,2.005387356446454
2018-08-12,6.582787203968331,53.47692974099098,1006.725388335243,7.622342245453581,5.722837059142203
2018-08-13,2.8561643523309224,61.26004138795608,1015.1743908072584,7.206329858612476,1.478187969189764
2018-08-14,2.6518772653166307,53.48768139249593,1013.66141115149,1.0344739763854598,0.689994377498079
2018-08-15,4.268785491023355,75.04924721212709,1012.7516968587336,7.787568684643133,8.466644344472762
2018-08-16,1.7263191664467152,57.24493860402584,1017.1264136144297,4.61747606327254,2.149888484669882
2018-08-17,6.760797381216959,55.75622272692425,1008.7016717685215,3.6682205166953246,0.9869856627086275
2018-08-18,2.9490150873603467,36.36726820611314,1008.1341433029935,0.5512608764662605,0.0
2018-08-19,-4.83929482069386,60.465298945119294,1026.801232895854,4.9832385980954506,4.104192825393742
2018-08-20,2.5855314171544572,67.07207567107218,1018.5935540971543,5.100654790454728,5.215214520425955
2018-08-21,0.42603934560994006,49.10975455680958,1021.269460609428,1.0909942345555863,3.9007241851664833
2018-08-22,-1.5170880668884443,53.251340688516095,1025.2610458533406,0.5801594813189244,2.0110794049892897
2018-08-23,-0.4970277408484334,68.17562404776086,1018.259441806248,6.459858440384334,5.851563056995944
2018-08-24,3.3854824587596792,43.540686535439626,1022.2838867913617,7.615115393184131,0.7808917343376212
2018-08-25,6.888723289930524,67.13364843045392,997.2065483792974,5.570848729767265,3.581561047280324
2018-08-26,3.6914826499062037,52.832819773315876,1015.0415387199603,8.452503949053089,3.126874726662368
2018-08-27,0.7851768544941398,55.7217293678409,1011.1728153818567,4.740845046945505,1.6804580481404638
2018-08-28,3.8288303942325603,46.84680075162778,1029.776840908998,4.836946176799393,0.0
2018-08-29,0.9439932090470733,63.30846599975529,1022.276455318033,2.248915913777629,2.192924364928092
2018-08-30,0.10136634626316265,84.54803667716222,1006.6955480920682,0.31927406733884833,5.410839241738673
2018-08-31,-1.4102199254476258,68.52008235733012,1016.7279415852921,10.563986401578754,2.2792175430365713
2018-09-01,-3.3310812008949826,53.02268798104213,1014.6768133344924,8.39389715074924,0.6235111162050799
2018-09-02,0.6300458207186295,71.04118294455544,1017.5433143315223,0.8224622985845649,2.797795382521399
2018-09-03,2.1533006303180002,55.756554225498505,1002.8115753062535,5.4672557234938415,0.6409321131832566
2018-09-04,1.2725396289316975,73.10857999980975,1016.6001646523822,4.699861066689,5.031510134553752
2018-09-05,0.201762181287662,67.9658829309998,1010.7184865071176,4.17802258051087,2.3953301423093394
2018-09-06,-1.4963076335035868,31.31673816203446,1015.824497640556,3.772946456555182,0.0
2018-09-07,3.060984184164005,48.428711578367725,1005.7561483487783,6.143807440903936,2.2450212779499865
2018-09-08,-2.815756592736155,70.85173052472197,1007.149368286034,7.454526576414423,5.787275172250009
2018-09-09,3.367224775960736,59.832960333469806,1024.738420203667,6.207173507084616,1.0234475780988102
2018-09-10,-2.0598712512116473,50.79237614852732,1002.4845244165983,4.638444876862419,0.6113391212293283
2018-09-11,-1.398722862915414,54.36346627651958,1003.2224559895795,4.52831984932664,6.245656885557479
2018-09-12,-3.6257792720296056,42.750523435120996,1012.4841874278442,7.8104429507679995,0.24814499498670017
2018-09-13,-0.8094213901135916,59.52097781979283,1005.2810962481404,6.390334814348186,6.532530164583102
2018-09-14,3.5451701206244897,80.3343121998454,1004.149713677372,5.2180683891063,3.6744273391734046
2018-09-15,2.0948260368696396,67.00192088888844,1014.0507597120829,4.892296107199677,2.192166154245917
2018-09-16,3.4161995907231426,80.19607021652266,997.9493414309629,6.035811528836867,3.5014798705983607
2018-09-17,1.98465468836589,67.83164355371686,1002.9203776508637,3.5949539343216514,1.9613266494539008
2018-09-18,-2.95116774507663,71.75037730606523,1033.5409558292365,7.464616451924631,6.710097056367382
2018-09-19,-0.6865730476650231,80.08407340128275,1017.5947505896901,1.7724243144864,10.8160232862139
2018-09-20,-2.0844956670521215,64.81488042694832,1005.5343664773009,3.7656304707005543,7.661961119037335
2018-09-21,4.202502462659666,56.026475553601365,1017.182150782662,6.833318286338072,4.424113869887824
2018-09-22,-3.4205297927640403,72.03684006260214,1018.6733047698663,1.6013515599371804,5.956853998459552
2018-09-23,2.814382108265513,73.13121131708608,1022.9441442009024,0.28097437205149856,4.4771357695703875
2018-09-24,2.780008871315093,53.81034913722036,1011.7284397054327,5.18923302628772,3.880892842244028
2018-09-25,5.5622809386378,50.00316870728081,1022.764977027729,0.08937446333941246,0.4675693884036616
2018-09-26,-1.1789433042010429,61.97803197640932,992.6155347511783,1.103589337844416,2.179563689348571
2018-09-27,2.168209065759603,67.23088413643683,1002.4369186952424,7.269782355519297,3.771042387440035
2018-09-28,6.861759775841025,64.5500305986951,1014.6387140173646,4.385644227182793,5.610230806622111
2018-09-29,-1.8461192411114502,46.68138361867973,1016.2963353280779,8.856460849126956,1.8285211362448406
2018-09-30,-4.603870622418147,81.4179959818423,1003.8821771233136,1.385556977187635,6.794774219120691
2018-10-01,-5.639891197766142,56.40829630491457,1015.5941999126316,4.718142903103146,1.9255458172457605
2018-10-02,2.1416085568856302,56.27854575267139,1006.7615975131274,6.198753659623278,3.154619046915122
2018-10-03,-5.638200792771004,53.792556796507306,1010.2304090577284,1.4884552096132735,8.20138324841497
2018-10-04,-1.0934884761472325,87.53003259744449,1023.2477380066501,8.095285713498875,4.086266379020934
2018-10-05,1.352064964494549,61.744674220632405,1022.089374968886,6.532036649498116,6.406887463892665
2018-10-06,0.6167416682820542,51.181878359043324,1003.0293967263674,0.17213873993769813,1.5960003032233485
2018-10-07,1.3630659891432382,67.95770250505284,1002.427485379799,4.886774611374198,3.8570310787263518
2018-10-08,0.783536426133576,67.29958958003354,1008.8882660444668,6.157870208775899,5.935281150841465
2018-10-09,3.987610013629885,56.128924757386216,1012.7325369882708,3.2298299794158276,1.666986006906077
2018-10-10,-2.6671907781261863,69.73966251689693,1006.4210151142526,0.5604052834735587,3.05891731383465
2018-10-11,-1.798092666656978,52.64612672501985,1023.4064244279966,5.835376368342231,1.762701465355197
2018-10-12,-2.0375753898866114,56.08960494545078,1016.4738984170856,11.633728850847685,0.6475342675453143
2018-10-13,2.8228503130029807,38.486408297837876,1017.0608510987443,3.839047702526929,0.22164417544085158
2018-10-14,3.089688937598882,45.21564468900493,1000.3346117105502,9.707723543854126,0.2096101525453281
2018-10-15,1.802717130182919,77.1749494916154,1024.6729071738378,2.743133534715595,7.978400962531124
2018-10-16,4.064381935846958,74.38209530929967,984.7983117775931,5.6466369050298555,2.621859707779325
2018-10-17,-2.951069360213654,62.13342116659645,1021.3405545184937,7.314567592628358,2.4431991704257316
2018-10-18,5.658149935774824,73.80023950401096,1022.3431173767077,4.974759002085905,8.272695979542446
2018-10-19,5.3038681207094704,55.74732107356222,1008.6759881272204,4.106793053356307,5.200715219508876
2018-10-20,3.0229201803300985,56.05443688415587,1025.7291021724743,7.178382564051121,3.022399176940774
2018-10-21,6.24755585718475,57.44132855606319,1012.3690244704566,10.674365345807661,2.5242147007632747
2018-10-22,-3.9774280553771995,60.739498074452946,1013.6243170332745,5.901760773917394,1.7329893536236405
2018-10-23,-0.4864696624759035,58.091271595636144,1016.3952878740422,3.4518194704089575,1.7235613730981316
2018-10-24,-1.0204796977953783,71.94422092039322,1044.8657491181104,4.430745328220951,2.3833398790011393
2018-10-25,3.452518148492024,59.77509746531602,1026.44433908083,12.559122936936124,4.062080659221335
2018-10-26,-1.7556294108459785,68.00263234976104,1020.0113120071292,5.404721349014384,2.583002375904375
2018-10-27,3.7780224032288063,68.42479405115891,1003.8719551339881,3.2167589042660816,4.046406595352323
2018-10-28,5.731888235096909,61.015913838998884,1014.4358982547949,1.56479625055238,1.986663356386868
2018-10-29,3.8245960511015427,48.384988715366845,1004.8687590615361,0.4777032823378171,1.0869744778664554
2018-10-30,2.7128774938208533,45.11490236344918,1021.2211084728282,6.09075282153857,1.1308633418116025
2018-10-31,-0.9754653436462046,61.97553901989615,1014.4046697573485,6.963925978473511,4.435040129590816
2018-11-01,-0.42201227251313833,58.49844308800723,1001.754783203861,3.8099114601043795,1.3242186586334985
2018-11-02,6.001600342977085,57.873114117712674,1013.811245834185,4.955088745907138,1.804851510352548
2018-11-03,4.728770927198822,57.475074143914725,1004.5058253028369,1.4886148721341286,1.0262190794405093
2018-11-04,2.4153820463802496,84.62804557847555,1014.5121622133755,5.398785394482503,3.620372652081963
2018-11-05,1.42412306316611,45.985675912003565,1004.4092268363474,6.444485961701373,1.4546584691236661
2018-11-06,-3.2505095044445476,41.72579205401102,1013.2748763336082,3.3945071984970867,0.0
2018-11-07,-0.23297357867347213,63.44025512453283,1020.504698619351,10.071358008757517,1.467349433378593
2018-11-08,8.87007241006751,51.80073824908429,1012.4694800807489,2.488681019759265,4.7280288878088585
2018-11-09,-0.5458044790690417,63.43358093683403,1009.0911173282761,5.850429812056947,2.871847279988151
2018-11-10,4.02721706040417,63.825221692637925,1015.0327622105747,7.544951659113817,1.6717142619924643
2018-11-11,6.647744792407157,69.5171745555854,1019.9718262079285,4.768131499551853,2.061529982060735
2018-11-12,0.03065068054479614,44.91241645588822,1001.9281673011824,4.434569543316526,0.0
2018-11-13,4.5228760798834635,52.171382981486644,1015.606561547052,0.7134015486510137,1.4919474096461451
2018-11-14,6.959086038093279,60.808069569761,1026.175408190174,9.07202448714885,3.2888522847660058
2018-11-15,4.362648631495126,65.5233116411247,1018.7365696327671,4.490320394997212,3.602757860384832
2018-11-16,13.1133342612256,75.37782837227105,1013.5775414666723,6.6120962748044745,2.8497414065906033
2018-11-17,-0.3115892849895978,69.71283435363347,1019.397375066989,7.018161463580423,3.9787366614749136
2018-11-18,8.059531307157451,55.4023483875585,1017.5249645610269,3.1151045239467408,1.578170953323451
2018-11-19,4.557075514176422,48.81710471348518,1020.5360110915981,4.4074141871263555,1.1317299490973753
2018-11-20,7.586317048985298,50.56394294831716,992.7606838901705,9.003447052230511,3.289625578911184
2018-11-21,6.792436941745075,50.676753299556395,997.4654386633673,1.648407002778665,0.8761052277604172
2018-11-22,3.469830182056989,64.8174211941091,1023.0482914948324,11.383754224271769,1.7997313483094954
2018-11-23,6.559836125651124,59.29005639303275,997.9472082383855,2.7653816441711783,5.063290746874963
2018-11-24,0.5053953413936778,46.51080662088137,1017.015386357192,1.4614476300784647,0.12792647862623963
2018-11-25,8.097738399907163,51.59211610914209,1009.479503439677,5.396927062065604,0.855576314817114
2018-11-26,7.393949053604802,65.07850100771181,1003.03810754404,11.625044793019612,3.960219163657384
2018-11-27,8.629450808415003,59.20189814553309,1016.4964975714747,0.7328978067766148,3.2213718739161057
2018-11-28,10.104277402186963,60.63430745903422,1015.0103350371658,4.576952844530924,4.286310789377796
2018-11-29,8.251625410145879,59.70340439549969,1034.1034265209637,6.428795051769667,1.37669545509613
2018-11-30,7.8142041016132655,72.35720529528196,1006.7518879546411,5.100949875606594,3.104313749662465
2018-12-01,4.950161737616463,59.885349769435464,1027.4011012006918,6.145765010009029,1.2576176136993733
2018-12-02,5.682330107316023,53.29860696763501,1016.5242291438432,2.8459007534831775,1.8874414177791903
2018-12-03,11.606949796989223,45.03897469016978,1006.3897811845728,3.200834462205857,0.19613233278238723
2018-12-04,12.585566091011778,56.20331153659123,1020.9924645751724,4.554732058522401,2.955842045894745
2018-12-05,7.794034802807361,31.69594245084548,1018.6573850445395,1.6103357362917468,0.0
2018-12-06,8.880104202575067,53.71705788038535,1013.3584329485805,4.865940795679431,0.49478223781445485
2018-12-07,6.263837036929096,54.809682882322015,1015.6629535644063,3.8337641189854956,1.6142098716200879
2018-12-08,12.733319442148222,39.98863174275308,1007.0301296895447,3.589864444535394,5.347823109522578
2018-12-09,11.45038232771524,44.992150449582425,1004.7421287474549,5.961519237795914,3.929304858240735
2018-12-10,15.518510476745666,60.33732006310958,1020.5944217382258,0.46197847959791183,11.26873524614007
2018-12-11,7.302187274549082,58.656023853475084,1010.7606057568672,4.312729689850539,1.9441562364060383
2018-12-12,9.046931377559872,56.494417648293336,1012.1991700175091,11.952061296844583,0.7448171302552369
2018-12-13,11.120519397732377,57.50321564045404,1015.7982159594428,1.7416709410231253,1.4807618131157434
2018-12-14,12.612232119968164,54.62015981950515,1015.6528834478381,8.85650148945324,2.7146255155384647
2018-12-15,10.273624724345524,67.29181326641039,998.7067352902593,5.163968362738096,2.0196116575164638
2018-12-16,8.550817301896076,56.95888316608845,1025.8625208645485,3.1911265733557457,1.4091587168087634
2018-12-17,14.064131096681464,38.38580331347176,1014.2118215190068,1.0380750214105805,0.0
2018-12-18,13.834583392574245,69.38400795245698,1010.9734673717785,5.419045895855696,3.2269892639311903
2018-12-19,9.174610200279538,59.116097573148686,1017.3084600516975,9.360191317444029,1.3803238277137053
2018-12-20,16.24292775566783,45.98599881421541,1015.3654219361487,3.8323665644097087,0.0
2018-12-21,15.941198964867645,39.49538333461599,1020.670626894897,4.75711572578968,0.008929458005262125
2018-12-22,13.088257181779163,57.41501361869087,1018.3798367215094,8.031112550570995,1.6068412276450548
2018-12-23,13.179612005429131,52.23847394754168,1020.1784622899627,6.022612374038843,1.7661415405890857
2018-12-24,14.859052639857431,68.31194154039538,1026.5099390572752,0.28317266082626436,4.596106867927536
2018-12-25,10.868365327519694,51.10674452957187,1021.8362454897098,5.296661647565551,0.34952287321036085
2018-12-26,13.800622456430546,44.725880874960055,1011.3951377967144,9.536704731996796,2.6046323229597914
2018-12-27,7.51081296413765,65.20255570029046,1001.7709884392317,4.889176440597505,1.5735390505855447
2018-12-28,16.855071928159994,60.82528296308832,1029.6779793300452,3.2244682884321314,2.2532743055440525
2018-12-29,9.799196158333235,56.78691559693534,1010.6227662665289,6.1646449747732195,2.4493917316890803
2018-12-30,19.252059142949467,57.13754090527435,1008.2689258663947,4.404630681367892,7.006802703628713
2018-12-31,14.009639718100658,52.618308933527295,995.6327318223556,0.48728324176365057,1.9681014152236922
2019-01-01,14.62319939654399,55.02705131182047,1016.3847310531211,0.037624270161352946,0.8484360093010177
2019-01-02,13.63312245608767,64.83334759759539,1014.4888660395377,7.925321429866426,2.941056770072833
2019-01-03,14.910178386582578,58.798094146923745,997.8488506375052,2.8028517632147603,1.8874562980572436
2019-01-04,20.28763043747891,48.163440397934295,1017.5327404213317,2.2775108577920244,1.121719923033446
2019-01-05,8.82604601145646,69.11060245353328,1008.0180807929856,4.893084317204994,2.3501030205548012
2019-01-06,20.377421619976083,26.16273546209684,1039.903150072887,3.0673910050401836,0.0
2019-01-07,17.817191116795414,71.61213755582165,1007.3063880790913,5.3001458833332356,2.4863451798036507
2019-01-08,13.438116638127326,36.22135073202898,1008.648066678022,4.391839911689988,1.3476273384281332
2019-01-09,14.088695130816504,46.68472418686879,1004.2522377574563,1.4000132597190706,1.4708149384602003
2019-01-10,22.598576244346773,48.29153652587592,1025.7787652104198,3.466406604315846,0.0
2019-01-11,14.986880007820467,51.04175328880815,1009.2722420553524,6.328259963927314,4.511727736497402
2019-01-12,14.61651596624141,62.755852417144844,1005.750858462345,5.125754120715877,3.1917887797593254
2019-01-13,21.74076632215667,38.55125065281932,1020.0695500992055,4.754172552824506,0.0
2019-01-14,19.595750118946995,52.80979311535714,999.1964706458682,10.812152723538153,0.3744129805502293
2019-01-15,16.01652269713361,46.209617669235655,1019.2511054624895,7.193112576156606,1.6215388704250504
2019-01-16,19.72924728922544,53.08678614876145,1030.8139971660087,7.557323794464027,1.2437009272688448
2019-01-17,16.249978442288302,51.22728818087709,1018.6660783283509,4.502094776615225,4.886377337641045
2019-01-18,22.876282565112152,49.491215244273704,1019.3789831625993,5.660435571053825,0.020122699292123694
2019-01-19,23.003157820004866,42.9991727653541,1021.7006021690748,3.7067000314229217,0.0
2019-01-20,21.65886209037753,44.06992945385041,1030.0970802867553,7.332649296572384,5.370623552448934
2019-01-21,21.390125016386623,52.17766263208096,1025.098939600191,4.66880028770287,6.915390534281877
2019-01-22,25.829432517962218,56.52243879857934,1017.3966972227303,5.6671332467916695,0.7085125016321345
2019-01-23,20.784010075818784,43.62520162011213,1022.03891400636,5.481833906465504,1.8803163062314514
2019-01-24,17.47669746182719,42.57397582335731,1004.1406507453489,4.945499355783636,0.0
2019-01-25,22.606325777681672,54.83143876787753,1020.7629359074732,13.81456420146731,2.9003962142651627
2019-01-26,27.749775036867806,45.800073550989204,1002.9444402881625,3.0001421675158326,3.641047981134321
2019-01-27,18.6791616465486,58.96540051658522,1009.3297758136837,2.972865409523923,1.1091096678325738
2019-01-28,20.868865763460807,40.507594984558125,982.1743782485677,7.08229024043527,0.0
2019-01-29,23.430345716041185,30.4904378877451,1017.0142965936747,3.2144930027744625,0.0
2019-01-30,22.24491870538244,43.547499829045435,1006.5612798889165,4.12578091595332,0.0
2019-01-31,19.683153416649624,42.49489719902503,1024.1114521520446,1.740767139933146,0.0
2019-02-01,26.216807679174668,46.10371215960967,1016.901926106054,6.474673758207761,2.8360822718945773
2019-02-02,30.03019973912627,38.61644798773297,1024.2409589470162,6.512771733452455,0.0
2019-02-03,23.87492407458602,55.472707476071484,1002.1640345532746,4.054423820229666,1.9065935535120992
2019-02-04,20.788321475158764,46.72433663819545,1023.3838603715964,7.144450065440218,2.77330300047225
2019-02-05,19.06512252664659,51.972183724415714,1034.0585634436334,0.5743750412007751,1.5633889663064144
2019-02-06,24.694828248074995,49.22893146037194,1020.641582999319,2.8794397954569693,1.0443121368541852
2019-02-07,27.438785081675665,48.23015838328404,1020.903490086923,4.490062441367208,0.0
2019-02-08,25.756204466099156,46.880606662400695,1014.6959767639494,1.4831525092911413,1.3669029381927116
2019-02-09,24.5242729905961,52.84387040880508,1007.7533121943463,0.24613911225616647,0.550862662355939
2019-02-10,22.961628460156803,40.562634431663525,1020.6119237270151,4.076312104884659,1.9496115157664802
2019-02-11,21.648028375479907,63.170165078798874,997.9391708959793,7.082060261182226,1.9131217605275577
2019-02-12,27.620908261468827,43.82417203558023,1008.8224487507919,8.846325174279537,1.6252830889646606
2019-02-13,28.04710637251176,32.8609554347573,995.2894319766282,3.358136350383881,0.3642755431159286
2019-02-14,20.854685545702505,51.453390797066476,1005.9634362268491,7.1996475128647806,2.0630863968187203
2019-02-15,30.444366268768675,36.26601204114081,1019.4204509189356,6.909626114227002,0.0
2019-02-16,27.57687423712069,52.86490822652841,1018.0539337622047,8.655824523003488,0.9079549500332542
2019-02-17,30.23003927989716,66.9810361204752,1013.5091369553547,3.949426908937995,5.67435380546921
2019-02-18,22.178198069992984,41.04518004942501,1014.7040099406202,0.3955014855540222,0.0
2019-02-19,22.27711466093212,52.185166001773794,994.1413538213579,5.210557557268234,0.6191356699973387
2019-02-20,26.094314473957176,29.397786875975132,1009.2743771942909,1.9586187770908308,0.0
2019-02-21,28.212791046747213,50.432656771039866,1006.1864839356479,2.8294846728139773,3.4403095058848825
2019-02-22,32.25326732013255,35.016228341936824,1006.4094030948546,4.096342567840453,0.0
2019-02-23,29.138653064065544,39.1823272836224,1018.9957862781375,3.9832171059525714,1.0376513184661424
2019-02-24,26.445042054674317,35.76461407426456,1004.3949267349469,5.424677800687383,0.2055387333906291
2019-02-25,24.243040676538538,55.19999192227809,1006.9531914987259,7.1094689492588525,0.653433199740151
2019-02-26,31.15756111364457,54.49426301791034,992.1293075429048,3.8967932501721005,2.3938271956912365
2019-02-27,24.715159807265028,47.87627224295257,1010.0587681962384,6.187092519824014,3.150606771512147
2019-02-28,32.63266203722988,35.039401928027864,1002.1216245228638,5.044448029791516,8.27591071993497
2019-03-01,27.028305425317516,62.38107764837987,1013.7920292868964,7.806483187635336,1.298284199214356
2019-03-02,32.78359153879751,36.104102953054685,1003.4889195325753,4.43422444668105,0.7683718389962646
2019-03-03,30.175169447341478,23.292092277054874,1014.0454224554921,4.763219972676333,0.0
2019-03-04,27.850026180823075,50.65887700915914,1011.5531423925765,3.8767986560032797,0.08555991085683406
2019-03-05,26.821531081414847,35.541487722877406,1029.7204177304232,4.513254380124514,0.45985564091163145
2019-03-06,27.47173941274541,56.150218228619046,1017.972179804532,2.649535614962377,0.8762127757122911
2019-03-07,29.890157269165254,41.243544398683184,994.603621274377,2.35220814156946,0.07580831280857114
2019-03-08,28.943389311433155,51.56543774972538,1000.3511115589729,7.327296155848175,0.7624522222820139
2019-03-09,27.033135091543404,60.49843591974988,1013.5520800899234,1.7503949504461955,1.946056737794261
2019-03-10,28.416231022735055,33.703295842425256,1003.7015205160735,4.0426457309062895,0.0
2019-03-11,29.243289521501328,39.71898393032528,983.3163156976415,8.04602835881299,0.0
2019-03-12,22.711638585883996,47.88746998048737,1026.4954631383375,3.9418976149891787,1.3979410422894387
2019-03-13,30.558450155773233,60.09628811245682,1020.2022401690541,7.4862213610567245,1.5549522089053815
2019-03-14,26.326684070276883,40.25283078545711,1018.2097687349177,3.226862837819475,1.0429821996391122
2019-03-15,25.88352518926135,41.11320044587925,1006.9267695452909,1.8465091809494183,2.956373472421015
2019-03-16,24.35491371675238,52.603948897181894,1017.2767677100993,0.21552243529753756,0.7677732161093977
2019-03-17,24.104421571219152,42.175501957284716,1005.9563967577911,8.938172207817985,0.6356042604404766
2019-03-18,25.48461631843574,48.78295066975829,1015.0485730021769,1.5893864550967534,1.9704663492568497
2019-03-19,27.484443954694836,30.74240381297131,1003.7941677416352,7.24155977037528,0.0
2019-03-20,35.52750253516456,64.37954815798369,1028.1628845055602,2.000158919619853,2.348261922526428
2019-03-21,28.14195802638853,32.45192868371171,997.2976334591815,8.952151753819464,0.3007534520222468
2019-03-22,30.300357570085474,41.63229417505518,1025.3228382951083,11.6203481738453,0.0
2019-03-23,31.011685795428782,44.169346743864665,1013.3891582801733,0.059590179071010496,0.3407079395283663
2019-03-24,30.24218298495784,64.00578985108903,1008.1053300465801,1.7457306975235585,2.9217709658752566
2019-03-25,29.651002759091003,31.9260408111271,1014.6700292169573,7.319395591409674,0.0
2019-03-26,26.327387312611545,66.67334769848173,1020.3334800717818,6.539128770097445,3.0844608824314905
2019-03-27,34.29156758704532,50.42598441749757,1026.667467366944,7.330765564280575,2.166702862207256
2019-03-28,35.38146452753599,46.480220980464466,1016.1314302313353,3.2787333487868717,2.4956631646570453
2019-03-29,24.92855523496541,37.689385512337736,1004.0930391473772,10.962602483070103,0.0
2019-03-30,26.916664395936113,52.253080222412684,1013.5563012376579,5.354148400069323,9.55193970269686
2019-03-31,29.157096502567345,38.18658552451833,1031.1679323666237,1.3491122694694409,0.6823187488519586
2019-04-01,27.106247711312275,59.11348867632798,1026.4767808551262,4.240554499871165,1.8139286610674543
2019-04-02,31.516646540188667,34.53105643882833,1022.0876347812435,1.3892993113135024,0.0
2019-04-03,27.80837760309052,44.9642262538939,1020.9568702012239,9.772824075662315,1.1978821317793777
2019-04-04,36.47836393719531,36.20808715127063,1019.9945009060655,3.0190062115996508,2.8900686498034056
2019-04-05,33.540403196011674,33.35456877772421,1024.5875483450986,6.477450454233867,0.0
2019-04-06,30.5876056182092,52.11939535997455,1008.4337121427809,3.587980565053459,2.378236808863285
2019-04-07,33.00753845646966,48.850818245861504,999.44913934225,3.1538380707124603,0.7704703274603542
2019-04-08,33.216554012083144,55.4818249829684,1013.6900350073706,0.7307625438431522,1.5307262266598367
2019-04-09,28.17486849572709,28.113814670054786,1004.8241841322231,6.794523808971702,0.0
2019-04-10,27.381512119859213,56.950950963480835,1002.4497924462281,8.89754375788755,3.1409802551317902
2019-04-11,30.0236514383664,70.04266333438574,1005.7972142341207,2.252097255904545,2.89430325325735
2019-04-12,32.32880665319357,39.31918578163375,1037.853139245337,0.36431265500398613,0.0
2019-04-13,30.111386570642605,63.89579283576839,1014.3612463407585,7.409948128213488,2.311748158820926
2019-04-14,24.909168812912533,44.91380287294547,1016.6190783636099,0.06127595268124697,3.3373119854395084
2019-04-15,27.173299617583393,32.68925281559523,1000.7763719299575,8.658598807844776,0.9496717548068481
2019-04-16,29.29714815457783,42.295101498643135,994.5624704120737,2.2868146311361386,0.04436675107522303
2019-04-17,29.225061415484742,55.86950896901038,1004.809473568812,1.6901217715261208,5.333158399205192
2019-04-18,35.298393785178874,33.96903828409525,1027.3819558520875,5.745387263393875,0.0
2019-04-19,25.14725112225969,41.422987848805285,1016.3427546607652,1.8855821449656878,0.0
2019-04-20,30.742191425690198,50.56429861008681,1018.985950914444,2.878666756120372,0.32914715732721145
2019-04-21,33.60875647584118,43.22622292946514,1020.3856603920207,6.06194579801302,0.0
2019-04-22,35.86756943069986,47.91244480951748,1007.0865062020172,2.287337011499938,0.0
2019-04-23,27.74766669601781,48.50446205957446,1026.8796558397337,9.927257737784966,2.0159788809954633
2019-04-24,30.338649191056998,49.62692859998723,1006.6719240077782,5.1309203973972135,1.7994906632823982
2019-04-25,30.47303546248685,40.44047041066116,1027.0623235926255,1.1211019627894157,1.1300550857349476
2019-04-26,29.24551464607312,47.69455209726737,1017.4230215613534,1.9482638921394755,2.101307270705096
2019-04-27,28.25380143115235,36.599369227464486,995.1095484575368,7.974939134782407,1.4883351473041595
2019-04-28,29.74551552952377,58.011578460272,1005.5199051339946,6.80315880522231,1.265468233676715
2019-04-29,20.724121583783344,43.29519203993519,995.150614671279,9.160341971855633,1.2768479059159366
2019-04-30,30.246391529790927,56.16527911059843,1024.632821327942,2.9517714655872953,2.3517607710184247
2019-05-01,28.454128491625728,43.43686614435848,1012.752645791976,5.889751511452409,5.096388563495137
2019-05-02,27.279707230413873,48.380136492366276,990.7165756005022,6.279703735351033,0.3669025854429031
2019-05-03,33.95541913340608,38.072644924389955,1016.7574688171966,7.08580250075671,0.0
2019-05-04,25.653933803924296,37.01307878635755,1007.6283573761168,8.381843370296208,0.8210243419064565
2019-05-05,26.329654224084464,29.387569011904752,998.1619414496668,2.8482082824669583,0.6342341795213806
2019-05-06,33.36997288747285,32.761771970338984,1029.779658369687,4.657489196718558,0.0
2019-05-07,24.751886857139173,44.3849680392712,1014.0728586609658,3.1695507632595645,1.1303870331665125
2019-05-08,25.446853346004556,49.39536511528656,1010.0656859768669,4.842164379930873,0.06230046786546317
2019-05-09,26.50166668644669,56.85295978960929,1009.0057521901398,7.095298346188926,7.125290944758259
2019-05-10,29.306951272569368,40.88894976574683,997.8672053084223,0.0378934992178932,0.0
2019-05-11,27.24666814256555,37.55705828604548,999.9545110041589,8.328114708377857,0.0
2019-05-12,22.580453150401354,34.2826255647722,1025.8491678487508,1.5824536272087508,0.0
2019-05-13,24.69349672359856,52.453887817241764,1008.2611713021428,4.077889040908306,1.360077194349229
2019-05-14,24.296266863092303,61.68381172174728,1013.2206770093686,8.731825774898374,1.3728004607101463
2019-05-15,25.711700175628174,59.8074525917488,992.5566952379893,5.984029153950216,3.710971733482759
2019-05-16,27.042684681028916,53.577985140957914,999.8190796420449,6.01858984479098,4.940577720657794
2019-05-17,26.83837141927159,52.96624746304019,1019.0981251987475,1.458121864114668,0.8994267284051113
2019-05-18,20.07118314115946,66.94064622651368,1016.7771176011383,1.8677421925284774,3.6759483524157295
2019-05-19,28.40342410483781,49.1191025617492,1030.5337519872432,7.8237691900067565,0.0
2019-05-20,25.778664501192875,53.57196450964528,1026.4295633163122,3.2325693635468307,1.3345566683388308
2019-05-21,28.980941500917996,42.30169063102101,1010.6928902751517,3.515264380100452,0.0
2019-05-22,25.96341568042047,33.39785845124219,1017.7295356471327,7.891853753164135,0.0
2019-05-23,27.7354110921448,39.293805448931835,1009.8339655709692,1.8502593638914178,0.9990983253720713
2019-05-24,25.628904933800296,47.0939571477533,1033.5480981863866,5.807705398658774,0.0
2019-05-25,28.063038216982086,46.57633461652199,1024.490146960524,5.128721978503075,3.600035352007552
2019-05-26,25.38353069244043,66.57109320233371,1014.6968509085775,4.991942822410273,3.8433793909340777
2019-05-27,23.312838279236153,49.15635253629261,1015.0039478487635,3.4446931043674884,2.3964606010900127
2019-05-28,30.21114309749329,56.68286289150979,1027.448502872598,3.2604344556100147,6.145644578154132
2019-05-29,25.845717944949442,42.72636861176212,1018.7957784711384,1.764907508615404,4.980160543771899
2019-05-30,24.68218398544224,44.54214914962654,1028.5862801707008,6.4479950781239195,1.0585874842521847
2019-05-31,18.91202261562279,37.253912319954125,991.0635207374113,2.995552425449792,0.09328972424255433
2019-06-01,18.653704349296024,43.24986769658627,1017.612282614988,7.906233863501754,0.14207126965307582
2019-06-02,23.17223705305591,53.68369538710958,1007.8456513531861,4.326334875228041,2.882917063822392
2019-06-03,22.503956208412678,48.823623699734995,1030.56377987628,1.8246485317368863,1.4276476229030708
2019-06-04,19.996232707601933,59.43126984517137,1028.4639868718982,4.286558353554738,6.3455268126944
2019-06-05,22.030729864093605,50.7971745514037,1013.3283580910131,3.7674284025905767,0.624978486896279
2019-06-06,26.140885883674102,43.40501974178553,1028.3563097881104,8.027310235184158,0.08336189501863156
2019-06-07,23.226546805885217,69.86969523492698,1030.831145199925,3.892999432245403,2.7468287298392573
2019-06-08,17.480828620588785,50.32055000257514,1013.7440667192615,4.171368856399022,3.31183330775351
2019-06-09,20.33109299663064,61.46446319873772,1037.7193377243186,9.234640116477307,1.3550358914668192
2019-06-10,18.010806518388833,46.982504675358804,1012.6865884733028,6.524801964390047,0.9145729512680761
2019-06-11,19.02108494083532,57.585452323418004,1010.8547904966409,9.98811804801049,1.8743123899001488
2019-06-12,18.70028023647903,59.93001647327735,1021.6587258858434,8.777135012191714,1.1449063288083945
2019-06-13,18.263668866225387,52.953085272643115,1009.4620926885768,2.3385122349114362,1.3532775278370799
2019-06-14,15.685286173182176,28.61252768644289,1013.853397757949,7.969852563200323,0.0
2019-06-15,18.820496083433667,50.7722765668443,1027.0943442405091,9.575909876223776,0.21186910979665985
2019-06-16,17.273159480378176,63.668020737410664,1013.1921885221727,9.59843939697026,2.7929391876083445
2019-06-17,9.916986637207229,60.31631501167369,996.0498220702469,7.964287950730062,7.431636832670651
2019-06-18,24.613501126964174,52.15163818881038,1016.6731938784919,7.902568984727527,7.933486402533203
2019-06-19,21.469122694246956,32.04286931330134,1006.0370642094761,4.092016868973351,0.0
2019-06-20,16.821191172128657,44.38485370718508,1021.6527115729455,2.487853746951276,0.8860979088316304
2019-06-21,17.75295593510523,55.237098343961776,1019.9618971582624,3.94334804330763,1.1960772568594067
2019-06-22,13.927142152125072,57.14026169180639,1027.7140034816653,0.005632995701711607,12.410813964084015
2019-06-23,22.27415658723072,61.00958950771366,1022.075323007927,9.028385946265116,1.7420009038882436
2019-06-24,22.623088746108053,47.23978807548503,1023.9024428365807,4.150121121746864,0.930230917317658
2019-06-25,17.144966291565,55.48575772095565,1006.3090323986229,8.87399218719488,0.5544525132721888
2019-06-26,19.48864317981402,50.41942082940593,1021.039864958905,1.3055012683352016,0.9011471271857732
2019-06-27,16.686657525303715,41.787243872332574,1032.684512893603,8.247874763006632,0.0
2019-06-28,11.893022843859104,31.495575267122973,1006.1135009136324,3.5153580254620413,0.8733446826650957
2019-06-29,14.409863388176987,57.105165227212275,1030.997382917271,1.1468917750724774,2.357094100857953
2019-06-30,15.783060503722867,53.847941832266685,1007.5064990879866,9.881354156479272,2.0828616762345904
2019-07-01,13.765461797099997,46.93551868044831,1004.4802875495003,8.321935008022322,0.3687291877435422
2019-07-02,14.214935214364573,36.70080182765906,1015.9620044335484,5.635377260557353,2.0437582182665572
2019-07-03,14.33852472406567,59.12813278205455,1020.159104161288,5.101813655404889,0.9193658512081785
2019-07-04,14.112031011335661,50.28478375237665,1022.1175012397226,6.318530056457355,0.8402122904079434
2019-07-05,14.253576311005558,58.441959068178676,1003.382375792268,5.583885733752233,2.9988614733276218
2019-07-06,10.657387612308248,73.31179149796347,1017.3454009725428,2.6231721374855863,7.101429293005543
2019-07-07,11.4309003053582,32.87024104412386,1006.1444542851649,3.7638431906452343,0.0
2019-07-08,9.471362096074676,48.268310864939025,998.1107774392942,10.882153496116109,1.3846772270975292
2019-07-09,16.002223987269893,49.90513187324592,1003.7126368446721,13.016470227884042,1.5348568229218456
2019-07-10,6.496071220680911,71.30022613112605,1005.4909963404418,9.68800551569205,6.275739036668492
2019-07-11,16.01866583587303,35.626636889998636,1018.2159516035251,6.43467182048787,0.0
2019-07-12,16.4625494059051,71.1273355538535,1024.5221366306866,3.986752901894195,3.2176807277107153
2019-07-13,11.143364892148494,55.78687656958866,998.2679337012473,2.605442318309102,0.9816124350990634
2019-07-14,3.9877750049211658,57.046105880200834,1016.5196107420805,2.8031527687093925,0.7481462066333543
2019-07-15,10.461483260638948,52.78866073749146,1001.2330181422909,3.340197023939718,0.5969300832286384
2019-07-16,11.102114808919513,50.086312273739956,1019.29085409014,11.45349212427731,7.507646571344593
2019-07-17,8.013222949293151,66.47455611804497,1006.7726941899625,10.418846889147796,2.1312128084353374
2019-07-18,9.250884690587032,44.6893501138821,1002.4867098197672,7.2388351698061815,4.9366181256443324
2019-07-19,15.139893307487704,55.88419516269468,1020.9966451534757,2.118160470761522,1.0478858029760605
2019-07-20,12.298175872867823,50.00909540649633,1007.1307739455491,7.67916778013311,5.356782764211288
2019-07-21,7.2851804234977475,48.73607530311015,1009.8403604864731,4.284148914468185,1.9998329834557875
2019-07-22,5.0230178011527045,83.3482428562626,990.8001091244363,1.4590283159323647,3.5751377863843423
2019-07-23,8.593242086224175,59.89388630442251,1022.4655136142347,5.861301912203778,2.7335304082194103
2019-07-24,8.694010183889217,61.78565035466683,1021.2090852116911,2.474260877497834,1.9455242875916876
2019-07-25,10.584743412242952,66.08539610056515,1013.0545784428132,2.5758397127298887,2.574808635574457
2019-07-26,7.253710480062707,42.159645306783176,997.7241905864424,4.248776019295978,0.37621217809651286
2019-07-27,10.159493626542275,72.44317227794917,1025.0936917833476,3.505031081172761,3.34312799065035
2019-07-28,14.197680354923259,27.81158803758761,1006.3373661363921,4.897229542687976,0.0
2019-07-29,10.607902664705904,47.00838456726184,1008.4664654989941,4.753008349948384,2.6260497961062663
2019-07-30,7.788341862899723,51.515512336761134,1036.1204405635954,0.6274272785428945,0.9500532128756776
2019-07-31,7.156457980209764,62.23900465960018,1005.9636355589078,9.560833966648499,6.387545290162952
2019-08-01,6.411353395773753,58.981505963528,1020.422099624265,2.0498698311539605,6.474491625540286
2019-08-02,10.800986872118646,52.931359156956745,1018.6209226208261,2.142804844608581,0.3762188329722346
2019-08-03,5.157108939717094,57.30147208386422,1016.9017219288008,4.014340244629108,0.7601892923432452
2019-08-04,6.957061548890186,46.74123899032923,1015.8200054255451,4.674995457892117,0.7811251022796152
2019-08-05,6.759754769490612,41.64779867041296,1016.763885618892,9.376939450495517,0.951126150796619
2019-08-06,4.8880634030005385,64.82108452186033,1015.7194059094054,5.808270356164703,2.133304892294802
2019-08-07,2.065824571960597,65.90414883938155,1012.4808164122394,6.699396452328603,2.191041240275399
2019-08-08,6.944562562479165,72.37266247033101,1028.1128312411074,5.823608562749845,4.505748265932764
2019-08-09,5.5877190849839335,49.30596948935595,999.8733943920072,5.6943847474963185,1.7717180413557831
2019-08-10,7.0692791893721925,63.39351250832313,1023.2145810401538,5.929188509261026,1.7051471965953613
2019-08-11,3.7683783821340446,55.27874352528566,1021.2234229868756,0.7982024277068156,4.844860530554869
2019-08-12,8.835118538302869,67.48719058278338,1019.983991213294,4.250244545481414,4.027438068753636
2019-08-13,2.348720693161466,69.04526742020069,1024.1697942764013,8.486783331713472,2.8051679733052874
2019-08-14,9.924519709898439,57.14983413729535,1012.0740060473161,16.826993032420056,3.0166355742085234
2019-08-15,-0.6421279327894416,56.92576239973485,994.3102592417313,1.3870732023814698,0.9316147692610759
2019-08-16,5.720556042063013,66.74904376505111,1012.2770734028552,6.269239880973059,2.9380910619808205
2019-08-17,5.661138342440449,63.63847606134543,1003.0880578237544,3.286860266376975,1.7340610526209028
2019-08-18,1.6699654848800383,52.32061323669816,1005.6814079014193,11.142955711690549,0.31668930041689125
2019-08-19,5.154851650854101,44.14458743977864,1000.5758032616759,0.9386517176255555,0.24042414389521316
2019-08-20,7.548553596300352,53.34039419503186,1008.2265514155616,6.874818470947639,0.6608085769977305
2019-08-21,-3.108785709920336,76.70853100844226,1007.0337630601655,0.77836670148743,4.678464610118235
2019-08-22,4.8849738019668365,69.02238468634697,989.224301700729,4.044299995817502,4.144370834961427
2019-08-23,-4.264560287170949,51.00900544687967,1020.0022191128229,4.897060007750573,0.4228638416023253
2019-08-24,0.16026263269114516,48.24229452465522,1035.2032185800488,8.209075045218825,0.0
2019-08-25,7.790299899888666,68.85168854685053,1019.0623719349629,1.7684995215244164,5.033412340762352
2019-08-26,1.0065831281351016,48.14034938835415,1010.9707604346577,6.990149146542157,0.0
2019-08-27,-0.9169528740855588,65.55142967346285,1012.4525360432378,5.056333170163841,2.3980669929727267
2019-08-28,1.8673046217664067,52.90563553575356,1008.7901413198682,5.818380158857939,1.6553076287214246
2019-08-29,8.524983154194704,71.90795766811948,1013.9004158386696,7.874998144055423,5.60536244726561
2019-08-30,-3.309879287865482,53.95069165255396,1012.6299190592676,1.152329920984137,4.042295795735608
2019-08-31,-1.1010616556667063,71.98414612989164,1004.5895156960171,7.431784919445777,4.7799425921842875
2019-09-01,6.416700268899054,58.64023640615412,1029.8288838894782,3.293285440731726,1.4319287057346157
2019-09-02,7.372923971010163,58.835486556837786,998.1284576429023,8.287620364930477,3.4308156983648628
2019-09-03,1.3688464876867532,39.612490942642616,1020.1833154319424,6.003672903613641,0.0
2019-09-04,-2.154747468603561,39.04824020224459,1011.9880237268247,4.371414855448833,0.0
2019-09-05,7.737193470557215,53.92574386204825,1032.0083181506575,3.229922092727536,1.9768656923416221
2019-09-06,6.124257723834347,59.406931772248946,1016.4086459924822,7.469884983065992,3.2124148024806667
2019-09-07,3.2730865723957985,47.11147843642487,1009.4009446281675,8.782855056442783,0.0
2019-09-08,-1.3015678797086605,49.76384983509091,1010.522928015655,3.401445377419446,0.10018387902254389
2019-09-09,0.8920530119161998,65.16869979230323,1013.3990669451977,1.6009803026558087,4.583404780086723
2019-09-10,0.46569956243403454,65.39569502335429,1001.572093050036,7.082633128835677,5.464625950970941
2019-09-11,1.851136762990424,57.69702101462552,1005.3313047488209,0.6544071738988997,2.624612327765907
2019-09-12,5.127580614211434,65.23822690475504,995.1505603080814,1.0834626872510853,2.6439525019970778
2019-09-13,3.333036173955528,46.59145895582077,1003.770231016259,1.8118991734163026,3.3918940020858224
2019-09-14,-2.6128954857637217,57.74709857201215,1013.9390648166045,3.7536485508837516,3.3846329174152068
2019-09-15,4.677431121596384,74.14006049703855,1016.0017504928452,0.9910043323536648,4.147075729621145
2019-09-16,1.4203296746785032,59.97305646205893,993.206703050036,0.8163997281447335,1.7679163881629576
2019-09-17,2.4794244381408315,60.02341292679958,1011.627882969558,1.5936674169886302,1.4436223198788345
2019-09-18,4.759464318350286,80.67973370050225,1018.6340995082213,6.927423339717856,4.152857220632288
2019-09-19,-3.0289461232230046,47.52105140312379,1011.3708780662377,1.1853677836196983,0.4281552362188564
2019-09-20,0.14862498418087788,67.88999117433066,1006.662113542222,3.97919096613749,2.6177845624967038
2019-09-21,-1.3835859035350995,77.33165574984855,1008.8783885495178,10.840095387096685,4.182982335468905
2019-09-22,-4.533742129581473,59.018291799805276,1007.5923664502278,4.852477609918728,1.2723062908659823
2019-09-23,1.17341897291294,68.009598382092,1006.6326944089194,6.027592969188779,5.082576352025411
2019-09-24,7.635816915742057,46.36189657001992,1014.7382352524485,2.1618799452453406,0.0
2019-09-25,-5.4468129000277195,55.85608249434035,1036.0768822773546,11.490424561100426,1.897286530314809
2019-09-26,-0.04672535946096165,63.873026840206826,1005.5630008309481,3.376116532584714,4.127919036274278
2019-09-27,1.9528713922434369,67.00923103498418,1009.8185736733857,4.31568594664545,3.02818027996406
2019-09-28,0.3860388711930406,71.01634568846595,1012.4830206062477,8.951176033902094,2.9974052758634886
2019-09-29,-0.3325783678575813,75.86257505332372,1006.1264556564171,4.454797265439144,3.874557507915421
2019-09-30,-3.8963989701585406,61.27373389952745,1023.9823580352343,5.143666348025645,4.903967418966044
2019-10-01,0.6984991327776398,71.58686798533707,989.2911462669356,4.154935037632611,11.457285895341178
2019-10-02,-2.266819460746143,57.71036129588158,1007.6894082962133,4.175502865828318,2.765730186016282
2019-10-03,-6.558515283530912,72.30017075764813,1021.1831373631996,6.111506032484275,5.384384922524882
2019-10-04,3.607245344207728,60.27126530641795,1010.0590569161137,6.658829567594317,1.0563158749420443
2019-10-05,2.915282862903794,62.99913763936734,1004.7916104114971,3.0702547063622987,5.546523568951815
2019-10-06,0.21619798834555148,64.1269797460476,1017.4075675443877,2.701758631559211,7.57309038571843
2019-10-07,0.7739554612078292,43.56597217141796,1022.0634323539715,3.1725917334273106,1.0687264984513432
2019-10-08,3.339620896877698,47.08897096295341,1015.1063544521506,0.7962379574006953,2.5121587239825436
2019-10-09,0.824031544023953,60.613398626163246,1004.9877964018712,0.22870922444210784,2.499274165512531
2019-10-10,2.901811028374148,41.676303689401244,1017.5620331915175,5.8915014416747225,0.0
2019-10-11,-0.6595538539029348,68.64188795894903,1008.9795069972521,7.815787409525336,5.688628589468569
2019-10-12,4.2163541616477005,66.60738258205757,1020.4518688189382,7.613135879435652,3.4775654941010794
2019-10-13,1.294632055213202,62.6243895011713,1027.8325888485658,2.145973819409975,2.994504544699585
2019-10-14,0.9706490032313129,48.30333537080512,986.9442324431146,4.264804738870218,1.982854679921661
2019-10-15,-3.3611420939087018,75.4819604356395,1014.1106747319564,1.693724133222323,6.424123972704683
2019-10-16,1.3747684980823005,79.68472214814243,995.6426606305238,5.431212313462571,5.601308380474091
2019-10-17,-1.9128115105678654,62.42717402974367,1037.4178858532978,3.7465294435718564,1.717010158261589
2019-10-18,-1.2583705784640697,65.7345390737444,1008.3187546620381,6.775735718733765,2.8312596042853375
2019-10-19,-1.7119746293756677,62.87337386264828,1020.4637324182537,4.942540728795976,9.14144133840804
2019-10-20,-2.382650607104817,66.4950171935404,1012.646831404051,0.6880056847536675,3.266890366662719
2019-10-21,7.276473339922456,55.16617576377481,1004.9691541928094,2.098742381601378,6.085789694114555
2019-10-22,4.986458753621331,57.1611282247513,1003.7794695282257,5.01735534447996,4.073361781186904
2019-10-23,6.847977252744836,65.63318737860124,1028.8567917310077,5.270331287693259,3.7566876849094974
2019-10-24,-2.483254374416213,84.69786880617252,1022.5593806017831,0.7829695768879947,4.3294004433658895
2019-10-25,1.5018414269526716,45.24836694250628,1032.4358408737755,0.3906208893616343,0.25056580744087054
2019-10-26,-2.4857300676518292,60.20474018979625,1013.554533351577,5.1687360127195365,3.082873314822799
2019-10-27,-0.5815476763748424,48.4861689858666,1015.87919621246,0.7889980818484181,0.981861796257447
2019-10-28,-1.1341011471429558,76.48729955933231,1010.3280843434471,0.00588827950235693,5.8551806847718195
2019-10-29,5.457739370174229,51.393750621713906,1010.12917796885,3.664578462105975,2.997417562607048
2019-10-30,0.6729353885310703,45.231524367876524,1002.5811306752263,3.5346617259840474,0.2714646767753524
2019-10-31,5.193292680138092,63.78522364841669,1013.8401019092435,2.3647985679820964,3.8047431019176923
2019-11-01,3.9309032946285094,75.47765950011686,1005.107534051138,2.8887891298251116,3.9123790169658346
2019-11-02,9.163659883401452,62.0541487439069,1017.419089221642,5.041507169667184,1.9864459998171318
2019-11-03,-2.0476087539363466,63.07178314978734,1014.7001021898021,2.839511288960542,2.3725254128958007
2019-11-04,6.310140323873279,60.9363390658233,1015.8768204367573,5.212091064994518,5.607937251978447
2019-11-05,6.1171743116659645,71.08981947242256,1029.7512993969024,3.858594391647997,3.0000495080189604
2019-11-06,-0.09322239919152109,51.304618499454264,1012.6228205023441,5.502950466159968,0.8081298620484872
2019-11-07,6.000983686799323,55.881037115737215,1020.5672700285343,7.634616696309935,1.4552379675132778
2019-11-08,4.1442500377270255,53.40097349604116,1033.5150946408558,7.5177435361717855,0.823268571141732
2019-11-09,2.6131334540781355,47.01478020004383,1026.0661706929504,8.86463141319825,1.2747899322833816
2019-11-10,0.9869711358249296,56.22276183791951,1024.5316969845485,7.514440690691481,0.9412912060030307
2019-11-11,1.468084518474004,70.34316870058748,1009.933117844795,5.715672594625413,5.4357111377869884
2019-11-12,9.944854971909452,60.69359399797253,1015.296430555678,3.6997050870795665,1.5806418721424231
2019-11-13,3.970793112412661,64.45770844487568,999.8172370797006,3.8367172315513276,3.268651012806815
2019-11-14,6.491729430155692,58.21889140145534,1017.9891440096442,2.366668080692569,1.0890102094893008
2019-11-15,1.9524525207707155,64.25701156690053,1015.7446017761384,5.013587873154674,9.100752280562531
2019-11-16,2.1685662555603775,50.90981344873876,1013.2338512515618,7.092162436135804,1.3033629709838677
2019-11-17,7.9401629193948144,52.934819681030305,1023.2719478824285,2.822997191350938,3.7473515297201865
2019-11-18,0.8346170828512189,61.50273382826116,1000.9222517757561,4.888346424008678,4.077901799560126
2019-11-19,3.8298394226499997,60.860238877493906,1029.3486285116035,2.967913313834692,3.587405451684382
2019-11-20,5.372638817691969,60.51555914037275,1022.0176468794028,5.628062990562844,4.564705901712831
2019-11-21,5.802633292167495,55.71533053375247,1012.2936602034803,3.3518498481501493,0.7832845915974421
2019-11-22,5.13201891833851,53.65975652952745,1011.5127041218261,2.781468286117842,2.635473689559661
2019-11-23,7.060306291560873,88.04755968466255,1017.806112152486,2.960099915203924,4.422777776021057
2019-11-24,8.157666963041974,64.98903924780299,1028.2085123206377,6.5099863215367,4.5812634109511645
2019-11-25,8.491908534570971,59.885520492240744,1014.0160771869001,4.709751784008935,7.275567479062353
2019-11-26,3.542062229629744,55.896883903121186,1014.4403090197923,3.7147348099998925,5.224873271191867
2019-11-27,5.861005008699305,52.55730922621158,1013.1811847762588,5.784213507641632,0.49995822167302206
2019-11-28,10.514211012556324,53.43488855645228,1030.8202411270147,3.7564513475970487,1.2661393925762598
2019-11-29,9.832707452238363,58.01193470974765,1009.3111689706298,8.37955368105711,1.7073221196226562
2019-11-30,3.2513574877752456,39.56996581548156,1012.7049240138093,2.07840153892023,0.0
2019-12-01,8.647806448656944,39.982200821924685,1027.63435654261,4.439085461548155,0.0
2019-12-02,1.8843166501387456,52.689017785541054,1014.4701083361286,0.7857043349989974,1.2408105481615568
2019-12-03,8.18755064263834,57.977619046466515,1024.3705886004552,3.9593768243297185,10.472357475329984
2019-12-04,13.969860924131773,50.622338066415594,1003.8871994309704,0.038906493119889696,1.745262081759666
2019-12-05,5.664687959936565,71.94886828102656,1010.9470747837148,7.238949567677379,4.1394539242287145
2019-12-06,6.239126824340499,42.056468717872065,1027.8443403844024,7.299511301016737,0.47925206076711624
2019-12-07,11.269769506628972,46.85166055065181,1006.2366028423645,7.3525105211734285,1.8565417098967878
2019-12-08,4.586644360716951,72.90759522955254,1011.4870096023029,5.086617440523403,8.56821411060985
2019-12-09,7.555866766984785,57.533259863259076,1015.5668523089148,2.360388785869724,2.5301808430247315
2019-12-10,11.484181580099676,63.10633503796175,1003.1084548200702,2.598978103892151,1.4451332716583785
2019-12-11,8.034298963020088,76.49531995118458,1008.8618988137811,9.590516165661564,4.007588912670661
2019-12-12,9.473045112981609,48.32543326449097,1014.1263668182564,9.30703131139939,9.686402219444117
2019-12-13,12.658738761100762,52.6774872415293,1013.4668173416196,5.367665470852314,1.2478437754625393
2019-12-14,11.937401757400536,51.30703011199102,1025.8035202083713,3.4530978977590188,1.9329222971583422
2019-12-15,11.721082825874626,34.59352854222993,1028.4145719483226,9.105870268095533,0.0
2019-12-16,10.152333735447062,51.81986509471678,1004.4391512799909,2.9164905158455703,0.4863795207969303
2019-12-17,12.530091855717618,62.545575945947846,1014.1126851916749,5.686547624287723,5.408350411619734
2019-12-18,11.29997926463823,59.75590578580329,1019.7424830842476,9.055871916195375,1.6899253610698026
2019-12-19,13.296849331748067,59.54240702800607,1028.163474657992,2.4909845010061167,1.6832266197853345
2019-12-20,10.685803276997408,50.902008555106306,1020.1849029731713,7.487670756911337,1.0696765922231108
2019-12-21,11.88289591413921,47.497579682873976,1015.9091340159233,6.56168238753161,6.540904794283598
2019-12-22,9.715494312379743,67.83480956279634,1019.6654253198263,4.8814503733053165,1.9598115781181067
2019-12-23,12.835795588282314,48.60893074228215,1019.7376883433626,2.019699202600653,3.2768046651367495
2019-12-24,10.763876735623175,57.558882020120556,1003.7228570771563,2.8266807196901724,1.5916455080714849
2019-12-25,10.111335187802489,56.57767921287414,1014.9279879250627,5.868353218551976,4.444927452155746
2019-12-26,14.486511462504463,67.37391443131895,1027.5916099418869,0.7299896153558398,11.333845646411145
2019-12-27,14.606182925538173,62.411032113954505,1010.92643231306,5.3922315770547495,2.0985729646394304
2019-12-28,16.574326196496905,38.76025069508034,1014.2944664254744,6.62315295218499,0.0
2019-12-29,13.190299116933515,41.52931877378284,1010.5748355047398,7.955660518427302,0.0
2019-12-30,15.965958198172737,57.80611908160497,989.8614050439312,0.8049287766193327,3.6243794716650273
2019-12-31,16.652392716820998,51.03042716779784,1013.2059017723468,8.94874189148382,0.41616684198578363
2020-01-01,16.592521765832306,47.15202127754621,1016.0179193065287,10.086090482539806,0.31855201240722875
2020-01-02,13.03936312593476,63.63659727697733,1007.875066091191,6.230454703140782,1.8209730279613066
2020-01-03,16.222385455162375,53.76340109330793,1001.4536305111527,1.8858542557260183,1.255455215777451
2020-01-04,17.124457290198784,51.96234522379505,1004.1939354021835,4.015672134919277,0.3507885067896519
2020-01-05,16.311007381785526,59.642782716657734,1020.6418761613556,4.857208264644479,4.850501163529472
2020-01-06,10.287092486598267,51.10536380726522,1032.7252477304692,5.81139052619167,4.044853355020547
2020-01-07,17.284589545410732,67.04289508202017,1026.8243334090544,5.065944657930808,2.769521814304555
2020-01-08,23.6967746998907,40.27113641772457,999.5565399516945,5.843495428683851,0.9210649581542869
2020-01-09,16.23451450369327,58.45203341157424,1021.546273105507,4.727759727982631,2.8993773910112246
2020-01-10,15.385165869156202,66.64574545202035,1006.3683762419071,5.79532128353673,4.431236979111374
2020-01-11,18.943446326782855,36.755321943887566,1007.1773293749122,3.6184297365160587,0.1463479782298709
2020-01-12,19.013702129429003,47.059797176761,1008.3802440202871,3.9854398490525944,1.1340515780251499
2020-01-13,21.907028191311724,60.46855983319972,1020.0606694985543,3.2719244885699967,3.042420420891167
2020-01-14,14.806487022362589,64.16920196612895,1022.5925337644903,10.751778603512214,3.8452924002936824
2020-01-15,21.02444018446778,47.77282390388372,1012.0196892872021,9.391702358522968,0.6286906052994424
2020-01-16,20.850638546765975,42.227969789848416,1012.1892925899198,6.665882570040847,0.024858308394888007
2020-01-17,18.900796882387496,60.10895978211387,1017.6426374323579,8.975926991803217,1.639546121026262
2020-01-18,20.589880323609407,61.540550864011344,1018.6799453952424,7.395384016933647,2.745950616846682
2020-01-19,22.90741737018054,36.89965782978578,1024.7622570675853,5.543813478542166,0.0
2020-01-20,22.67978963399705,36.62096869333767,1000.156280244908,0.483285976940949,0.2165169458376952
2020-01-21,16.87608389642439,53.8145248716238,1013.2002733980403,4.21350823962458,1.4231531135470608
2020-01-22,23.00634270362655,54.790434982475645,1002.3197562410883,3.9948863239449444,4.10379474738905
2020-01-23,20.590885278556552,46.71386650842118,1012.4905772093659,1.6007744807235293,0.0
2020-01-24,21.24094213213614,56.17246713375542,1010.7382471231924,0.5415131761801515,2.3154952046249795
2020-01-25,21.477495012189834,42.15988642553126,1012.532505460973,6.478158039701075,0.9302583156512996
2020-01-26,21.040904921861685,28.332611548331805,1005.0025711188947,5.9735129671124385,0.0
2020-01-27,25.298562617427354,43.11170796796036,998.1271020679258,1.4978090597971638,0.4041485755734452
2020-01-28,21.702100183995128,49.78127137313345,992.055624732851,2.762364480691432,3.1983170025918572
2020-01-29,18.82236921658732,47.830415792741775,1011.6881984573516,8.48366681946249,0.4419220067053875
2020-01-30,21.22604368449047,37.80094552115992,1008.6899889416707,2.3669104594503185,2.8822504519795102
2020-01-31,23.166148308212996,30.260436087105326,1006.2406233519617,5.512396711801407,2.559385291631208
2020-02-01,26.538878463374406,41.58967272463382,1026.2254846283165,4.430665101296057,1.2621535383792102
2020-02-02,24.879361627920993,56.536876902536946,1004.4056181320469,6.519090413186189,3.618044982266972
2020-02-03,20.734923861273167,62.194512463500246,1027.168340821388,2.4316770420307092,3.117841265341908
2020-02-04,30.956096094403442,56.399085794182824,1029.2384374426927,5.270250432620321,2.1298808322434564
2020-02-05,24.506330034740955,39.58773963114399,993.4909953321062,5.506167732037632,5.761834092118086
2020-02-06,27.747072518408494,34.58940050449212,1013.9238145899897,5.690542418687659,0.0
2020-02-07,23.672009750995205,53.13034127430135,1009.0030350916401,5.237221573887839,0.6478628458769051
2020-02-08,25.93077896072936,53.385610635614576,983.8819605528273,6.033827961782331,1.0164707117463812
2020-02-09,27.049890026907875,50.476751038551036,998.5535874693159,11.575310996152432,1.9547550467466144
2020-02-10,28.384027550787486,25.66735348222862,1020.7493610710848,12.683893330313317,0.0
2020-02-11,28.09662418976885,37.28284205628091,1033.1919925271127,3.0823515776398347,3.5179929586342578
2020-02-12,27.733245282713114,45.836489455783656,1022.0267814269924,1.9547289410574962,0.6423899925071512
2020-02-13,24.36053131477268,52.69191628891793,1016.2363247251297,6.7864859021659205,4.062936703790088
2020-02-14,23.77663677990652,55.784755236071604,1012.7866761836891,5.558757379703799,1.151804822754697
2020-02-15,26.672671865199213,48.10619929022079,1029.826629146481,8.18312557755074,0.5619520792942813
2020-02-16,28.654044791461892,48.98081566965141,1034.4823920195763,5.854657699145951,0.020180710146300032
2020-02-17,25.36309324212996,48.16710796254606,1007.1315732047582,5.1758118185771576,0.41289679926911904
2020-02-18,29.40009721259149,52.15614513588908,993.0001343968971,8.38671978763167,1.5635346615056256
2020-02-19,30.732437363636976,47.76243783309062,992.018125367288,8.806341765241527,5.618863714647333
2020-02-20,23.792259646038808,48.761246777453465,1026.218809921598,0.8403198236570049,0.8611237448443377
2020-02-21,24.19367565467279,45.2194741812898,1012.5294145922561,2.5501814385812493,1.5638275273490527
2020-02-22,26.44305967463565,47.59138441310699,1014.8324191045872,4.683221122133965,0.8753576979783922
2020-02-23,27.943254327187738,50.874286624798884,995.0934900704328,5.295312871773751,0.18327263138562275
2020-02-24,25.599384843809265,49.87506146707598,1005.4681108721153,4.322050389943254,1.3879811655713166
2020-02-25,31.37875633613765,48.11888601538371,1010.0451918609922,6.302621533585658,0.0
2020-02-26,28.73975998004247,59.05733862349062,1015.0783838336407,7.9883143679513005,5.208897004575542
2020-02-27,27.727617229239392,48.78783061284617,1009.0140796108624,10.168129132162184,2.675816255440291
2020-02-28,23.43952780130733,41.79025089461476,1002.6267380169866,6.7367390713186985,0.13075132259119804
2020-02-29,23.934011924854524,56.86906189751443,1005.1543300739747,2.4429989646406707,2.731423866080858
2020-03-01,28.854873071789374,31.91058008741614,1025.0832328594722,4.557871324406545,0.0
2020-03-02,21.740588698699135,38.315571843257565,1015.447846196035,4.773943276221329,1.2566089867381622
2020-03-03,31.298924878082666,47.70901020815936,1019.1215680695556,6.543920719943477,3.2310907696969298
2020-03-04,27.905258663776266,51.211337345977654,1004.0112618912267,6.164504100301826,3.5702213503137377
2020-03-05,38.22374195356785,28.437616788176122,983.4617651459938,11.15118995333453,0.0
2020-03-06,35.52895594388787,38.40734721818857,1007.768956931155,3.615460594235275,0.0
2020-03-07,28.167572615037454,39.85537537028468,1004.3342944557451,6.15425160130041,0.4593080821480966
2020-03-08,28.495558308155573,40.88545761710624,1016.4901226862808,12.064134193232276,5.958395088886528
2020-03-09,31.89986979569404,53.486042864882435,1045.8572371368184,3.2443793092891964,5.4131789376676345
2020-03-10,34.11707626209799,50.00651650442354,1019.9516601761826,5.435446088511066,0.8920964301471928
2020-03-11,24.183753696820382,47.716901353052734,1040.359601593835,2.1653584966279538,2.798396257045646
2020-03-12,23.82481941534308,42.62797102117918,1018.6876969533945,5.246260698882295,4.3474728383487244
2020-03-13,27.39974332776416,32.80363163391652,1006.7011376242729,2.6593485555870755,0.0
2020-03-14,31.091735148400176,58.6559818136194,1016.4791607812089,8.140402710474039,4.41299312388182
2020-03-15,30.907567529607306,50.46735523804553,1030.806385994777,5.441956577094186,0.6703999017957939
2020-03-16,32.695413429774376,36.585602244381406,1031.2956259632124,2.1938082200531195,0.0
2020-03-17,25.951866242676683,54.22006185491057,1007.2466263195693,7.521703093375015,0.8653471861913444
2020-03-18,22.663075238679678,47.9662261749139,1015.531836956993,5.538998116614762,1.211438582062855
2020-03-19,32.24176770849129,41.00802109713092,998.7073312032885,7.858456331670364,2.8077854198782384
2020-03-20,27.235008235178434,50.7346111653068,1021.2466862469144,1.5570121161567538,1.5752346368632177
2020-03-21,23.711643658115467,40.72919567181502,1028.533546990559,6.106473236745984,0.0
2020-03-22,30.24543287378794,41.43971836800493,1013.3979945411602,7.3200250839341265,0.0
2020-03-23,32.228514490966326,45.1003533965123,1006.3261594563987,3.7298675292927905,1.1650474209627422
2020-03-24,29.517161744905152,40.24690719869529,1016.6013095127756,1.2229918190955464,0.7749281038620686
2020-03-25,28.53972344486181,52.42099038024433,1017.1745903136317,4.8751775138888185,1.962420386875858
2020-03-26,29.460698245769965,63.96031591389763,1013.8114383184962,8.684345881342786,1.556291248090096
2020-03-27,28.848126309419985,38.03295551921858,1014.7871512433595,8.37779099190217,1.6056721473716913
2020-03-28,25.932389981512962,30.382552046203077,1011.2618514953062,3.71471469573327,2.8414799276201466
2020-03-29,27.844708137623957,26.060244256425406,1022.9595492822641,1.150743690870672,0.0
2020-03-30,31.560367244739805,42.715134962680274,1020.3622744516513,3.7064608389512825,1.8091000437267537
2020-03-31,30.964896720172348,37.885905738652,1003.1689685285585,3.594567047804263,3.6957668516965567
2020-04-01,30.50292929772153,46.827140361810045,1002.894093968414,6.339340349914332,1.7406407287753607
2020-04-02,27.00774876475022,47.8221023378859,1010.4562558297343,4.684995491287635,2.025925337387984
2020-04-03,29.4386862473685,29.248488410174783,1020.3683712410518,2.7402073647885743,0.48083695912531477
2020-04-04,23.437562273652322,30.132380568359782,1014.4805741389082,8.312789201782003,0.0
2020-04-05,30.485313517968724,47.716675644476595,1006.5684958987734,5.421277602334502,1.5194613098497927
2020-04-06,34.21315278995117,44.24771195222399,1015.6151859672583,6.306246958192823,3.1173095562173625
2020-04-07,25.476456342884898,43.003591844892036,1009.6918948047772,0.17495630239380144,0.0027753854535169653
2020-04-08,28.108927939948554,29.374100178702676,1021.8048646022413,2.2727946120918574,2.4867760143235356
2020-04-09,30.817484189615495,49.305170532842155,1016.3305843506705,0.6873626556667753,1.867696378697749
2020-04-10,33.54775015273991,55.94512037786948,1009.8472181254785,3.558369723179673,1.694944225409192
2020-04-11,28.399224430799286,48.58021218678958,1015.3151877204646,6.729068052841426,1.8100122548562119
2020-04-12,27.617454386884663,37.716533900907024,1026.150480595242,2.0267406112218946,0.0
2020-04-13,23.733388832237274,48.57882723959288,1007.3036992345362,9.77855619311596,3.4986401887521144
2020-04-14,29.892087337360238,31.39281552198303,1017.0265698164716,5.511698080310379,0.0
2020-04-15,35.645294865792195,52.75695970549182,1012.2953965953401,9.080884978849731,4.905281777663148
2020-04-16,30.28413361435626,45.67637653811725,1017.269836838621,2.342089752577614,0.9935542394551018
2020-04-17,29.313930317258308,27.661465723838525,1006.4543505840427,6.511579802517472,0.0
2020-04-18,30.271461881757638,41.85752545468436,1014.1033543315938,5.255587789912362,11.374449704014694
2020-04-19,29.192147688336767,50.03694125817392,1024.078232824168,7.453058939163663,0.3216054989799805
2020-04-20,26.702374034075923,43.318336773206816,1003.6299301875389,4.298625897200849,2.0009775253490645
2020-04-21,31.52305994146459,41.47951281486596,999.7059489667491,6.419645627022765,0.0
2020-04-22,29.638143534904955,32.936906162074806,1000.0854443551303,8.3065859563136,1.9447330801493141
2020-04-23,28.91720058869737,51.206809576467876,1001.2933746979982,3.046471118324674,1.935607481231376
2020-04-24,25.837656309056158,40.59647984528055,1018.9532328789267,5.726732697468949,4.626043523326629
2020-04-25,32.569593247217526,22.15074960634091,998.9414031413453,0.6635867116670449,1.2342582913969968
2020-04-26,30.5444452708696,41.015203657861264,1010.0210465525647,7.107509057190073,0.0
2020-04-27,26.778826848921728,56.422083731242665,1019.1828930331071,10.863987630387468,0.9375908113138884
2020-04-28,31.32633440048821,40.46753833375642,1017.1665906054859,1.2666918567539138,0.8851985261293688
2020-04-29,26.707470544447414,64.02611457901149,1009.1444102003752,4.725856218716171,2.863539773997058
2020-04-30,25.729584303106716,51.424887333931814,1014.9092373175511,7.64144390274234,0.511693358347384
2020-05-01,25.66802256830781,50.553570338649756,1014.0714532973757,5.094252420399651,0.33240867227037857
2020-05-02,22.501626886983132,47.465203897332344,1010.7575904445181,5.495298654479678,1.406704183655521
2020-05-03,29.093363001550568,44.770456421581805,1010.8916528134542,3.8270016754290843,0.0
2020-05-04,22.045447556264506,46.343039870672705,1035.3542743475696,3.715543240736256,3.7730535977713915
2020-05-05,23.709981487061356,45.12231533564406,1021.093109039313,4.739917539243867,2.803221170925147
2020-05-06,21.021306744453142,54.79801824844492,1037.8065091751214,5.125014266418067,3.5574808884153315
2020-05-07,26.838990116441494,37.2221926438736,1008.030368670795,1.4556762152680705,0.0
2020-05-08,26.49178157592362,35.99517092479559,1012.1503340311185,4.801934042161914,0.0
2020-05-09,25.804659186621627,35.86571989793541,999.6787423472335,9.70560181612798,0.18287249290312335
2020-05-10,23.49552753649388,68.7087817085246,1004.9043319791043,3.742598619233286,12.250051246319531
2020-05-11,22.941627931548222,53.832615050931686,1032.019131486625,1.288235051376117,1.2213235285851232
2020-05-12,27.68311200361985,49.20336601499152,1007.7796571015824,4.5457517960407205,0.7646686411024204
2020-05-13,24.466674367603474,37.191516113263944,1032.1928130014446,2.85616156362711,0.0
2020-05-14,26.892438275905747,52.787203868795416,1000.5663773932012,0.9849745240341816,2.5224973895307317
2020-05-15,23.109407646766762,47.27958271208334,1002.4653096592672,5.417505385197862,1.8087017632559437
2020-05-16,26.12694237992092,49.07821822135704,1009.5876877897658,2.8691538885467662,0.12148371762729442
2020-05-17,29.30905251525286,35.57927058373801,1012.3625007832082,3.1258574994401753,0.0
2020-05-18,26.97009854333359,48.11763930250897,1022.2308729245013,5.460282141156167,2.011439461699694
2020-05-19,23.78371650855356,43.869806363658384,1017.5077041718627,0.40047621391299604,0.7475062649347561
2020-05-20,25.59894226920406,39.544417295096096,1008.8368474265598,0.22470895075337438,1.1983893331070108
2020-05-21,23.908825174957816,55.38665077059358,1011.666841934819,7.012616583505794,3.9272453840208326
2020-05-22,24.4550827730217,32.39538052818912,1009.809370802153,0.792500802172249,0.5550873991198271
2020-05-23,23.252435843004402,54.0215447216393,1003.8534626467427,2.069966914077936,2.316974991754074
2020-05-24,23.531355330717666,55.079183670171126,1004.1203706339838,0.3995186061653122,4.350610624504608
2020-05-25,24.45305884360962,38.977033822682785,1023.2788389143341,3.541590599453503,3.5146797033934156
2020-05-26,20.626507919819016,41.483461428765814,994.7183507207286,6.284176242953497,0.13329108929998768
2020-05-27,20.346202455182713,47.596641959744616,1029.1735869744505,5.33701384619713,0.14016977860656987
2020-05-28,19.01297891661613,53.31387264631414,1009.5700577439777,12.175620168371852,3.737351014557681
2020-05-29,18.16013740891787,49.39138137739881,1005.2749139360784,8.260746853367003,0.4201069837909072
2020-05-30,19.089087788576357,54.79108070763061,1020.3975929069727,2.2065264495301964,5.767869772624716
2020-05-31,22.997014722099024,66.13128916432447,1027.852165841471,1.4088349855207682,1.6594163296669506
2020-06-01,19.615728060154694,45.114968278425515,1024.1763244160395,13.120063822926504,4.594988874045492
2020-06-02,23.608236007801246,31.04408228906517,1018.0185204935989,8.187716017200088,0.0
2020-06-03,21.942741648884567,57.28786500586425,1023.8686348972184,6.768108821808715,3.709805269132824
2020-06-04,15.702269124943264,68.98201119680367,995.8350242285613,5.224555436646853,2.9148339588021495
2020-06-05,23.33993185220838,52.25771770440706,1007.7816945851185,5.8205647024250515,9.812700917925296
2020-06-06,23.57273531900945,37.336145586958594,1003.8882993997515,0.5537801735527212,0.0
2020-06-07,17.92226612534244,49.799943304976765,1025.2463873121517,5.471117510590304,0.5939787349630596
2020-06-08,21.926194106744447,37.851668104511454,1009.1652198107612,5.2136941923770435,0.0
2020-06-09,17.85621124871892,57.50044931527002,1021.4540655678205,2.2875834706955596,6.392707705465987
2020-06-10,20.477195820306008,36.24849806286265,1018.3585694248864,3.3844206392945644,0.0
2020-06-11,16.14763201250306,48.92489612546647,1004.3769306383632,9.545529180330668,2.139441794891921
2020-06-12,14.317286256433672,42.7979786088441,1007.1304179002371,4.624475239115413,1.6057201722289163
2020-06-13,18.302240720263455,52.11712649121789,1025.9381769081472,11.213513907599332,4.362645033370571
2020-06-14,18.832273289163727,46.92044658404056,1005.2451735131559,0.22203830946215053,1.8788479377013032
2020-06-15,17.761943310076294,52.886649377464494,1014.2486761019547,3.4336094413227567,1.939834400146904
2020-06-16,15.153241032546354,52.646885033390475,1005.1745871367356,0.358164346259243,2.742635141178407
2020-06-17,17.254887867065772,41.50596578922601,1009.8604781308414,1.371732638324497,1.9309668115497334
2020-06-18,19.010697989339143,56.76342164062064,1012.5383805603003,2.5153828830221086,1.0877549616117372
2020-06-19,17.815414256536034,50.60463635330083,1005.1713348970251,5.945928880311773,0.2927831807494739
2020-06-20,18.244001877681075,40.99270898250046,1003.3955304601612,5.800478513241162,0.0
2020-06-21,15.431759592715059,74.6933857657004,1015.8627333677745,2.9621290411171834,3.4063193086546955
2020-06-22,20.702141697946605,54.413230818197945,1004.5526259120883,1.683398672009746,1.819634355929704
2020-06-23,13.402702652124379,51.766043139944756,1004.8934244430133,9.43307861909646,2.0890071511106263
2020-06-24,18.137565998085584,65.08326226797544,1003.6094685629803,4.142705851890931,7.850142018824073
2020-06-25,19.96372452613787,68.43629383079714,1012.2209195366868,1.6511294890965824,2.6469376020949333
2020-06-26,17.60352146674863,49.74474504348683,1022.4370163439984,5.8247923432102615,2.8360042785466724
2020-06-27,15.295626479292405,55.82616162470141,1028.0652863631226,5.613335511569522,2.0984467955222845
2020-06-28,14.060442355079022,43.089750642431085,1005.7408191400622,4.0319706050001045,0.0
2020-06-29,18.495539556545765,49.280302714047004,1034.503107933312,5.445593046924515,1.8386414353116338
2020-06-30,10.860180177545312,52.579284373628646,1002.952951392932,1.534910478775945,7.091129948451451
2020-07-01,11.960522265530749,55.86800920345116,1023.8354852332787,7.279738529529451,0.8522832998964031
2020-07-02,13.42005010011785,56.61757973631118,1005.7830354598456,2.009398715729389,2.0773854531197014
2020-07-03,18.06762777746804,56.56447059954658,1004.2907673012999,3.1832910340897045,0.7624225269706848
2020-07-04,15.236103747635795,54.75837468918169,1005.5524384321561,6.946405448454726,1.2507429834152313
2020-07-05,10.935065535967315,42.4250409657247,1012.4755230035088,8.6118768950307,1.180846654471341
2020-07-06,12.651025636587299,44.289816124295506,1018.7997217103361,9.757323704139015,3.10740007069865
2020-07-07,11.4821454608857,48.794851074920416,1019.6986803790483,8.167394715399716,2.500585981759356
2020-07-08,10.939410361510685,51.70788890001237,1003.5601498465211,4.027783448594654,1.4137699156003762
2020-07-09,15.74968072187222,62.63290254378502,1003.1034071248873,0.37690079269861165,6.061983561754209
2020-07-10,8.442665418131735,44.149277422405,1003.8336130663645,9.215166756808681,0.13604889450140745
2020-07-11,17.12984378131969,47.86092762763315,1011.8864559761449,9.112087966714927,2.5908053771923982
2020-07-12,14.534595723650225,62.26279712031538,1010.8984439580912,2.984071539939513,2.5112221480376253
2020-07-13,15.069771280214155,49.4663396149268,1003.498245379302,7.76356711347368,4.524703681876296
2020-07-14,10.156596410465045,59.52585829319572,1015.6960369406324,4.003466618207784,4.145953234381611
2020-07-15,10.844845135548642,53.182157002946646,1035.6256880833532,9.503830650535185,4.952997242682576
2020-07-16,6.745562165505756,59.19505149049435,1007.9528453816484,3.4554060127886537,1.4017328804945441
2020-07-17,9.222552650811352,53.10399823649892,1008.6648817879646,10.93595386264551,2.5165468667183153
2020-07-18,12.030272253827102,60.65551860036999,1018.5966157032437,7.358361642794737,3.7479140088618372
2020-07-19,14.191583571306788,37.45364414028225,1007.411837082632,10.39263453405796,1.4581697418985398
2020-07-20,6.737402316224692,52.998178758002204,1019.6896448171818,3.608608191050362,1.7021783967160191
2020-07-21,8.719297498983204,58.60607801745148,1005.8145729322096,6.215088813332579,0.8832363781284317
2020-07-22,9.12039637835592,60.77675429088397,1031.321196075773,2.092162404966904,1.6837563413021475
2020-07-23,5.147012915363076,72.35601976985674,1016.4477497259229,7.53196775635759,3.016659034567713
2020-07-24,10.870193575428205,50.65465654363013,1006.7997705092329,7.697124598511373,3.887046554154788
2020-07-25,6.687689622537857,71.4509728073398,1007.1130830053073,12.19107175460356,5.821363686883764
2020-07-26,8.03882384692562,49.39034980994048,1007.8620024729197,6.446119391658947,0.16018337881906167
2020-07-27,7.036370119006939,69.76827905594297,1026.7274966624886,7.17228260751828,7.961738473951721
2020-07-28,5.793384080214093,65.27797922687668,1000.3124899239872,3.587508870488655,1.9307026696213865
2020-07-29,7.911472428450376,46.90967798945258,1006.320583295405,6.624138117905716,0.7610659504155781
2020-07-30,7.0590806576655805,59.54085204368543,1007.3833944307457,3.860326373937249,1.4386282804140405
2020-07-31,6.36579915147737,56.3047420689394,1012.8431203324307,5.3475822765259995,4.567455122856597
2020-08-01,5.0736792697211825,63.719006301889415,1010.2889030735321,5.5235469846373855,4.139711319251219
2020-08-02,7.997623289919869,53.76847247070697,998.0877216860954,3.943085379952489,1.2493005270322288
2020-08-03,11.782245227367094,51.03641512969914,1009.0017731640453,5.18883528962598,2.3942860926890646
2020-08-04,7.025822762364738,70.17803444644615,1012.0044931681504,3.8741144908597382,2.4253847208037413
2020-08-05,9.381770626168521,54.321905742359014,1006.7190216492022,3.8608066248984825,1.3956859124621477
2020-08-06,2.0125554401525116,67.2579455218414,1019.8677548904767,8.229993954506813,2.672557490323448
2020-08-07,6.448923369507469,54.52202346480427,1022.1940842875365,5.526240925479234,0.9956536102681637
2020-08-08,2.4786260436368845,75.42731957045679,1012.2161330027061,6.041198816600831,6.7227187851507235
2020-08-09,1.1377829984667782,52.64776220741168,1015.3054158685073,0.628085693043392,2.5364436136608473
2020-08-10,3.151065079074437,52.28303214799093,991.3894400265073,6.27037499549117,0.8851427740804947
2020-08-11,8.748352645104443,70.87099548860681,1008.7889722783817,6.591270391925714,2.6415619905521845
2020-08-12,7.829089522805938,51.6359913296445,1023.0482169175791,3.804984131933742,0.19983231271575919
2020-08-13,5.51741302400796,73.25203654963994,1008.7656341682073,11.255089028782074,3.176280895749339
2020-08-14,0.0026799170255511484,68.91706583743536,1005.6273832360804,1.8676817925521956,3.3880595088883383
2020-08-15,3.827403894228529,56.5398009872774,1035.7768892603094,7.353101407311639,1.3046398242144501
2020-08-16,5.139946321565785,39.29709211904552,1031.190771901958,7.138414414864586,1.3407123326594614
2020-08-17,4.5832453774384785,57.515194268562404,1017.6757491248216,6.624748795998236,1.8127243282845502
2020-08-18,-1.6497109131711731,61.841155991919834,1024.3891061148004,5.528638116915869,1.9446398858843967
2020-08-19,1.0390440429602603,71.1526553115636,990.7406458204192,6.6520379678751125,7.710919706931754
2020-08-20,3.3494375156957075,74.20975300455326,1005.124485593713,7.604526438667682,3.030769786884317
2020-08-21,4.985612108045962,50.65732215453954,1008.3004212682685,2.822337248504018,1.0815839467055899
2020-08-22,-3.373131289480556,69.69838328462211,1010.6401990113305,5.897586866540269,2.9333132561545723
2020-08-23,2.5708851168211937,66.3685790017229,1008.1005597902604,4.450049473930088,2.188887621638072
2020-08-24,3.331947114822687,69.0681534666931,987.4997370848365,1.7186947993234742,2.3972786097247636
2020-08-25,5.3007651938599025,62.33651652442549,1016.8602461870856,7.1515099238398685,1.9538131805256445
2020-08-26,4.683259771853669,38.23339320445547,1018.436541282806,3.3069187259479,2.817016213240362
2020-08-27,4.208831765146868,56.34135979214897,1029.0189879158997,0.5064239756615985,3.548281234991165
2020-08-28,-0.07855738040175408,48.48220294103172,1005.1169073522503,3.3826680178950532,2.1333456004815954
2020-08-29,-3.538838957617326,59.74336174962792,1004.298368422201,2.6033033057206083,2.1960074757892496
2020-08-30,0.8737098080671246,69.36318745730539,986.2001551403553,8.08543702757033,3.3538720581890225
2020-08-31,4.929300694985855,60.5868580112568,1010.0643316340911,5.459579421674233,1.6802838329298515
2020-09-01,5.98018052297026,68.4908184024892,1022.0111178106217,9.147148237069821,2.0035263646372585
2020-09-02,3.810787467450961,61.51214547340991,1006.8823213780728,3.0003313063008625,1.9552782345252355
2020-09-03,2.85043310738157,45.59152404962018,1034.4344481854364,7.6225096156894985,0.9278593465525609
2020-09-04,2.588581910287634,33.49723897912884,1010.4340516421048,13.518868744423738,0.0
2020-09-05,-0.3274256916955851,61.65180046264369,1014.4699228428856,6.06809740138142,1.3499223168499872
2020-09-06,0.8460647284482393,57.437702972264226,999.368969194184,7.584946586969458,1.3541735465692284
2020-09-07,6.142847744582593,47.15911873388988,1015.8722034517527,7.0805529926762185,0.6307355481891173
2020-09-08,-1.788532982945319,43.887993994958876,993.206802051473,0.7337740177225198,0.3882965065569658
2020-09-09,5.791116177698081,49.757009776423864,1019.9369795501315,6.7574518924023526,0.22656908718979685
2020-09-10,-0.10750161433248451,58.108835958518476,1020.2442817623541,5.919368961948707,1.3227888437116722
2020-09-11,4.750872627102661,64.28334192351257,1026.5929142433652,4.220757849805072,2.0350013730378183
2020-09-12,-3.525659977949296,63.649140804654444,1002.8003128123231,2.347890877385358,1.5049756350321484
2020-09-13,2.3769453486845005,74.89219979738505,1014.6056211829742,7.081949720981111,3.278566185208924
2020-09-14,-1.6623686363050956,50.4751437576986,1018.6381655938651,2.0827887811681363,0.19743905266925255
2020-09-15,-3.764868321133525,70.69302308114109,1017.4228163833031,11.400936814045691,4.500434085906745
2020-09-16,1.0738291777969198,59.93607284238882,1004.3470072486515,5.342507250464385,1.9692835833532458
2020-09-17,3.388257106302384,65.25256268803466,989.0801811044386,1.3300788566404895,2.316540461438879
2020-09-18,-2.2290296904628404,56.749366212575985,1016.4696029688448,3.4580111650149834,0.945481685465738
2020-09-19,-4.2409461610749375,72.83727681944336,1011.4750032169009,4.1655969851305485,2.7973963516044975
2020-09-20,-0.06475654246231971,62.984625854683586,1007.3332940703856,12.237129961771537,1.8282310024322763
2020-09-21,-0.09246983981664869,53.251785070730826,1020.6394536371547,2.346233159571511,8.752004362090624
2020-09-22,1.7782479227616763,58.99063574948728,1012.5508046184557,4.651348210245838,4.506922578185504
2020-09-23,2.9499309750822498,56.12947592308788,999.808049472322,3.3865148904049325,0.6437075106941985
2020-09-24,-0.10482521032794359,64.94419611154191,993.6854771090378,6.497775456744993,3.413007060826774
2020-09-25,5.616626418070238,45.393919297219796,1001.7103673486683,3.434349758884866,0.13057875633559923
2020-09-26,0.7039468206249919,59.35450956853056,1036.9301229476678,1.5828300015808692,1.1559222248606333
2020-09-27,-1.0224752517962017,64.46431015239142,1020.2277677393278,4.414116260611404,3.8920611902538242
2020-09-28,-4.827896287618843,62.74418121573975,1014.8861234197501,4.101818470003271,1.5566365844744279
2020-09-29,-0.7867284407695709,73.86277666427473,1011.183390728142,3.2232668671279594,3.5593194054529764
2020-09-30,-1.00902193227626,68.24473870684865,1010.5260706005256,3.3835689233086477,3.824716388808306
2020-10-01,2.8843868591460473,58.48299860301951,1024.671959833591,8.554087393643009,2.4653923831912996
2020-10-02,1.3987007036053094,61.467540623174074,1008.0940425809657,4.040779357197487,8.746742454249924
2020-10-03,-3.5146386822313156,64.71397485593566,1018.769204106843,1.5976170125647018,4.552551974108353
2020-10-04,0.5568885626107795,63.75455176036285,1009.5157204970841,3.6136521086004314,4.3516077611685855
2020-10-05,2.075808572979472,40.70551575686419,1032.4015663183507,5.163006978396178,0.0
2020-10-06,4.67082547475422,54.649324304929415,1020.422885075783,0.9911910903459376,0.48179429594956263
2020-10-07,2.779178760973192,43.76601993757914,1025.4555681468362,9.877933880019196,2.0282120199481817
2020-10-08,2.4335525366241386,71.5660332062828,1007.1559022531176,7.602738432518817,18.606279646670878
2020-10-09,0.3700163479356954,59.20649662600288,1023.5813611256742,9.290518230856339,1.9619945786206956
2020-10-10,1.3978287649889645,57.36767612070929,1009.8742257460531,6.176384376463048,9.206534080500376
2020-10-11,4.028917648044337,66.95351449631018,1014.1003482393285,1.281092350390301,2.0009735269724302
2020-10-12,-3.666057315023799,66.05627663201064,1029.3504767061945,9.60600114991554,2.3090375831812553
2020-10-13,-0.6598248092371768,49.04356726082652,1002.5722494324358,2.4092949208703223,0.27876829272983167
2020-10-14,-1.8686650740413278,60.225278911746976,1015.032477313054,2.6534397679937034,2.3119124093853802
2020-10-15,1.6513602913555467,55.82265012205838,1017.3800525851873,5.468975431866331,3.7711803840978524
2020-10-16,4.273719768867851,40.41781122950553,1018.2000438080081,9.134689540010449,0.0
2020-10-17,-1.1344452590418088,53.66446029714886,1008.4921550690653,8.1598614018572,5.100243967687264
2020-10-18,-6.436760846835618,61.382977203253155,1033.8626410080808,7.718843360528062,2.712468143358823
2020-10-19,-0.4206080464805524,59.06079470832185,1000.0506811465974,4.06451884137634,2.1586437580847235
2020-10-20,3.6425803269237904,43.356395599765015,1027.5888538863246,4.017177421723665,2.428902361275498
2020-10-21,2.6053312765057615,70.21399019222187,1025.1506560559164,6.0378310039402,2.235330396944752
2020-10-22,2.3714334897437803,57.79325266621372,1032.0088878960369,4.6097874761494015,3.7515765045011165
2020-10-23,0.34545077862703955,60.20280537729211,997.1177290129218,7.667953721988059,1.5769377769151474
2020-10-24,-2.549012031439365,65.28092239911805,1004.3116851211029,7.49035299348568,2.187358723921348
2020-10-25,2.9406757728338606,50.64889957454636,1027.9194305916164,6.7740239635181165,1.8947421508798468
2020-10-26,-0.9973084748875243,65.06221396877072,994.2296084536969,2.5778838453081363,6.150459180675288
2020-10-27,8.172570003248136,52.2429685381941,996.9354109895959,5.383965091031792,1.951726386153603
2020-10-28,3.4505089759130927,49.308890105571535,1008.1169221328851,4.6734383578018965,2.0245385315541253
2020-10-29,0.11967951517449671,65.67463517596674,1014.9199378862227,5.504076805278594,4.564997866039975
2020-10-30,0.15399893689015842,74.839739119573,1028.9222507364877,2.7370260843607794,3.084359953957068
2020-10-31,1.8397080060221906,66.32843973184723,1011.1473408506964,1.0256422688023243,5.144474587916114
2020-11-01,1.5342378610218357,68.46265672089339,1006.9176085193546,6.38941543992512,2.9286983944925655
2020-11-02,5.741225242072687,51.92308131334067,1016.1138993769642,3.9310960468038143,0.5786421086176808
2020-11-03,3.0916891137450206,42.47795815144293,1017.695964832944,6.724078981122798,0.10972500175265765
2020-11-04,0.48295648373819766,74.65989697912931,1017.4123982217027,2.9872568669456867,3.0310633265428284
2020-11-05,8.49823617035693,76.29603080886913,1011.2201379204865,9.24773192147803,3.148994111736066
2020-11-06,3.1275086719405123,73.86431340172656,993.4491388608185,8.00319452771229,3.050572174305362
2020-11-07,5.442334176555029,53.92097352192499,1003.8238401089367,5.890481325637641,0.7912707990175383
2020-11-08,1.470882711604081,47.71821525690952,1027.2027108526747,4.3601347598421585,1.9752663082413107
2020-11-09,4.548124479974499,47.06911078181708,1014.870689379766,7.557226633394591,1.4418729617626056
2020-11-10,4.558742846251147,40.88330290073394,1009.7747788089295,6.177643445712218,1.1790908297227451
2020-11-11,-1.8735291917367851,59.86297841176793,1024.1816854837398,5.715752563791814,1.828647740670101
2020-11-12,10.014569986922133,71.04949458736348,1001.6988336763105,8.128596228678827,5.041984502887754
2020-11-13,8.017272808328956,54.57473727711309,1010.7465186628699,9.27960846321992,0.7350986184861404
2020-11-14,3.133564717335412,61.45644664481504,1014.3775840517404,1.2427664465433663,2.8388788263081404
2020-11-15,1.2013158728577276,73.15531170661322,1008.5862249670537,1.8488476779505811,2.9599483880515574
2020-11-16,5.736893333055644,53.09060021514818,1014.007628229016,2.659217823563606,1.8089603278579258
2020-11-17,5.143438815749005,77.78359515932144,1011.1230606857823,0.492726207069345,3.560410763744257
2020-11-18,6.1424875720555026,76.84970028894679,999.0065695221413,4.811754423292546,5.811145427195756
2020-11-19,5.845288773057542,55.7662422266664,1014.8147788187906,6.800349365733519,5.014433114830193
2020-11-20,6.987238454565116,50.73103813252531,999.7164820848714,4.93574511514299,2.787205891665479
2020-11-21,10.0112158715624,61.96677252812193,1014.6561512509672,3.397635075161313,1.5828366003958052
2020-11-22,7.577156563659042,52.7361722929819,1026.741358241501,8.379373271387475,0.9164173343940112
2020-11-23,2.930133198858716,46.96938122989728,1010.1897680272394,5.421669209620249,4.73241109466946
2020-11-24,10.375684456330337,67.62454430706464,1001.2851687002901,6.028948902098955,2.912187866328603
2020-11-25,11.421317346098085,66.45381519972176,1011.7301218679502,8.46270441469928,7.31194213044338
2020-11-26,16.16964050602195,53.47029578462463,1004.6802889192147,4.630274183446598,1.3436767433080288
2020-11-27,3.559440327206717,45.59163229911486,1018.9450900263147,11.180642217874041,5.622904594267628
2020-11-28,7.877411928967571,43.76603152334235,1011.5201125247714,3.656554988384702,4.576941550215944
2020-11-29,1.1236397326514753,60.51047301786579,1030.0976325166457,10.993844613538698,3.2117683813738447
2020-11-30,9.252814216737967,50.3748825465807,1024.6298959567735,2.0757944542627382,0.05522072993954673
2020-12-01,6.174391503762858,53.501874926702484,1011.469194955186,6.552454708641324,1.3729546580489536
2020-12-02,13.817083320932092,63.31108989013399,1020.1560906797309,3.0724034935812887,6.174637612886042
2020-12-03,5.952714963838096,64.35543569230653,1009.0676359083716,8.358698350943278,5.763108862251889
2020-12-04,3.440816997841738,72.06101830605526,1013.3395688516517,3.565302176424715,2.6211043948509154
2020-12-05,7.328304738707686,46.42961539687358,1009.3856580364969,5.872613571932257,0.6618896285230323
2020-12-06,3.0512168482589814,55.04247588900339,1020.6645595984971,3.0483740118752913,4.114057713798036
2020-12-07,11.468347269867818,61.855643319667216,1027.3298827670958,7.811675520999843,2.9104854510730287
2020-12-08,3.258882717870941,62.85134205119344,1020.9864820719114,3.0327462180825817,5.0436842986622725
2020-12-09,9.780230910903894,70.43368837042428,1022.2193660128536,10.050244534228005,5.54730111309096
2020-12-10,3.703721046519708,62.35350653578084,1022.2303343723573,2.012008679115829,5.996054921473271
2020-12-11,9.220061661004598,73.87106021055322,1018.5125592233471,0.9631162450155593,2.6364658737402946
2020-12-12,15.35631609756926,57.72201996844677,1001.6071384078973,7.854656234237259,1.0860129351244434
2020-12-13,11.754707181098237,64.74432088533749,1030.009715194165,3.225069079209435,1.6473112327413695
2020-12-14,8.330146822093619,52.599777121108616,1031.0441082669843,4.978288059651393,5.735002917940549
2020-12-15,11.076090106439926,54.60482706561993,1010.6612039668663,4.033276538492838,1.7498154421853327
2020-12-16,11.473959126044091,63.37246447537271,1009.2930208478382,1.0621751985419294,1.4702212235242076
2020-12-17,13.089068342467716,69.58524753469669,1019.1241165291538,4.769019007584986,2.7343544978302563
2020-12-18,7.822857412128233,63.380940787043414,1018.508128351835,8.794747684916906,2.204011229042919
2020-12-19,13.954301173893334,52.19113169370714,1010.9805393124698,8.009411009916697,3.5359475048369315
2020-12-20,4.317427942469507,71.61463632404866,1000.499743444124,5.695378287877775,4.821116967018273
2020-12-21,10.795714032944353,32.68235642072902,1016.0570119074978,8.33680487910532,0.6066509905368189
2020-12-22,11.475996890946389,40.039656539458065,1018.5143653817554,1.82144424591747,0.0
2020-12-23,15.096859804723424,59.267912334322176,1020.258211480388,4.023637013284981,5.758204672861417
2020-12-24,13.521367096319075,53.380400014371716,1016.492927723542,6.187414822190624,0.8235983171905701
2020-12-25,9.49383885736944,61.308217082556936,1010.2888485163809,4.608755519548665,3.114259191004148
2020-12-26,11.012984220514145,55.13758311406235,1022.9400203950628,4.259530008570328,0.6413831727740419
2020-12-27,14.82174502029341,58.298584435892025,1013.6584849756592,1.3980688030367143,0.9999420071427523
2020-12-28,14.246473800065143,44.732734890035516,1008.3507698563528,1.2440241659281348,0.0
2020-12-29,13.00442732875523,59.20264719641929,1011.1934661795428,7.453599274848909,2.5893528019221015
2020-12-30,13.557498631464071,63.16539596634381,995.5403096752502,5.729664719756678,3.3016938138606617
2020-12-31,17.346704333815374,63.532153872404635,1011.1775817582146,7.705995134630279,1.4567754828707187
2021-01-01,13.705122623729876,73.28298163462206,1019.8843651987467,3.688292173524877,3.0146451205449454
2021-01-02,15.252050442253966,54.814959213896884,1016.3978302213923,2.861666345517218,4.295222706618545
2021-01-03,22.284104772590435,51.59705848217657,1028.206641729812,5.019643899909903,0.3733364767750774
2021-01-04,11.760988491383028,38.88778111257001,1010.3702508598429,7.562598945838449,0.0
2021-01-05,10.733943786337722,49.31891409544689,1017.8731316305332,4.305643355037037,1.0365454703649766
2021-01-06,18.897294456107343,48.6205320318802,1020.9274017630577,7.405355552985458,3.555846361791424
2021-01-07,14.767191489607981,63.119599777959564,1036.428570082874,1.9810759832207392,1.9002969171616064
2021-01-08,16.104468998471113,45.837754259868156,1014.4476549111764,4.515658600490398,11.295556664086101
2021-01-09,14.971163175570876,60.47781860970289,1002.5581282113598,4.789657567765907,1.925603773837401
2021-01-10,16.789996740419628,51.58878446015639,1021.4792875335528,8.67916983176576,1.135861110174453
2021-01-11,22.619014983937685,46.91881135688354,1031.6572735596847,5.622882194047725,0.0
2021-01-12,20.482952873883647,52.24746325439074,1009.7745128977338,10.238232554882586,2.504852154795135
2021-01-13,20.915493230723413,45.630689662109866,1021.4108153860642,0.9569456001575523,0.12108241167923828
2021-01-14,14.331410322711315,48.54392235771768,1025.2872805522893,5.389756713233839,1.8367850238641321
2021-01-15,15.376838217084197,35.26372183355676,1023.1706554397015,5.538194117541337,0.0
2021-01-16,10.562136384555302,52.23938973444345,1014.2555852247358,6.860279592760602,1.205567582574824
2021-01-17,16.89909402996087,46.75077152353229,1006.0152624178685,2.5599201906533264,3.560317573400776
2021-01-18,22.443927929001312,43.618226142008545,1012.1872045198642,10.053339018232508,2.047571502570289
2021-01-19,21.369884472630577,53.483788389585115,1017.5860045387763,5.038891824415278,0.6842480923694967
2021-01-20,19.39830370505533,56.887167675377434,1022.0822252409173,1.7387974611952455,2.5602152579143462
2021-01-21,20.238240981491415,52.202824555677566,1016.3394504799904,4.9519250287591445,2.2014526381436132
2021-01-22,18.479211515633878,60.714546146677804,1009.2009203345942,4.06051543135966,1.2613257563299323
2021-01-23,21.39922774085946,55.056005387873924,1018.5537965614977,13.349705426741988,1.7595916648715315
2021-01-24,23.319954676531438,45.38946076367786,1021.6008506774282,8.14983079857504,0.14296355304232466
2021-01-25,16.410243676953332,47.16631530437954,1016.7961005641448,5.148984067124652,0.9755876402752961
2021-01-26,22.39057695176851,51.93293389178421,1004.6381288546168,4.664249944402386,3.1950971990673174
2021-01-27,24.52074473897016,53.47729872953393,1011.1859396528281,7.853170587444395,0.6922970290963169
2021-01-28,20.707953196652657,63.624466471988654,1022.4782077641247,7.996586480984643,1.625637082129714
2021-01-29,24.283109438098577,59.77017573035167,999.1698219125552,3.7346497579619466,1.6045673226919699
2021-01-30,30.850596585817318,39.159971642019656,992.0682197760884,6.928979464200001,5.0006158555967
2021-01-31,22.31703577882089,47.82141930931694,1028.0808285014402,5.08389963193588,2.537399650931688
2021-02-01,24.031155260499226,54.69460041892809,1018.1141525502188,1.0665685346390714,0.5087552806555387
2021-02-02,20.855906322090316,60.25202461954456,1019.0673000252011,7.640642418872531,2.0502059923120406
2021-02-03,23.830283185320447,57.4745530943877,1002.2318302637294,11.738564040674795,1.3426453411030128
2021-02-04,24.881341219313676,46.9205510620297,1020.3752806346654,6.670387840483342,1.7250761203349558
2021-02-05,24.296531122617427,35.31150791440612,1015.7524868756836,8.301285326770593,0.0
2021-02-06,20.86181434528488,39.57972906490164,997.156724221516,10.41235727589321,5.6343349669614575
2021-02-07,24.746238365703245,50.35321596034252,1027.2428341427385,2.509213547839845,0.5296266719414798
2021-02-08,28.717289042765923,49.06361127286049,1014.5868332361873,0.572714335500752,1.6791280982648145
2021-02-09,25.877391806896245,36.07451036220803,1009.0391603392073,6.970598189928506,1.016797235106285
2021-02-10,27.615404982740245,46.637993617522596,1009.2201025401479,4.257165390675647,3.1561997059429467
2021-02-11,24.213483363596293,54.20550188791968,992.8477809456763,0.8774796428853708,1.4655742460140897
2021-02-12,27.366355000765314,34.8045559245459,1018.9333659963137,4.765490191592621,0.8030608389726586
2021-02-13,26.143595023004583,57.978174506541855,1015.6185720724573,7.1826421213718605,1.5203353808077642
2021-02-14,22.639142716713007,44.90511715604524,1011.0591986766691,4.5530850057069205,0.6340568044161948
2021-02-15,26.630412348623246,59.26092495145488,1025.7848520745167,2.639517107794888,5.445663524615057
2021-02-16,22.879570584117754,43.22569025018212,999.1614098100415,4.329478819110469,5.310341355578344
2021-02-17,24.132614519805404,37.66743791125551,1007.0322752363238,4.941570604095963,1.3042454108835442
2021-02-18,26.772566237325453,42.03234698292008,1004.4999174523962,0.7884467878782466,0.14116908184111376
2021-02-19,27.26631994731881,45.41535879556739,1010.2120502022844,4.57167514048792,2.97177494966884
2021-02-20,22.97352500802768,44.62843842827135,1013.6747002525723,0.9669785835653251,0.0
2021-02-21,29.86639507961026,42.90678824446374,1017.3001352381135,6.977077856063288,0.0
2021-02-22,28.58020368625308,49.04954965363537,1009.5302654689489,0.3168722732396656,2.070671459262771
2021-02-23,24.906231015787498,45.83509079414226,1004.2264426484511,8.038076613652809,0.27200990689666305
2021-02-24,22.56033149576289,48.058710312598485,1029.8600694977044,3.7725047923581756,5.853567463795851
2021-02-25,26.88743456229192,29.464018726828083,1037.1164019178857,3.3710728796839637,0.0
2021-02-26,26.129728253903636,50.85211603315291,1014.4328667188203,5.883363791905916,1.2072219800881312
2021-02-27,27.948697455676243,45.1336182952452,1005.4321963297913,2.401896664329824,1.7802632095000805
2021-02-28,26.657906389446214,62.773976610105606,1027.7545413104228,5.836237262390192,4.195717639177243
2021-03-01,21.859088791902014,39.674803931509416,998.5324289367154,2.803673675934888,0.2583240855831719
2021-03-02,26.84680450604048,28.493644461984612,1009.6522667529517,3.329796463025692,0.0
2021-03-03,27.221518243958705,52.569925817321064,1006.038829486537,6.216062507987406,3.225324274253655
2021-03-04,30.16199572347263,48.38427232139369,1001.4046444954951,1.5842577987968518,0.6107856221039136
2021-03-05,26.285121173060077,36.7731092081585,1010.1997576707823,1.206988094712929,0.0
2021-03-06,33.53048706490135,27.93726691750841,1004.3582792082603,5.744676522231026,0.0
2021-03-07,22.870285540084268,63.938824536800766,1013.1265446414866,4.9193004425318465,1.5835011315509557
2021-03-08,32.645422316187876,57.81839274797388,1013.2717716767246,5.506078234428176,7.887229697640917
2021-03-09,28.141612403115204,21.054626211381105,1006.7866827647802,5.982917710164262,0.0
2021-03-10,31.49187987071862,39.67182977207568,1009.2948664340613,5.172126661420944,7.489708711045959
2021-03-11,29.246962884520077,62.018439105578956,1010.691510320963,6.824277871901207,2.0295243442489346
2021-03-12,32.51650747720484,38.98112068361891,1021.0984606111942,5.292308860935975,5.993230300161564
2021-03-13,28.021859917748706,41.082947700859116,1011.5157059893581,1.0219116990259085,0.0
2021-03-14,25.969986468893868,44.187413489259384,1021.247017407861,0.24365378398556636,0.0
2021-03-15,33.60503526069177,31.98851263197252,1018.8581298355466,10.78384754072625,0.0
2021-03-16,29.07650482043809,28.413990147500513,1018.7153069690074,5.000215601176589,0.0
2021-03-17,30.150774485695457,55.45008586449976,1026.8784597034598,7.850724955151291,0.7183133547283688
2021-03-18,33.25521456990699,24.943023652569746,1001.8060912025409,3.9628882831187724,0.0
2021-03-19,26.515641101303004,49.21489397043606,1008.2681689369289,4.825954716818209,0.7149972294806916
2021-03-20,31.454197815502624,53.13869601982518,1030.6329880029957,3.639906037187469,1.1316986805272347
2021-03-21,27.949912784685466,31.512780618645685,1010.4268349941074,12.397781994384093,0.17033366697286678
2021-03-22,29.370599184348265,36.07201638187515,984.8487631009415,5.759727267092427,0.0
2021-03-23,30.027078532062664,57.118252617884565,1010.9703165685212,3.3954262834814077,3.6214288513164417
2021-03-24,25.348321841969486,52.65475628128565,1014.3493953016325,0.045380859709427845,2.010171268039838
2021-03-25,27.54682201280768,40.05373192480729,986.8288688256879,10.921200328207556,3.93427881098832
2021-03-26,33.96648728064869,55.039246393287364,1026.3393563988795,4.51016484431509,1.4116833845698866
2021-03-27,32.59735850796207,55.76667798056199,1005.862875361344,7.2326873586847915,8.692499291382335
2021-03-28,29.77195586464063,47.804548997836754,1016.2856311518751,7.567991870919638,1.4956857252783113
2021-03-29,30.705901692872143,35.6454468748273,1010.7401845465594,3.611508429708888,5.818379901049681
2021-03-30,29.10602265168588,41.312501639439105,1000.1164858079596,7.017358326158468,0.0
2021-03-31,34.06627768718231,45.830728595962746,1002.2949186536458,3.1875851397451473,2.1868051926368968
2021-04-01,29.39880336266036,43.41465002719494,1003.6491716357245,2.0287209138817524,2.733871179925714
2021-04-02,30.694276156225612,54.042433704235705,1023.8567190918363,8.493394077536637,0.5135217452529476
2021-04-03,33.43128464273656,27.98661687753836,1011.5246181189984,4.525431860533402,0.0
2021-04-04,27.651081279237783,31.23182406971872,1007.7813448344825,6.555538500807966,1.3615760954357727
2021-04-05,34.64512496647157,44.48614863158854,1003.6539108740977,6.232762981645314,1.0953030274611444
2021-04-06,25.358499297082425,42.405306213389736,1024.9615022152614,6.913795880165867,0.0
2021-04-07,34.81550605984886,36.32176082309816,1027.6420127252359,0.3303891973951254,0.9969068909480547
2021-04-08,28.78082598715529,27.929019814678387,1024.8474389870669,3.2441284060508906,0.0
2021-04-09,29.138614716425973,45.62615108976883,1017.9243733915416,4.026574527510725,2.964284473409786
2021-04-10,24.16013333993628,47.392382250024205,1015.8983004187071,2.5055639812955284,0.0
2021-04-11,28.42483809732438,52.322370770855215,1000.840621820241,6.287020544049163,0.5278393943161349
2021-04-12,26.62447868661908,47.37682198790018,1010.5418087328894,8.560679232787692,0.38114627051339506
2021-04-13,27.871266338561934,44.738326048314065,1006.1613979665357,9.035553966038893,1.4806084240703536
2021-04-14,29.228225362118884,57.15589368684393,994.7448789101529,3.982385704370349,8.20514336969906
2021-04-15,32.45514779285464,30.647753069087187,1023.5704341916537,5.875897587373721,0.0
2021-04-16,30.14187679956284,50.29295378869434,1006.0417005360772,6.336930513470298,0.3372479970966734
2021-04-17,30.375088188665572,28.100984257713726,1024.959419074353,6.863768282610588,0.0
2021-04-18,26.094209088272763,38.569276655855546,1021.8174640076002,2.3655947807820685,2.475379566589763
2021-04-19,26.662952680648495,34.54195233344262,1018.5671797663342,10.461740804794898,0.0
2021-04-20,34.62159875523651,50.50862597690093,1019.1288407176319,7.7795605530393335,0.8269302376973267
2021-04-21,26.935814046566573,45.877990640762775,1006.8468611792629,7.857948031077323,1.235239632082501
2021-04-22,34.02184495060336,42.85404507876855,1031.5785015129065,8.610380170701191,0.0
2021-04-23,28.231675368927093,34.816832438241946,1013.4312543095305,6.602407826797953,0.0
2021-04-24,28.87122464132691,42.56745272000766,1016.019316851187,1.9180597308470828,0.06549212811235083
2021-04-25,31.974849871580695,36.37792203111854,1006.5092366643336,4.58308180533468,1.8985129647779186
2021-04-26,32.474746717229216,47.59717678992756,1003.6883473922304,0.0468398148142537,4.920502546975727
2021-04-27,28.217899354033005,35.98013896966736,1017.7729600880942,6.2452175290972525,1.4486847165398473
2021-04-28,27.272860200459018,59.661513551821244,1015.1751349593878,4.49235902550336,2.122518078058403
2021-04-29,28.15309849387576,29.167646256821175,1005.1064763409743,4.878432849419205,0.0
2021-04-30,29.21405564429939,37.32777385328469,998.6157328122459,8.612003390256953,0.0
2021-05-01,30.749505841249093,61.397252179036414,1000.3007691267245,3.6290178843306222,3.8873876070590176
2021-05-02,27.959821497731127,41.668701771514094,1024.961337170911,4.243630523683771,0.9819072151007129
2021-05-03,29.671491440316867,32.01546763579745,1006.8674618534993,5.065919887889649,2.856122095665236
2021-05-04,32.59381505710877,45.8938080968223,1009.6109145432416,0.5199767482408975,0.03719635513414965
2021-05-05,28.68281102807391,40.90467206381762,1027.5034025875907,4.2018090327139905,1.9424189016869406
2021-05-06,28.33027154887298,37.476161669380446,1001.7784943851359,2.4573847368585504,1.0558978454799335
2021-05-07,22.691338296418536,37.695622743803554,1005.7300517428295,3.2434353143127823,0.0
2021-05-08,19.205008784326985,78.08123166409594,1005.312331714393,7.565567160178482,5.009624149645802
2021-05-09,28.107870144429743,43.43054592594377,1029.1806848116603,6.341799674753207,4.506948490590215
2021-05-10,26.500275132338103,27.49418883050218,1032.9338350058242,3.2155390686377716,2.762153162299597
2021-05-11,25.078912595761384,62.397641292174654,1020.5156322540217,5.122394654671437,3.783029933034208
2021-05-12,27.188919804417175,52.516249148897124,1020.8338472415423,1.7750312986087833,0.3501590069302564
2021-05-13,26.108791225389403,39.28094007710742,1007.1964499714727,4.99296979055144,3.043678579127849
2021-05-14,29.501670914630633,35.91797365582326,1032.4732848690428,13.79096085647753,0.7363921724200977
2021-05-15,26.201695916074247,53.63388000354519,1015.6769625435866,10.537403961115794,1.1067744642644288
2021-05-16,23.524383849928928,45.76862480014099,1021.5311026444974,5.157866390051783,0.0
2021-05-17,28.554252868485538,26.46309538130622,1011.9447506122905,5.480432494746124,0.0
2021-05-18,24.74782517846606,65.49848705681366,1010.3196741267238,2.061304056096347,1.6529340919305233
2021-05-19,26.791211193172163,42.26448978125435,1029.6304225959611,2.5946326761468486,2.0321360546621436
2021-05-20,23.5887258446246,63.161354442511964,1018.397236797383,6.086552966314082,1.8540994685756949
2021-05-21,22.87786470164397,61.34541722883516,1027.513754610704,3.425322303090545,1.1836454867589776
2021-05-22,24.883325389105543,37.548241860619086,1015.5532817174504,7.712448784554746,0.0
2021-05-23,24.46992814956857,58.09693456884719,1004.5163346357691,9.70905704293327,2.127598845429357
2021-05-24,25.668750105550412,40.65119944858798,1007.1665706712151,5.997862354343116,0.0
2021-05-25,23.218423688444613,29.723782287738274,1014.0296524246461,5.30521161751978,0.0
2021-05-26,18.307699433075904,46.60016862324063,1006.7349978395667,0.0423388747319553,0.07930078876982516
2021-05-27,22.3082623677997,52.82224383386294,1001.9253859137231,7.24283073581615,2.555493058259858
2021-05-28,25.775294337584093,42.48498635124458,1025.0141703178701,1.568986095382825,0.0
2021-05-29,22.286478340380445,45.78627742055876,1007.5512992917648,3.745972614099741,1.1981561720823812
2021-05-30,22.221800514885356,60.32476019184345,1014.3819274779132,7.878727677155405,1.3490892652530688
2021-05-31,25.700065382955607,48.21490711142311,1015.9613358988561,8.089274492927096,0.25702968012101346
2021-06-01,20.382707519909868,41.37566312719554,1007.1184687467943,3.6004774179496484,0.13627592205303274
2021-06-02,17.66568095190165,58.18746276072244,1027.5079946630874,3.773253395240041,1.0313022289842555
2021-06-03,21.585499256531474,51.18400604127671,1001.8285823879539,2.9020433802299843,0.4987939796011327
2021-06-04,20.38607854888067,24.590912710939232,1015.6162526358077,1.4064387640222673,0.0
2021-06-05,18.70904280599766,54.92900773471566,1015.4611770637658,3.0956135536872744,1.2928681073543946
2021-06-06,20.84886973184724,53.493852211237396,1012.4574539713585,0.1606099432559338,3.116154304038352
2021-06-07,22.61485632397467,48.893783133821266,1000.0308738672802,7.049187744524795,0.04483076008196972
2021-06-08,20.875988465143553,58.47901157812397,1021.7081755186347,6.183570815485627,4.78657633924852
2021-06-09,21.586562696118186,42.48278280867588,1020.4351067033459,6.6815878546115375,2.636442512081457
2021-06-10,25.865929056492785,50.43203335996262,1006.2443147140879,2.1367878482745715,2.948000208897121
2021-06-11,19.15554810538831,34.75263223563232,1020.0748720720536,1.4147883094548312,0.0
2021-06-12,20.776173137301967,53.682817265337334,1016.7490768630078,5.1605428229406805,3.8301575086119923
2021-06-13,18.168965526239997,70.44611419227897,1000.1938785463889,5.192307694850676,2.448359342572806
2021-06-14,16.91161312944144,41.595629910603876,1004.4607108542864,4.558190517461164,0.0
2021-06-15,17.448737167734926,43.67761009625479,1024.3828144488957,4.1315501924364515,0.0
2021-06-16,17.518706676355038,44.14049223290696,1016.0941618514205,10.13232733308316,5.018013864211
2021-06-17,19.78376009985541,51.408102208088245,1007.3569705418937,6.278075035378935,0.8771803640437821
2021-06-18,25.501812413561456,36.618731064682095,1004.4152410882735,10.912035174399474,3.6546468225947963
2021-06-19,16.05468342276942,56.1851320755251,1007.8460620188458,8.8068950762949,1.2551079884114205
2021-06-20,16.700217430057258,60.118290739663024,1008.5552047012229,10.109812778052035,5.774348999423026
2021-06-21,17.50712974654969,56.589907261262994,1004.5403696737075,1.7766117009319942,5.344327381349022
2021-06-22,18.629501740207,33.001094873515775,995.582358876167,6.779512972994089,3.4456463514442106
2021-06-23,17.977640389662483,60.96285645675482,1024.400132864008,3.704703533019881,2.467252646249778
2021-06-24,20.783510043633072,58.98191912072026,1022.7063367261144,0.009839865921401625,4.917221341199317
2021-06-25,9.395708895219803,63.60375927585314,1000.2674454819314,9.488009508666577,7.382713384150312
2021-06-26,9.257261636670966,59.09979166822277,1014.3631129556367,4.118922422883113,1.6949296779972394
2021-06-27,14.673162672471497,54.86531180581558,1003.9776179728524,1.8346951091999468,1.5721079331222574
2021-06-28,19.195099723118023,60.72634411970496,1010.3843277677347,3.7563084102539195,3.6131458807010435
2021-06-29,10.94838940025117,73.76094017590896,1009.5523342012634,2.611327631678542,3.09047223185342
2021-06-30,6.364379584325723,47.28740557418864,1008.7216578428213,2.918906097149998,2.532038310048558
2021-07-01,16.842643171987955,62.35993237195374,1033.0294708407628,4.335189829452052,1.3895223917294437
2021-07-02,15.601866717777824,51.33689566103656,1008.5967431532381,10.19244557913423,1.616257896310818
2021-07-03,11.342098176194725,53.03222039161663,1004.9173617493308,3.0010483503661227,0.5641536241171563
2021-07-04,11.398047702769254,38.935669244794994,1005.3741857050295,9.977811992657571,0.0
2021-07-05,11.187569680609084,51.5583210645415,1023.4377695640176,7.546510387938564,0.7543305829077942
2021-07-06,14.170808763919872,42.941946038355916,996.4789766830706,6.188814690758258,2.9460528031083593
2021-07-07,11.703002924192988,49.509954242844046,1005.3737708356448,7.244360096755624,0.38114097841584144
2021-07-08,14.807306650101143,41.614482837167934,1027.4682284011153,5.040966991512373,2.4666393835998135
2021-07-09,4.504897349498117,53.258467452120875,1015.4398618799764,8.858150311590279,3.4852200114617746
2021-07-10,10.242456450818485,50.81766820435673,1014.9192200503611,6.700940789801303,1.4635983866246747
2021-07-11,9.179732923189102,56.37768272279345,1034.3214646014371,0.006002044923461014,1.1705052783108
2021-07-12,11.534479178999092,38.08526178758714,1015.463479529485,5.888755795669895,0.0
2021-07-13,10.435763377625943,40.3269368337338,1005.9181383864042,7.351919428977846,0.2833890743566502
2021-07-14,14.190717608090361,56.52378390326008,1010.1792294312365,4.132996344196348,0.6700744624676067
2021-07-15,5.9674046315606475,49.04191651351869,1001.6456769096943,5.378767618141798,1.4199929872959194
2021-07-16,11.431141721778227,65.0297270414102,1025.559370400157,3.161426015976779,7.6088281127861865
2021-07-17,12.720026878715009,55.892683780792964,1018.7456171753671,0.867123031809319,0.9254120308914462
2021-07-18,16.366482181697624,57.88438041121526,1024.2441414997088,0.34886938720628,2.49200006409106
2021-07-19,9.104009797617223,69.55491830540034,1025.1298392854937,0.3887960387934095,8.48421589062642
2021-07-20,11.27677019902015,51.2645067824242,1008.8578921907247,7.007134227411596,4.066149470940076
2021-07-21,4.647284388944953,51.93149075136476,1003.5524714799111,2.470845125128986,3.992463695905128
2021-07-22,2.63994669699993,67.39705250748817,1012.4828688869195,3.0005602191095564,5.189963243202751
2021-07-23,12.108617166398588,59.04082705609757,1004.2723892921147,2.7030401442638667,1.6433819415362652
2021-07-24,9.31769964099632,53.46784708128883,1014.6495687540903,4.153521392037606,4.772581211194108
2021-07-25,12.631683919548273,67.59873770978528,1024.3209688083468,0.569294649808608,7.431880177098968
2021-07-26,4.739451950856436,55.507830926172474,1011.3186035395083,6.211664284221856,1.9203175669523713
2021-07-27,10.184701319042949,55.23538571603634,1014.4999508990774,1.1805158175203032,1.399218852045391
2021-07-28,13.998671756374131,53.21289063015551,1012.0615438377663,8.397216622127807,1.3909418178275008
2021-07-29,9.420516422444914,45.94380283979283,1021.027275724377,3.134702937233503,0.4079315424049618
2021-07-30,8.762351901665188,56.394677944031315,1006.3221760571171,4.713160929764239,1.117044490326692
2021-07-31,7.731577635842696,70.10181295606357,991.035537383569,5.011321569665618,3.9372000275222585
2021-08-01,2.7687284269356303,63.06531894029395,1017.7086885937538,5.732723158581716,2.960331997997616
2021-08-02,11.325782941893255,54.64774279304269,1022.8783442130799,5.111043132488427,1.7067438857194377
2021-08-03,5.206476358155806,55.779089009265405,1017.4637424475853,3.718668353802104,0.7794187024986514
2021-08-04,8.33484319103929,59.14124868854387,1006.5976950453198,6.02914559208213,4.1021692117321145
2021-08-05,1.9170581441335957,66.53913721282505,1001.6498790181394,6.398441391484862,2.0384964530640635
2021-08-06,2.855036987911794,64.66486981494164,1017.9449753178033,2.704595998671139,1.7098327618160818
2021-08-07,10.488483413279607,51.437109675140405,1014.4147895293468,6.279103456920671,2.0951099423285307
2021-08-08,4.933732184752632,60.78094984872483,1011.7420737234168,8.575160907205088,2.095232533732951
2021-08-09,10.130557428677719,59.73411869714393,1031.224633429938,7.117682588313658,1.0967552194084766
2021-08-10,5.333865803886929,47.26111722278675,1003.5319990581867,7.79712572494156,0.6048847645337763
2021-08-11,-0.15651401742202697,61.760562420547956,1030.7503702112747,5.515762546722336,4.130949735248441
2021-08-12,7.848857441058886,34.46253241644694,1013.3178390487064,2.1915486617753626,0.35657212275016437
2021-08-13,3.2093650835301775,63.22065455644676,994.6442952312913,2.5710666208890647,2.223364987920992
2021-08-14,6.884465298395892,63.16119789642887,1011.2079734568086,5.959663903563235,1.742023099900182
2021-08-15,4.67641419931559,65.1372541582068,1022.5949607659944,7.828291175456931,3.5119596492821383
2021-08-16,-0.21310883543627135,56.15608589602246,1009.3494496719503,13.357735741982166,4.9861960739271245
2021-08-17,4.727730590972285,60.72660305475421,998.2522145876161,7.9454658333158115,3.1511184107286256
2021-08-18,10.645306115161082,68.91688539783112,1011.3548546820383,1.4886927275074942,5.24395383578304
2021-08-19,5.360629212814441,71.45738187650537,1004.4282762610829,2.698182282920053,3.6200526848077237
2021-08-20,3.5374443280034864,57.93955084373265,1017.9181440108796,11.835551947867996,3.325446594228019
2021-08-21,6.76770101401255,58.009345800289324,1020.7339981606762,4.356833204069665,5.332029135487427
2021-08-22,4.008744775103724,69.10473905979246,1002.437295922519,5.142543904283865,4.877661951919142
2021-08-23,3.8438548646076667,43.07005241507442,1005.9419594488435,2.1187492387723132,4.119653609209857
2021-08-24,-0.2176184732165387,56.87805180983802,1020.5664246510694,9.695310216722731,1.8160456237509557
2021-08-25,3.604344882554625,71.55353211409025,1004.4115572170105,6.500999621961876,6.846761306907004
2021-08-26,5.858259477562099,66.82287567806661,1002.1784186417201,2.676195956344065,3.625721279640662
2021-08-27,0.09650056284128494,63.644387495078405,1001.2130886820374,2.0185241334281865,5.445630794724617
2021-08-28,6.734605272461295,41.574373310463145,1016.5203861295812,5.921611837693616,0.0
2021-08-29,2.0461460672686704,58.47782463595405,1016.0915771951746,5.132618524641358,2.9928084700233826
2021-08-30,-0.47814108086302554,54.339916577932186,1006.1595396962095,7.496330651663381,4.201413291441829
2021-08-31,5.045764310012061,60.7875068731661,1013.0508539612823,6.6409054193816,1.4615609436510721
2021-09-01,1.0640225121453668,51.37452189597851,1028.2713238415513,4.206558953694132,2.3056106050727445
2021-09-02,4.0783616028552885,47.70358524882628,1003.2593984308178,3.368595213615901,3.2557796501433662
2021-09-03,0.8038642637819934,38.94941509127259,993.4825739098956,4.520173555103498,0.0
2021-09-04,1.3829322083866558,71.5265807455737,1017.5507557572037,3.347957460029712,3.191873985833452
2021-09-05,2.9303435781326126,54.53712309650312,1011.8959883609841,4.609413401585715,2.139410537481143
2021-09-06,2.213621721356774,60.464646976346955,1005.899749131849,5.049322785858145,2.51093808803473
2021-09-07,-4.750349732246116,62.35279370138125,1019.520802373549,2.306207319859829,1.3152353072529588
2021-09-08,-2.2280920531795756,50.4397066969848,1021.3922514466879,6.892039586293641,0.25174298267425144
2021-09-09,3.8273709888027563,45.49566539111669,990.917219801199,3.888716856590989,0.0
2021-09-10,0.550370038863885,49.6716637205957,1006.4740209066852,2.47434694914397,0.5755154437981885
2021-09-11,-0.7126110591705745,53.12462114129136,1036.1751623119685,3.945177715154396,0.8768275250586445
2021-09-12,-3.3011457459549973,65.31663534311555,1018.8340491579819,5.7267744698608585,4.242979571146222
2021-09-13,-2.544423913284227,53.31503532143599,1019.7610363829715,5.249114599439911,2.0322491666689713
2021-09-14,-5.44616317469529,80.18798790329386,1024.7289427863147,6.2663543447133865,5.906443076012826
2021-09-15,0.2440996154331717,70.14946055121493,1013.1706882519973,7.695038375226587,2.1598639208321804
2021-09-16,-1.3143794871041035,68.74078524020914,1020.9668416009162,8.9148206120241,3.2020874439386118
2021-09-17,-2.4815366223918627,60.04417928646443,1020.180620438372,5.85645848806416,1.7868784780425369
2021-09-18,0.15547146501061831,75.06507162469953,1018.3904149675276,1.7917928382935098,6.299938105971276
2021-09-19,1.3977065178758632,57.12109042985083,1009.779880293826,4.192667592409098,3.172668386786272
2021-09-20,6.535695516930101,56.41953809999249,1014.7205892236626,1.9870448468509756,4.711019739147348
2021-09-21,-4.324872508147095,63.86218165156624,1007.1163843569323,10.090562221136846,1.4812970155485947
2021-09-22,3.6479792764164607,65.19424076722521,1013.128143045665,10.96220264758149,4.0712461633599615
2021-09-23,3.052593723143396,64.84278392845815,1001.3150910790073,6.9509335924890285,3.037372285910779
2021-09-24,-2.236130957141316,56.366812694124626,1005.0937600872704,7.575376527917092,4.122620211136202
2021-09-25,0.6831281972476317,54.32849870711665,1010.1768795807507,5.752829579709977,1.8479936712077052
2021-09-26,-1.3227832743253964,67.06042120868355,1003.5629456856992,6.098167746382374,3.260008940870958
2021-09-27,0.5883083282753334,66.85821167477467,1007.9498272925482,0.20763734501263276,1.79213202362639
2021-09-28,4.544197306438149,53.7943900985522,1011.3607402324449,4.7782029042292695,2.587831902260298
2021-09-29,1.8236244875835788,43.21630705942367,1017.0226234466438,2.356540812961221,0.0
2021-09-30,1.5270752398792582,57.16330141997793,1022.4925730185291,5.844069612615111,0.7561110055443465
2021-10-01,-1.2907890559067783,66.88065251621198,1008.3621562862189,4.821170463834397,1.8255592604207447
2021-10-02,-4.44869752447137,80.2785172264335,1026.3510461726862,10.840465887038343,9.334290500586299
2021-10-03,-0.6141548002164766,48.32749777670162,1022.3861107862549,7.749883066168524,0.6822820062589983
2021-10-04,3.6432931472582815,53.91264089806513,1018.0409383194394,5.853535947564935,4.442317019187803
2021-10-05,-4.541378166391276,58.37665346794187,1014.5364912929662,4.199180938581122,7.259343462992266
2021-10-06,-3.104053046737773,75.1100799176839,1016.1912084186854,10.02806437627979,8.249813102771268
2021-10-07,0.465534605292926,59.41781769276721,1024.870511506664,4.910136061620411,5.211271554376347
2021-10-08,-2.8372974958107733,52.34538315418273,1025.2357965975928,5.995021884905833,4.73915728472963
2021-10-09,-2.2265577676559327,66.70023171304615,1026.3494672838365,5.126748813280505,2.352211498035007
2021-10-10,-1.0810373810943268,56.4941334901377,1013.4132683187701,3.7875382828780317,0.9779127671983221
2021-10-11,-3.863959463851833,49.68810699834637,1018.5496716499862,5.109518667156561,2.008020507988653
2021-10-12,-2.641962592723244,52.39324822360012,1026.4354650662206,0.8859005520349479,1.5785986410212238
2021-10-13,2.4425586277770766,76.11914023033765,1006.7628396508361,0.356880796276438,2.819851922137906
2021-10-14,-3.533616174279201,65.60890030363423,1009.815831462817,6.048891625008883,3.8244505556648476
2021-10-15,-4.344575231257119,63.249888170153994,1013.1603666301348,9.704599071582459,2.979992389379876
2021-10-16,-1.3761740034245087,58.18914964359179,1021.9959873797941,6.044663312432506,4.795447866224777
2021-10-17,2.7789197494450253,61.532028546465476,1022.1517215071863,2.8388934353100383,3.032238645069579
2021-10-18,0.06571217713074418,62.76950337145957,1010.6913588880207,0.6714387377979936,2.98332954116895
2021-10-19,-0.6595909787741596,63.25148377146034,997.9139054562029,7.353581781426916,2.4874718973927474
2021-10-20,0.9491305811396792,60.67388561220769,1015.4618394429597,3.298414546954697,2.310110051556566
2021-10-21,-4.334963167707386,70.85546496690918,1003.8168386267159,6.929706255657679,8.260418412946942
2021-10-22,2.4765585289812195,58.992764195516706,998.1006379535978,6.169595474197152,1.1973115285909488
2021-10-23,2.237179840522985,49.10202172421212,1000.3612843926628,6.434901176764068,1.0921734717211886
2021-10-24,-0.04249473803668513,53.89701846000966,1016.2638100784555,5.100805122060668,2.5229248874522354
2021-10-25,4.3058537126092435,38.056886208798254,1026.610373609328,6.150933154908923,0.0
2021-10-26,-1.987695488898658,81.26201890487326,1013.3889451623625,4.641636796230995,3.7921623278397116
2021-10-27,4.889263934977057,66.18291395203835,1015.1138065464596,3.0940803968953894,2.295841806178804
2021-10-28,2.083760799892522,50.657414648761375,1024.8289493887792,2.1095028184518454,0.5979898333766038
2021-10-29,0.7293295812150247,56.81688671542149,997.5554509091645,2.1550263939129355,1.5245825532165753
2021-10-30,1.8020035167314152,52.730233499569955,1018.2017642160027,4.456671312786471,4.379398193405519
2021-10-31,1.666360381623218,74.59229192292956,1012.8841021568118,9.55813454885586,3.866531705000952
2021-11-01,5.779389315116107,42.91153369973266,1018.6605745883206,7.1902402776127925,0.0
2021-11-02,-0.9772937553259551,61.63340746585077,1008.1651609159618,5.6831273554278745,2.1340682292431543
2021-11-03,0.10316619804303029,58.86313847533001,1004.8206270957352,2.797985017132547,1.110033499807027
2021-11-04,5.641349280730321,65.44771166672598,1014.405089042856,7.992017677277231,6.232330058225042
2021-11-05,0.8912468949122039,58.51428427529695,1029.4919132333446,4.642072064590925,1.900594179084572
2021-11-06,5.528513346884358,39.653654560003474,1021.6091010454146,9.724802941367177,6.828919592301277
2021-11-07,8.077891626405973,53.449875840372606,1007.923072298199,2.056738210115956,1.198994712388127
2021-11-08,1.930430067823438,49.31316278665503,999.5902796401872,2.750091416082031,3.551440740495899
2021-11-09,5.339649213664275,58.12597085873347,996.1793271630221,2.4581901673411153,1.4050616308963741
2021-11-10,-0.002299247278647165,74.34291998884258,1026.1609945185048,0.5536448886979608,2.5927093789949405
2021-11-11,5.889612767024989,39.660941174164726,1003.4491771186417,2.1888659444247125,0.0
2021-11-12,4.3936906425119755,49.800927324744976,1009.7448658700506,5.309648779297753,1.8437566122208513
2021-11-13,5.387859502020859,51.7791407111546,1026.2121112607758,2.8633969254481175,0.9246080105067923
2021-11-14,2.208623209455129,55.07937744114032,996.8609854452101,6.56912598772179,1.6801854101743063
2021-11-15,-0.6580995809281429,67.73030643151651,1027.9226450947506,8.222819892260365,5.18765077735067
2021-11-16,6.017881288473808,55.25561518014922,1010.463595461075,0.052281188042216264,1.0958869106943512
2021-11-17,-1.4960009657933764,64.90602774010114,1001.5141668476126,6.767684854659911,2.228828081241417
2021-11-18,3.9312942407782105,51.77662244229313,1010.5264907285109,5.093643769008694,3.9106651511758836
2021-11-19,7.899026325625723,58.34973029136651,1005.7740321859852,11.352118449261027,2.1925240219689726
2021-11-20,5.846249792094381,64.85485141272996,1017.4081979890572,7.990872444567859,5.0021171239861735
2021-11-21,11.313543421016778,47.02023279212073,1006.5186756611222,3.486186213545077,0.6403544513083891
2021-11-22,8.7446262311323,63.44126808249899,993.8835778908095,2.893809312934064,2.360352025650511
2021-11-23,3.9111517832963743,58.5681517956275,1010.7943746559101,9.508183042397857,1.2225906819340693
2021-11-24,6.161039835142855,67.3740824872511,999.4345494771346,0.572386708695765,6.699536817280467
2021-11-25,6.145883790559674,54.912859103950424,1015.0431988398832,5.572639807756124,5.03314277971938
2021-11-26,1.7529433655948425,62.935974868823564,1001.1286966771668,4.606638610250984,9.59124306764194
2021-11-27,3.8922735530326364,57.64780090669838,1008.1198719682791,3.9703217938859723,1.794605108667749
2021-11-28,5.2476397059859305,56.41405752660125,1014.8258780421434,6.060541953345276,4.055671980290394
2021-11-29,1.0401043809489359,62.06925209178243,1010.8754127496574,5.568679581526027,2.2790538966163423
2021-11-30,7.512416246973366,61.61186656876235,1015.5043028300105,6.372202228375233,2.372554027835344
2021-12-01,6.8461512136412175,44.08127527393934,1019.8028716571775,5.416926957089852,2.9520340770918736
2021-12-02,2.800310694328453,72.93618074101455,1001.420663002687,6.253044215051743,2.6841077316511286
2021-12-03,9.259384532289229,36.7736773283574,1012.356024593753,5.280095578794784,0.0
2021-12-04,10.42417810796672,47.939789848627676,979.7049620249187,3.0217193383510565,0.5498585649568011
2021-12-05,9.18946954833819,54.462574518181896,1015.4733330168252,5.012003780709787,3.550285159858103
2021-12-06,7.769891435188335,60.238613973265316,1009.9918586962516,2.8568403208879403,1.9563676974911872
2021-12-07,10.752006617165959,70.38572196883081,1003.1655023652203,2.658870185807449,2.9254302294626253
2021-12-08,11.255709987775962,35.789230123860946,1016.1571942229652,3.9915499918467443,12.057219783896151
2021-12-09,10.376342565798968,49.73488743320341,1024.7269757718507,4.641730517792473,0.9418760677134593
2021-12-10,7.221021416050135,35.12115441398228,1008.2398225240106,5.105675919043432,0.0
2021-12-11,10.76695880262184,54.93274033779156,1003.5518550975828,7.749136482089991,2.4454281095726405
2021-12-12,13.767397027090961,55.83313733145482,1014.6502526243871,3.5046077523774697,3.821077990660664
2021-12-13,8.636294454320469,71.5898101945523,999.6439333335364,5.590555779424461,2.3032792145551744
2021-12-14,16.966581524188147,52.72305684684047,1006.3961862946446,5.354083141831457,2.201651856579899
2021-12-15,9.343734835032267,65.76838387690766,1025.224021616505,3.1741151376018046,1.64961758500683
2021-12-16,11.266921613277587,60.204910008751796,1013.6217922981228,5.2212223586196345,2.514989732116039
2021-12-17,9.402451721891744,50.94629216900245,994.2053303605384,8.00816424553194,0.6887249769652122
2021-12-18,12.340989812698282,39.739897625730464,995.030083527206,5.5595186506502,0.0
2021-12-19,6.696767424064887,59.40163927088567,1014.6208569264678,5.6797517870819245,2.198991759131422
2021-12-20,10.538473955901178,39.80974285059577,1021.6239057591769,2.884015007171998,4.218512259847509
2021-12-21,9.154239236232131,68.37495110858038,996.8237854137385,10.906576553614627,4.3178512402612235
2021-12-22,13.091382733712656,51.83368761277543,1017.4971260749651,3.054930889032497,5.70771415808695
2021-12-23,15.924160544827744,63.98969384270029,1026.3034350748972,0.0033503816424333976,3.556418152866732
2021-12-24,15.134897887853363,47.63040671474933,1031.8785898795863,7.580552360654229,0.0
2021-12-25,6.338496455711791,59.519259636154025,1016.3122275985987,4.655548881054722,1.5692885311393854
2021-12-26,19.83673697772194,52.17512008448592,1018.0680259455247,4.090874537158775,4.9416000739702755
2021-12-27,14.853803419827797,52.12265710997686,991.6681557237185,3.363338658765419,2.2748021798841958
2021-12-28,11.896207570172187,49.725301080947986,1033.99752547996,10.615143872947513,7.9684803484839835
2021-12-29,14.955059582631634,56.44703039338938,1007.2450978690388,6.063770835814048,0.9838233474127835
2021-12-30,15.270369125170548,43.103182802582644,1003.6652884157496,6.649253664935254,0.014397780979535368
2021-12-31,12.999453849145318,41.40591978583676,1010.4479386556037,5.487846870746802,0.04057883974273668
2022-01-01,15.851950344363747,64.5022937610864,1028.1167341418543,5.8101488403355885,2.2409356443742148
2022-01-02,13.693907311480263,60.42472623318088,1035.0804604754355,9.195873831678242,1.6231545788035509
2022-01-03,14.561209030278738,53.378311570883035,1014.2540867947585,4.2474360163169145,1.5098841636045144
2022-01-04,13.973198994769545,69.66482432805304,1022.9808417260366,0.6291873634378105,4.022593205504348
2022-01-05,11.99145811184274,51.32661575683018,1013.432040486855,7.60416396268333,0.8784355155703606
2022-01-06,16.98403487235767,64.73501476371096,1002.6220452698182,6.490104836727176,1.639612459991959
2022-01-07,18.559018983039305,52.47623135773856,1027.767436707883,5.323939438655128,2.7132768636873794
2022-01-08,18.60383236992809,40.450576314272055,1006.7787251964361,6.412259724643359,0.27379083700201146
2022-01-09,19.77440806786992,68.59319788377354,1028.3553077337187,3.887767339117478,3.485354952280974
2022-01-10,18.54241779276677,60.635899569857465,1025.985413297691,5.062077748562779,2.2789997678541454
2022-01-11,16.22522415299795,50.677177613405384,1019.1403626395721,4.60489923842027,4.488778236182696
2022-01-12,20.595559091322855,56.97393304967807,1031.2897475625434,3.2255352287872494,2.3336579708324923
2022-01-13,14.256270075536676,48.834830622252596,1035.3234603318574,8.567518349315009,5.018586379394544
2022-01-14,15.878077342551812,60.35245167931951,1011.2475663703569,0.7632241177465993,2.4642946563154853
2022-01-15,15.93769921247307,28.120364740923876,1004.9120588158357,12.0826465154389,0.0
2022-01-16,22.319540540429514,38.6422163928393,994.3573016274353,7.632086627619426,0.0
2022-01-17,22.15560203562936,58.71479642505495,1035.4468225543026,0.3339266041070523,2.3483097860063733
2022-01-18,21.03573408097932,46.985577577321145,1008.6031799108155,4.327501011527212,1.2085579812825955
2022-01-19,23.03483452102086,50.558005688376994,1024.3503685710175,4.494362252289326,2.3810637479986405
2022-01-20,17.424995146675734,37.81964580550778,1005.5874463249052,6.175659886826336,0.0
2022-01-21,21.350927192228514,67.80320636090677,1028.3826564091203,2.0318651877808396,3.9311450438438778
2022-01-22,20.170344858210605,61.82012400807147,1005.9988240818459,5.096076030104652,4.197472595778714
2022-01-23,23.325597405308848,46.33034911359228,1001.0828086638265,4.636641805632059,1.8907160361766222
2022-01-24,20.676647140433,45.61471786115023,1010.9149356904625,2.7871449122796834,0.876368300992049
2022-01-25,20.103075373954507,60.24450592721968,1007.6822429903837,2.3697433055863044,10.602793165614548
2022-01-26,23.114359443939435,68.26752477971957,1018.9629978546121,7.7564139401070715,2.8645122868913573
2022-01-27,24.351947627679856,57.3616287442736,1012.4860507280748,0.08974762012778115,0.9615836040992001
2022-01-28,19.94821847900236,71.74391743446483,1019.2770239455192,6.4336368082881545,5.620772330983905
2022-01-29,21.9977805876797,39.77759641554097,1010.0897852691471,7.392530920634372,0.0
2022-01-30,19.2313113514747,42.19047601927474,1006.348926289812,4.344324984984751,1.717584774178845
2022-01-31,15.13588110530275,40.542648266815135,1007.1643945210393,5.157118519174988,0.0
2022-02-01,23.45261300472444,52.69129999413257,1033.4493879803103,8.490484999092144,0.30317287355073586
2022-02-02,24.89679364183839,49.30763867712451,1015.2517093222693,2.885445467827829,0.2789911846883938
2022-02-03,24.072730124774473,46.44412370289291,993.1623779054696,3.195042713332628,0.5907936039318296
2022-02-04,17.651841191103664,59.26666568568115,1007.7979098654592,3.513548956702075,1.1521491578482301
2022-02-05,22.65945581157759,60.99355814635785,1013.9686603247587,8.495976797669844,1.5398490282507542
2022-02-06,17.265857024258207,36.110447395002474,1031.4539968125039,8.876881240654122,1.504206180124744
2022-02-07,28.236256374689447,39.91215153364412,1023.286987158899,0.8123292966091427,1.9295552449381461
2022-02-08,21.072537480258752,57.66516720110123,1003.7828216351809,8.01872224193491,4.16839791910529
2022-02-09,28.29769534173235,41.17376549054801,1037.1835575357245,7.456724919041852,2.7970323173967335
2022-02-10,27.567052346577157,38.23441306312988,1012.6883963519853,9.660784431349484,0.0
2022-02-11,22.22274821602599,59.074000168490954,1025.4632981107495,6.155324096379139,4.950495019843245
2022-02-12,21.718299428690948,36.24584958841472,1001.449915026001,4.86721963916427,0.1174145409979026
2022-02-13,26.356902157514018,43.80575084333194,989.018369047491,8.435650059714977,0.6525861709240036
2022-02-14,22.95890279422549,51.80698886093534,998.9156850963163,7.096711374505296,2.7162026756492783
2022-02-15,25.982303260701244,41.27064923054819,980.496665238043,11.734695242446179,0.0
2022-02-16,24.406177802017933,55.62846765912278,1034.120893272529,7.876123534885483,3.6793610945325477
2022-02-17,20.687780101062877,43.96734019749487,1015.1453291888641,5.460643929271746,0.519098441001424
2022-02-18,19.513177258074954,64.32960630542172,1003.7535598155197,1.4776868588714862,1.7052769702923791
2022-02-19,27.05463987266223,45.215217088711164,1017.5262402998012,3.257248468417645,0.0
2022-02-20,24.85654916426719,54.28442678491994,1014.8933403618016,0.6921350659159522,0.7888664311950916
2022-02-21,25.045168315319234,54.93765537216855,1019.2093339561399,4.35481389181741,4.918755917416325
2022-02-22,28.951776368633016,39.248711788242765,1025.0953140113627,7.778202779698536,8.332162816929543
2022-02-23,30.540743152517486,24.194762937182375,1010.1007884697499,4.988986734558454,0.0
2022-02-24,26.35545172102499,50.42983168612585,1004.2016069389902,8.065175806280218,0.7340119426394217
2022-02-25,26.30035217880663,47.572707381845376,1021.2777521437192,6.01272120031704,0.2510445846097554
2022-02-26,28.96798849482877,51.074266028336886,1021.0233277788446,3.790723130737971,3.579884770544275
2022-02-27,23.538469375418448,45.965490588462394,1014.0073580812134,5.262875465509891,0.06598835797650493
2022-02-28,28.416715537156005,41.487365243414835,1034.7755418868078,6.416290073165288,4.305153649522833
2022-03-01,29.537117289603508,65.31617146501523,1008.6217787713834,5.417670195390848,3.7329482105899205
2022-03-02,30.05253594619684,30.2501914117938,1004.0014202836473,5.452052686555742,2.573554654919751
2022-03-03,22.32811746965625,56.17544604881426,1017.180914275066,2.692849677239881,2.2324614494020496
2022-03-04,25.97694683972363,41.26550799830427,1006.2506214308651,3.701071204273352,1.4733077872133777
2022-03-05,25.744930438422827,43.769748603384365,1017.955165241449,11.775382388463933,1.3092928427501813
2022-03-06,28.79412390801129,42.4319097202547,1004.6699174416055,8.685399471270628,2.801218531364467
2022-03-07,30.04744093134349,36.941936792615685,1008.9975771706811,0.578477309570852,2.3082746769202567
2022-03-08,33.20205104511795,49.111216579803425,1031.9084042003917,2.1009068725190847,1.693308394511323
2022-03-09,27.3296728746453,60.24159952217693,1008.9441264325233,5.228577264346167,3.026265502314997
2022-03-10,27.42040775876031,50.98993273308646,1005.0114845598271,7.680418683277971,5.197907180043061
2022-03-11,32.45657448898012,44.80553271763089,1024.706787887065,3.4401744877333784,4.795262235218813
2022-03-12,29.98757168471935,35.14180916664786,1002.489580497133,8.064976184593814,0.6969565165267664
2022-03-13,32.98690034497106,48.674802485758974,1006.0705676985293,5.1789636950212525,0.0
2022-03-14,30.132031753456815,66.49748044056457,1018.76561120509,4.5108161608190755,1.8702958768416469
2022-03-15,25.87217254273877,43.25696749067969,1022.3841142387329,7.268345528525545,3.2287439439443992
2022-03-16,25.417561693751093,43.53138335960579,1025.2047639108107,3.4043726212931933,0.0
2022-03-17,24.831562317646036,41.97332753136701,1005.5277816777951,4.13988103458904,0.0
2022-03-18,31.537114332048027,39.33730048903178,1018.9600867298612,7.010501786391389,0.0
2022-03-19,33.17729729684733,20.0,1008.3389180045582,4.905812188801927,0.0
2022-03-20,35.21581154674399,46.442448085185134,1006.9434436648937,10.726328820133208,1.363275581316227
2022-03-21,32.24891305104386,35.420021710931934,1025.0321278229228,7.0814762385680545,0.0
2022-03-22,33.25562298388634,27.26955732013883,1007.5044560414042,6.886441484998285,0.0
2022-03-23,28.070192637948743,53.49680317835112,1015.7820459602098,4.8514860618047955,3.242041083161006
2022-03-24,26.379739976078724,35.989952161541275,1014.5557946923063,7.624264030128819,4.079816272282898
2022-03-25,32.43357113852164,40.3965238919016,1002.292456236615,4.032176681595061,0.0
2022-03-26,31.16631086012748,59.08126848182206,1022.6609285535632,5.847133253598545,1.193975788199646
2022-03-27,30.261118065230363,30.777282987139685,1018.6028089367895,2.251120858986319,0.133089231788871
2022-03-28,31.121989038521306,29.113023134761725,993.1370938812958,8.118324176691775,1.1750932423768252
2022-03-29,30.946087764708082,47.22001801326934,1015.7742111123735,5.871814091785375,2.854650113594659
2022-03-30,33.84020074815594,54.574773266025716,1005.2702656583338,10.947539191093629,3.001146765506456
2022-03-31,33.88148428414923,27.31584068060576,1023.9707530641263,12.176895151009274,2.0999077837559557
2022-04-01,31.632522153063892,48.26063629183983,998.5460016321924,7.289958354299443,0.3162001293139205
2022-04-02,32.53615849750985,49.541916150861994,1009.4352303137046,5.20527593362371,0.1811807333547727
2022-04-03,31.53538186758469,23.640704229284452,1016.6202455098846,2.161806463623294,0.0
2022-04-04,28.599686537671644,53.68517011023638,1013.5434029414188,7.714249409776473,3.823562777999029
2022-04-05,32.23845143772031,52.646833079561645,1020.6295825671397,5.630853691685685,2.0094395212171587
2022-04-06,25.76639831973477,43.99894510757237,997.8157801399071,6.614104517463385,5.993433435012053
2022-04-07,33.08825432339811,55.97933646128103,1029.5191433686737,10.189362162368731,3.7729387817673654
2022-04-08,26.31528391971311,58.2069137833919,1018.2514465878827,2.5267301340099597,3.2339226380974733
2022-04-09,30.724120820286018,45.66911884702904,1026.597182130009,2.2270874945559904,0.0
2022-04-10,27.294701978206632,41.83819510764735,1021.7424016923325,4.29072218488796,0.0
2022-04-11,31.449389198680738,34.54702647483006,1012.8838988554496,7.46360344925547,1.5274273247273484
2022-04-12,29.642122601916007,44.80330360538008,1000.1580178908883,6.664601720643464,0.0
2022-04-13,24.909937500192356,53.24262044694561,1007.364468187513,2.312934464912683,0.3827802017436525
2022-04-14,30.90225715254096,41.30710281332311,1028.8956333286258,7.2696587021074475,3.9635774688277077
2022-04-15,27.84801061893779,24.100984637910805,1026.8543778165638,1.3963615433202112,1.8393453169919431
2022-04-16,32.16250690780107,56.60588549186517,1006.8040001989631,2.486774976953427,1.153627418813099
2022-04-17,29.456035294665455,47.17421457111621,984.8169571379782,4.653628048432432,2.747552875286491
2022-04-18,30.567030210973563,40.92023992774487,1010.8731026569488,3.3397062620743396,0.0
2022-04-19,26.432508084411047,55.355329842027366,1010.1229711187088,7.669578465952805,1.2066407118171716
2022-04-20,27.457427005900488,61.51767246187732,1010.5022738795961,5.859135449003284,3.1063285371040603
2022-04-21,27.76550124255306,20.0,1018.285392018314,10.296683532881781,0.0
2022-04-22,31.623327635159143,48.530972681641146,1021.7621257932167,4.258443903936757,0.0
2022-04-23,33.99299022898616,28.73701277740345,1022.9029954709953,4.63339354687777,0.0
2022-04-24,26.44884557766777,51.76668227915553,1017.4570914013536,8.63114782718529,0.6591446820586235
2022-04-25,31.994298824863947,45.28212261131382,994.9922929807736,4.727237590628613,12.946686374081926
2022-04-26,22.150037198236138,55.28224666528743,1009.5880026730671,9.482015743122638,2.751511716062498
2022-04-27,24.9677688315934,42.52363943925675,1036.040897835492,6.622484631153474,0.2930099497220381
2022-04-28,25.561253992463307,28.48697188557683,1016.7421673480247,2.0583594096560773,0.0
2022-04-29,24.26333377112023,43.3646512018732,1016.6781956844386,8.532711242448393,1.1624088983833107
2022-04-30,23.449417890240294,52.34376740627768,1016.5948593977386,7.738180439359426,2.287154260626567
2022-05-01,29.314591517053216,55.49662752822562,1017.1537962250599,7.853997818331635,3.939718925207319
2022-05-02,27.304928827565085,34.62922258149221,989.1688781891407,0.7329351356357741,0.0
2022-05-03,28.953048739062734,55.794079899198806,1010.6047568308893,3.0110301161868573,8.55161707440822
2022-05-04,29.75015391866049,38.64620014420454,1012.6210716820531,3.2338854993296904,0.0223498406555811
2022-05-05,28.335733170797155,49.45663223054669,1025.8149539925341,2.4766358973188227,0.6474572871863956
2022-05-06,29.368602509309767,40.216759216688786,1013.4767289462229,10.225767595681814,0.0
2022-05-07,27.039473912961935,48.30196932064005,996.5348861339805,4.964696486529098,1.2964112462093609
2022-05-08,23.53621902989694,57.150666830754275,1017.3008915617175,4.890317172112488,6.23485601485513
2022-05-09,30.116185499201627,32.67176647751383,1004.9617535175726,6.6560249309473365,0.9244263878356282
2022-05-10,25.017411427837338,40.692235318613015,1000.8321435891859,6.707905003668146,0.7905082361199154
2022-05-11,23.816471724218335,49.941390011311704,1004.6584095328342,5.004678131877489,0.3495483941111182
2022-05-12,25.924575564444947,71.05354882808105,1018.4250422966452,3.0609273885519097,2.4288716989099375
2022-05-13,23.55156965509059,39.592318050786425,1025.5876123976007,0.76163426662617,0.354333183911693
2022-05-14,24.86603901676064,67.96831935158887,1017.8292994517759,6.200918279464458,4.405956224389001
2022-05-15,26.97552507598771,66.55647049875785,1019.3202322361702,4.133322756997858,4.436349590434032
2022-05-16,26.81017892287781,45.62179903154518,1017.73045272838,5.046162693503806,0.07432549588024046
2022-05-17,22.890263952330784,45.573342761835605,1014.0132717686047,1.2355592466715688,0.0
2022-05-18,23.936102284458432,41.11129687112387,1019.9693063496276,4.0704433259285056,0.08164359668710541
2022-05-19,28.434600156465972,45.10067461844032,988.8122453293058,8.345390755498446,4.516352330905617
2022-05-20,26.510158316404826,32.67772651620201,1014.1108835130483,9.228348449306502,0.0
2022-05-21,31.052540476181903,43.71133958870307,1002.5507496537775,7.156590258622099,0.14275237388010553
2022-05-22,28.171205219773036,60.883200128622036,1024.6290257254414,0.9936041196556431,1.8703727187646912
2022-05-23,27.864321424617334,39.95698866292416,1011.5284469478314,8.77820540897637,0.0
2022-05-24,20.06566334808251,47.559925286068236,1013.3094808826783,7.172006765000047,1.0379512631612995
2022-05-25,26.315942003274106,29.83062425569053,997.949281257462,4.6484328978063845,1.11737810216902
2022-05-26,23.657458379296365,51.91189169166225,1023.1683088901285,1.0751089435292318,7.110454557566287
2022-05-27,21.95363860795012,51.667997545538675,1019.2732812027381,7.860784851987551,1.5594843132982035
2022-05-28,23.897884957750232,48.68808111878259,1018.569478823405,3.2235010100498624,0.23476745650966274
2022-05-29,26.014241181944215,44.82460890680646,1004.8697714783118,6.038497463164343,1.7798549903721834
2022-05-30,24.463445495441636,44.84069806455464,1005.2636015506187,5.205181581909987,2.311740870974028
2022-05-31,20.105514461211616,54.96624510640091,1015.235994544459,9.615184953314834,0.645424615930771
2022-06-01,24.746003942464498,47.33883201288152,1006.0550158975195,4.623899042007475,3.5299790936555047
2022-06-02,20.381327980402457,52.95905472535209,1017.3489296267734,4.954659229742156,3.831863119631983
2022-06-03,22.717441972000813,50.79110718854507,991.3908739723328,9.73584617143589,1.3584792073003995
2022-06-04,20.928550200195478,60.76999777085988,1008.1245544359341,3.025333268749434,2.7208823430971023
2022-06-05,20.95118301005055,56.294349468725265,1030.967534654265,7.442968554223331,3.1288267463749704
2022-06-06,23.67373402466484,50.09175141916948,1017.3948582799577,4.404152831364608,2.2678220640717783
2022-06-07,18.019758222786628,66.17434119512848,1014.66793664531,1.9923741139852122,1.650782566742735
2022-06-08,26.7394393726778,50.832965604226715,1032.8522653567136,5.003482960162618,0.3445057575264395
2022-06-09,15.202361270175984,65.4484462528162,989.6404638119857,7.075115340823963,1.8997289201515217
2022-06-10,18.632702911181944,56.7530746282754,1004.8468888521189,9.061129519929533,3.4938266861377087
2022-06-11,21.294820359886224,30.933399030741462,1008.9882682825261,9.424081956037046,0.0
2022-06-12,21.69406973267389,62.201312766856354,1021.5835123300538,4.1157077773234025,2.7972575647059914
2022-06-13,19.395178452322288,51.65417318726555,1021.7565636322823,2.0382523039033593,3.128275875973915
2022-06-14,19.278520180097733,49.841192200943354,1004.3399329101737,4.043783301267562,0.8181288981358992
2022-06-15,20.435110383971086,52.59592828291023,1022.9795432214255,1.4554077400095333,3.0233230164845066
2022-06-16,18.261773958547064,47.41928140115579,1008.9668523267829,4.347841401750484,0.9097937299979331
2022-06-17,22.88487648101875,50.82785036338008,1025.1163962564917,3.975004149140725,1.0297810923187825
2022-06-18,20.97263239615399,43.594923138492085,1002.6735730187794,7.182470612470296,0.16953451939967357
2022-06-19,20.821286784613843,62.332079195036776,1011.7668840093384,1.6178055397431343,7.934871437427422
2022-06-20,15.051623176792395,51.338307275393305,1008.0983268462344,2.799176161740081,3.0904168017988973
2022-06-21,17.458333512666325,47.4449948164425,1023.5603037156571,2.8234450866742535,0.0
2022-06-22,16.540707347915646,42.480388168849444,1007.7721878343383,8.561381757224076,5.560568067069301
2022-06-23,14.17018382672973,55.60266597812155,1012.5755147098824,1.6584668677969492,3.5474879939044675
2022-06-24,18.01171521362602,52.86521339443791,1018.0681139766305,5.679972078946982,0.6096182921804139
2022-06-25,15.061947833485979,56.353272220032075,1018.4525848302612,4.615614756740656,0.7941456438110494
2022-06-26,18.384262736808697,40.53534975654436,1021.8695260747318,8.129127580509145,0.0
2022-06-27,12.950222499818949,37.513076761974794,1015.1112477684467,6.7874955935316414,0.7086057621719712
2022-06-28,21.060320999012358,55.725752525559415,1008.8175108472017,5.363731195461138,2.489650073425958
2022-06-29,12.956335519291773,68.36825085911919,1009.5030125464125,3.335999376235795,2.482338883026959
2022-06-30,16.045183615008305,41.713871968596884,1013.2567231520761,0.5570275093296289,0.35139536314198416
2022-07-01,17.50468288449453,67.14207139336972,1015.4959247607438,5.741256967062216,2.190442744410279
2022-07-02,13.158973756069342,56.259623709329134,1011.5282835215156,6.591469395589618,0.7297676154746374
2022-07-03,17.170129326891864,51.34430629104577,1013.1920342096555,0.2753971625760414,1.5897855954146884
2022-07-04,10.667115711530796,50.69095517877682,997.827461394279,1.2989175070143522,0.9214246635746143
2022-07-05,18.45315393706079,36.92824283721964,1019.6735528445467,5.756989920115028,0.2584536065851599
2022-07-06,13.881650606395326,62.93645985604833,1014.8111228888943,6.01742505862361,7.150066991713056
2022-07-07,11.79271452883537,46.34757912120628,1023.0187041354109,2.028058069723822,0.0
2022-07-08,12.427569575892282,45.988148454677855,1013.0016050740709,3.277805859295886,0.0
2022-07-09,15.49553514638945,62.17149552567483,995.6160242147821,0.5094665157112797,1.3771377657212651
2022-07-10,11.05964617065057,35.64034244795745,1009.4155381069332,9.131791711439702,0.0
2022-07-11,10.30982173765392,39.60911102449137,1011.0007007688158,1.1003767778946432,1.4156125357920708
2022-07-12,11.638891421365354,53.999211854236506,1020.429033054336,6.626778173745652,2.138561836616402
2022-07-13,8.519020314786452,58.6733341326553,992.297264554866,4.895117911539859,2.2333097596883773
2022-07-14,17.258817992228508,56.217937483574985,1013.4117951694893,8.868780858874278,1.4955911567889988
2022-07-15,9.846231172896651,52.058899479589144,1018.1367521579331,2.6232377216757308,0.947942447015656
2022-07-16,13.78951765132718,78.40893786075331,1006.3851211471848,5.183758131021162,3.7850210455924107
2022-07-17,11.67342786002321,51.88436048233005,1013.7462800981684,0.09528072771205043,2.080055131210553
2022-07-18,7.842937720565855,53.77066961868985,1006.7296349085016,0.8155805108192613,0.744321273381237
2022-07-19,10.531443583259462,46.7644115202315,1005.7042706677961,6.789000751596422,2.62767250296891
2022-07-20,12.655402723894843,54.91136680326329,1008.9158014986868,0.3550775172091063,2.2036609737160955
2022-07-21,9.494088761373128,61.402567939781186,1005.8930800753299,4.315347396696407,1.7673683239344538
2022-07-22,13.395154147492086,65.33820347158856,1019.8361831193633,8.033886343918759,2.924731885005209
2022-07-23,12.638840217399078,38.78773724689828,1005.6504812316463,7.240054568284038,5.460521264820243
2022-07-24,12.091125085915518,51.49448407348523,1003.9708999295208,3.006243536154219,0.19085719433497428
2022-07-25,7.717175533334013,60.608448341424435,1030.6792866683954,0.23449059077548284,1.5059388949319086
2022-07-26,5.620133274421223,63.060508708734744,1022.6074001182403,6.528484584966586,2.4958434918116557
2022-07-27,6.784232084368308,56.67337053586124,994.384866393408,9.026770348580541,2.701990066691942
2022-07-28,8.980941056742733,60.93376916694965,1005.3523171014747,3.01328576400313,1.5704707349275802
2022-07-29,9.798759737970183,47.010981201756906,1015.4246297172272,2.5900614247786504,5.060138724997801
2022-07-30,1.4178931706106983,74.87010773787821,1016.2375506723149,3.4252941113930047,4.544653514776102
2022-07-31,7.6815697885343965,66.0854961355271,998.0950713426311,6.714826132421347,5.806727382588198
2022-08-01,7.95564047428292,42.572901892206815,1024.5856549282232,8.685552819244737,0.05621032896222078
2022-08-02,6.426431365815556,46.035753835924666,1021.2522441918163,1.2811795658584328,3.1352201210699526
2022-08-03,10.91287079461864,44.07434710162162,1017.8190163204034,0.5051545720260409,0.3577700843805198
2022-08-04,8.086733644642852,62.73633288664386,1026.5672849071211,12.019988965797344,1.8563489882639166
2022-08-05,10.536736788090046,41.884353941780304,1017.5228999257092,4.468031636329884,4.041454422185939
2022-08-06,5.7455344203844385,53.816989447726975,1017.4858087925185,5.758678387070929,0.5752020274000336
2022-08-07,8.995653693133674,60.049217117600904,1028.5767927182224,2.924207478147083,6.730431642546071
2022-08-08,10.880838235208719,53.89792153693129,1024.012195807277,6.469886928358148,1.616672741586421
2022-08-09,9.705811348368067,57.73596948294302,1004.5849254108847,7.880182624104568,10.593044108874365
2022-08-10,2.2921330007762832,48.19590638612427,1019.3319517867192,5.8993885147187894,1.3708866185809399
2022-08-11,4.6081510688244025,63.64446819956025,1006.3573213504142,10.222574231043303,4.197856409707463
2022-08-12,4.137160525514335,51.79930081248287,1018.0415455095027,4.0197662301767245,0.1941223501505366
2022-08-13,6.446805642025984,53.5304004350076,1017.7661350701982,4.211352580893871,1.7260459282966454
2022-08-14,6.847459522888361,58.95358751761568,999.1653268754401,5.694219053832247,3.5700126751194654
2022-08-15,2.0841035746181342,59.988730427999414,1011.7815438868896,6.394884936518292,4.052995242685605
2022-08-16,4.619761390143153,57.929919495084356,1015.652570235804,5.683841786187828,1.1370578804209233
2022-08-17,-1.8249357016078314,53.40619963103636,1008.6370980900584,1.146754919134727,1.426529011181593
2022-08-18,8.382471706108355,52.813270034953895,1016.1470994239075,5.937545498586684,1.3675837674659679
2022-08-19,2.344547115240983,58.84956235074986,1021.0589777700106,3.8774792455896883,1.1037843610107614
2022-08-20,3.8775894065533665,44.310352965052466,1012.6940693576925,3.257068957776063,0.6015787841323295
2022-08-21,2.6127216661776735,54.06830950377737,1015.2459947670826,5.097446164259731,3.697924665143988
2022-08-22,6.814822104534637,60.469387738061144,1026.8342407855598,2.115431938012357,1.760805121557646
2022-08-23,-5.2972671503728535,49.874267536733,1017.7319658322523,1.593826028380306,1.1207184623970288
2022-08-24,3.007426016283042,70.06210350780087,1015.0082428967447,2.846406880011549,8.492480023169275
2022-08-25,2.5853445326927362,71.40346035965206,1003.4192062035864,10.241711985529673,2.2047893613208442
2022-08-26,1.3910200655362153,46.85298420763104,1019.7102601138885,6.667193957309006,1.4759317277299722
2022-08-27,7.783366656048257,69.68451300247726,1016.3014994939194,4.649707636081085,4.689206281332099
2022-08-28,-0.2008705678468612,58.66461939680209,1025.837394337014,2.9983302893400556,3.728061820036767
2022-08-29,4.636652671411032,61.86681925586503,1013.4687854330331,3.6280968461392504,3.703807610363823
2022-08-30,3.253925819870847,53.40652656878211,994.83733499866,2.8144133713355473,2.9332049274491716
2022-08-31,5.837425836857875,66.31173535383869,995.9987913117174,7.147599011492229,1.7528247339612077
2022-09-01,-0.07716203497234142,64.09952120597285,1020.3568076375973,7.826522910781606,2.9376778445027343
2022-09-02,-0.39908975697431126,52.05801231251112,1007.2980640230185,6.926875980809905,3.2612320485962862
2022-09-03,4.967349882989801,45.86430505885222,1017.367677511105,5.475175867257406,0.0
2022-09-04,2.838374563966698,43.977788365924425,1014.1423264450235,8.911622437794136,0.0
2022-09-05,-3.1851490749005382,63.47199230177783,1011.3316033230608,4.014388333734379,4.717266783151404
2022-09-06,-0.27698449480305465,65.86320636519889,1012.0363871441177,8.255566748403083,4.077955637875464
2022-09-07,2.3953935706532823,65.31196000246777,1004.3461049495477,3.8462526688393615,2.593954884026613
2022-09-08,3.648931831743367,56.99572313805454,1012.8422231110032,2.356576073366713,6.339652014933624
2022-09-09,-0.9985509251485549,48.929310905930635,1007.155065672056,1.9828610587324365,2.802917882025077
2022-09-10,-7.795988163882297,57.07724610170332,1009.277434798743,1.8065107364811412,7.583091042436274
2022-09-11,2.4282524063547903,70.30936018644186,1009.7635095529084,6.977204086407456,7.329987147761763
2022-09-12,-2.8863857700145017,56.596907239006434,1010.7330673010129,2.7717632867087643,1.9725252537125888
2022-09-13,-5.357231343823916,64.11279197872672,1022.2217345650708,1.9009134648951687,4.221899060058091
2022-09-14,-7.87774502976187,53.18236767913206,1011.7020917079531,7.14120565898408,2.530667337424343
2022-09-15,2.9898843521309937,61.87088827852485,1023.237023365901,5.983911171416699,4.523822131230426
2022-09-16,0.8667856058539368,54.989761580282256,1028.3785495132647,7.887775948537406,3.598376723442355
2022-09-17,-0.25874209157267236,70.59649818354397,1021.5494465105614,6.537798533818395,2.392306807095171
2022-09-18,4.526914829402763,65.47211964736675,1018.3446853506852,2.7406652594080647,2.079667784924773
2022-09-19,2.2177686743868668,53.93405619705757,1016.2683220948352,5.228307249405763,1.0111668568075916
2022-09-20,5.105001848466016,56.18085880229036,1021.6535870905007,5.375398972309032,4.031069254449935
2022-09-21,-3.967428665958444,56.472551932572934,1013.8936073859624,2.242524024577993,3.9765402953686886
2022-09-22,0.066184274653004,45.772575897223405,1022.845698459572,1.686125077718022,0.9449798369889146
2022-09-23,-4.716851084745862,53.78400124690076,1019.1410580528968,2.9578351726468863,2.1173683312076186
2022-09-24,-0.5869997345776163,62.27567314449701,1009.4015953921961,11.10974707001624,4.735594920159015
2022-09-25,-0.6724272278104934,63.58880859620106,1021.9585088010281,3.761767717335353,2.108540069921171
2022-09-26,1.9299573854766618,60.52050034318806,1013.9148000597756,8.698600374160144,1.1550130309679087
2022-09-27,0.1679342304448116,56.89870234519123,1011.9386799238769,3.5940184715606063,2.007734485261822
2022-09-28,1.8870256810642438,68.38715321667773,1008.2380083960102,7.666516458619975,6.738964031118293
2022-09-29,2.1171261891063224,59.57685595105621,1014.6601884787457,7.707474966673541,4.083445699300609
2022-09-30,6.466036152328359,63.79952020479529,1022.9646261541299,7.857771523856135,2.2933129466250994
2022-10-01,-0.9457510619012243,42.73512420892543,1021.8894000559304,6.163482026026876,0.0
2022-10-02,-2.819595631697501,22.185795299665322,1016.5339379745895,9.132099736343454,0.0
2022-10-03,0.7495006773539736,62.46312993970381,1018.9964364072504,6.135061908058184,4.843769937242417
2022-10-04,-2.3833713987520944,46.94402916216115,1025.7169679152255,10.140589188020838,1.8813453681577603
2022-10-05,4.486007708687275,55.6324791185258,1011.5003370882914,0.14024059043469972,1.67027810860864
2022-10-06,-0.7884390590433856,57.373249119275634,1001.8457999646979,6.0448587430004554,1.0006280632273432
2022-10-07,-1.6099977070312494,76.67900487767099,1026.0112985217856,5.849970777606999,7.501071564206304
2022-10-08,-1.29728030472234,64.64860568179724,1007.7022174796928,2.1904404625835263,2.110673222457496
2022-10-09,2.306264844104628,60.50545784593441,1006.0966187665609,6.738752665291215,1.558491223821073
2022-10-10,-0.2834825856042512,68.51165283913886,995.0380224466545,0.5297519732701454,5.236550708063794
2022-10-11,-1.6921077116725314,64.53102972422666,1018.7128305316429,3.0374470227190145,9.403022057156527
2022-10-12,5.2764586987964535,52.78500072071744,996.7854737544778,0.9972634386934232,2.4370623155541473
2022-10-13,-2.2362346445701,71.83287662483065,1005.4974119230826,9.675879550888444,4.143935698609468
2022-10-14,0.49519139451267147,48.654903023860925,1018.8823679451506,4.305351518164113,0.6351420500608178
2022-10-15,2.4059596270580856,62.02949206180658,1020.2192125240837,11.500652104448935,1.244198575764069
2022-10-16,-4.380104396074046,46.714354256673914,1006.4829585178177,7.408849779558485,0.09732159704009147
2022-10-17,2.0238347461332626,61.02752120209332,1011.6584667300759,6.344294640053073,2.858962635522981
2022-10-18,-2.5088454253199353,63.18431913038926,1004.2740547359384,3.241316917157002,1.6465697304434745
2022-10-19,3.2025005980747028,75.16329932010927,1007.5160321218882,1.86094989293774,6.821831194416663
2022-10-20,-2.071898847164071,45.38621048916424,1015.6621526015291,6.568914721690836,0.0
2022-10-21,2.980466226418152,52.50089512825279,1007.9835332120355,4.785457972181054,1.7268156954558043
2022-10-22,4.309940766540261,66.0718538824713,1010.5578495982434,0.9821890535440971,3.0421194211795486
2022-10-23,3.6711843232104666,61.51758040236784,998.3529331838243,0.4494247504750444,3.004165599236222
2022-10-24,1.939380628964786,60.83336019889264,1024.3295616480614,2.1238888125692483,1.8766462893243037
2022-10-25,0.5941773484308959,50.14155429619916,1018.1006659317106,10.462901675798692,4.149722172664374
2022-10-26,-0.33446592104407324,54.25904947960775,1020.929053718372,11.639833754033912,1.6009638734338891
2022-10-27,5.918641027667661,69.49108956839873,1025.9042532461685,5.61496744192673,4.358078685896474
2022-10-28,-0.47820585739616117,59.7240109911588,1004.7478712445428,5.4468283887238655,2.993114206858525
2022-10-29,-1.3722108698604436,64.43970239637495,1009.4160551697198,3.991038884511437,1.6931839567931979
2022-10-30,3.85773122793484,56.91925109826779,994.0516563241779,2.196543955071493,2.6410329591795465
2022-10-31,-0.4002557305034431,48.36927271275407,1044.4042291010223,9.125537172821732,1.4370681178044646
2022-11-01,-0.7316498665354261,69.70392919401768,1011.5041468468262,10.620729181691408,6.547837439772164
2022-11-02,-2.07806915942221,66.07135842503607,1023.3872789991491,2.3197427424821435,5.86232715179544
2022-11-03,0.9419943971012721,82.58537117512125,1000.6183885566454,4.751484864726195,3.585822797825384
2022-11-04,2.284295532823402,48.70203843708285,1022.9638842564301,3.650401097869496,0.0406337807113992
2022-11-05,3.407126883445878,66.52216577028186,1031.5759087664967,3.7392827754050684,2.3501750388662455
2022-11-06,5.680832847788032,44.04414391573597,1012.3971925097202,8.557724766289587,8.031335364871246
2022-11-07,4.560277448377226,59.29332695254217,1002.891185034104,1.0641153639016347,0.9729524801343394
2022-11-08,2.5631984899887996,68.48346664563725,1011.6120359905447,6.399409072808918,4.083277904126778
2022-11-09,2.700975204799199,37.92816123663553,990.7323847504277,7.184714321917596,0.6684258121039137
2022-11-10,4.989250003486479,55.45605025584069,1012.6211329897816,4.573546479194542,2.625791549941373
2022-11-11,7.44312336160727,50.64634097877017,1021.20967139313,7.679203480960318,0.5571664843220455
2022-11-12,4.174361283001274,50.893246375548145,1012.6424235562648,5.44295552161235,0.6035459145531556
2022-11-13,2.5613520929089866,62.57145047613905,1010.1586044531103,8.651389763468337,2.3836370736948966
2022-11-14,1.1667414223046775,70.62348635307362,1018.2756811611204,0.4333840852224373,2.2638859110907457
2022-11-15,-0.010465127463302082,58.6724454114401,1019.0402484694955,3.953674216979392,1.0223314940622328
2022-11-16,6.506934110355863,58.801397220422274,996.4009443749482,4.784560571446896,1.0651587304319219
2022-11-17,6.428144062563659,57.929015499310644,1013.8882296227879,3.0166221534140476,2.4947465255329098
2022-11-18,6.6154362928258,56.71031691715124,1037.3598512422925,1.7421417992643953,1.685169924607063
2022-11-19,4.689502387309647,46.76182242922411,999.6498375435198,2.559202236923641,0.3713770132261838
2022-11-20,9.491360822150526,66.33876560615366,1012.1458116716693,7.844617984470049,2.392943223377959
2022-11-21,4.016160002892884,60.94387368014191,1032.417461220517,2.8794699610561985,1.558966127015998
2022-11-22,8.535106485008596,59.681261657521475,1024.0417515654367,2.545763038082069,2.028501002333159
2022-11-23,5.756618263304475,49.05659457809194,1007.8660331922393,7.452457341968575,0.3596063829496831
2022-11-24,4.254047401550526,53.280772319332335,1015.0613537962261,0.1462680626298365,2.7230386942831752
2022-11-25,8.065586820146265,54.205864612819084,1012.9788832001518,1.213732202330716,0.6852107626095343
2022-11-26,7.7283820116852056,40.794562059668884,1005.5192819567833,3.9152230997919606,5.001812013114063
2022-11-27,7.784388580286475,39.22746245787998,1012.2574789250692,0.6568796957649337,0.0
2022-11-28,7.173757693094108,50.40564184706727,1010.2003386719347,0.7709621160210531,5.786203304655423
2022-11-29,7.035086644366253,61.70766434224077,1014.1274893807675,6.720301375063945,4.753825083895571
2022-11-30,14.535051820829754,46.201100190285715,1005.5161681930897,7.627921513737737,1.9034342989007946
2022-12-01,11.146136683188859,44.238879682498435,1000.2338179975534,7.366592647556375,4.291592483013381
2022-12-02,9.987473083219712,46.85940692601344,1012.5871922660763,8.326329980921699,0.0
2022-12-03,8.382143411067396,51.25550406301317,1030.1511821817878,8.723402960044405,0.5134840654303438
2022-12-04,11.29803147568385,50.81239463395704,1013.822029262628,1.3857706264807925,0.662352107189978
2022-12-05,10.062350440917879,76.62403930160663,1009.6840622106846,6.351235879788399,3.2239797850880425
2022-12-06,8.820710219137352,66.13585117530451,1020.5408580503849,3.411175401291324,2.3581727492332134
2022-12-07,8.066987186112648,66.21424752976095,1011.4168038740462,2.7577272620286917,3.3357281119655022
2022-12-08,8.972296893357823,67.1996551960549,1031.680329249591,6.681243896626116,1.7771196674830263
2022-12-09,-0.05714535099426499,50.040363982156634,1012.9608749070492,0.19088643968725538,0.9674524204795943
2022-12-10,10.326660685247344,42.61302350750394,1020.0049706315816,0.25332581761696016,0.0
2022-12-11,8.47172826575722,44.69543295178082,1005.4539561760673,6.9007182322451515,1.3355517910295682
2022-12-12,14.958965069463176,65.8655787986468,1018.0308925333666,6.463358052532694,10.00867391199219
2022-12-13,10.484213842590922,49.28597518987963,1015.7509347694375,5.410197967614531,1.3867872176143057
2022-12-14,7.105873248185967,43.93350155351415,1012.4349387534079,2.3602597858305896,0.5025054934593087
2022-12-15,10.770987174604068,50.30454441049983,1007.9824223883028,7.2314889037463725,0.9489570717426816
2022-12-16,8.031337318069664,53.5982760238189,1006.6196983434762,7.040908676181427,3.433589777355414
2022-12-17,12.84013075704815,56.26406735842155,1015.8235266397966,5.255913545142363,0.7758127330759039
2022-12-18,12.544019397955955,56.23750050814245,1019.2893910969648,1.468036876190686,7.050060212963055
2022-12-19,14.796951395295515,44.31971866361717,1011.7283720370586,3.7242549628114796,0.5142593700322139
2022-12-20,9.803953977267646,61.95458693650329,1015.8726792912079,7.513501032573329,1.9483416669697378
2022-12-21,12.532627125962273,47.34175109951728,1012.6208532186723,8.98157366840536,7.038739190612923
2022-12-22,8.590302303755879,54.14208548107163,1013.9852602490539,4.020390189871015,5.908170993735219
2022-12-23,15.045302764075165,59.34508932299597,1010.9955501732278,4.250981096575213,2.988585617032512
2022-12-24,14.753492867830076,46.20503952664155,1013.1797257936831,4.5149326759248165,0.0
2022-12-25,14.94088960137118,46.83604096350303,1039.9804045681742,5.824679026732916,2.4445068353850883
2022-12-26,13.715385113009123,59.058987940426746,1016.1163429880743,3.2567980998199286,1.723512364763629
2022-12-27,15.212282270331563,43.81652709878402,1019.4529695843104,3.6825551727147516,0.3646146996539835
2022-12-28,19.038722316576976,46.6327186056708,1017.380236053281,8.57830700494129,0.008985944017248282
2022-12-29,13.62839305453277,58.74322525316254,1010.3718317670294,10.384066841487648,2.3567217114189964
2022-12-30,15.157735208792724,72.96205680996339,1025.9398921329166,3.1628004211828626,5.025683174022456
2022-12-31,11.74162110245578,60.18323449639958,1010.0883622957366,1.800039893243678,1.6560116389968478
2023-01-01,12.653417457542524,58.399688901128854,1023.5505454894255,4.588698432829333,6.424993722377102
2023-01-02,15.809764053621109,57.40313380991674,1009.6579300193355,4.437488348813681,1.173485717044917
2023-01-03,19.086095648454528,39.72504943510224,1003.4002748085596,7.986555731488878,0.0
2023-01-04,15.263193929280082,53.52437042215904,1016.6539620823619,5.163918324935113,2.420131416212789
2023-01-05,15.581722393125327,51.91147392007332,1001.953316438979,2.6221315088864503,3.976324352433602
2023-01-06,15.325869728198397,55.552910539628364,1018.3564022501661,1.044771648325853,6.676168001914587
2023-01-07,15.198850660957321,53.56565519428005,1001.0584134390868,7.596902554459021,3.2714676106375986
2023-01-08,17.94409594882544,54.82494879975841,1009.8099196952714,6.798533723492749,0.9279072027073036
2023-01-09,12.822859374428283,50.47389836379384,998.6827030347525,8.181679634275456,7.650248880038229
2023-01-10,21.412215892722347,49.87998122735676,1041.2416700940273,2.0954397478367186,5.025401803899069
2023-01-11,15.82713375326028,39.80814746279994,996.4604044038368,10.515310698584987,0.0
2023-01-12,20.242277954343713,46.679788242799006,1013.0981374039641,0.23108352117171105,1.3044285606267638
2023-01-13,14.518826902880853,66.648922030326,1024.4330427433001,7.128803064204439,3.2865810595144502
2023-01-14,20.586611881727908,52.894777455418605,1023.3638590858702,0.7287483015907048,1.4581880653193293
2023-01-15,20.8461332501863,49.36772300107608,1021.5134212217314,2.6290058549045967,8.242584535466282
2023-01-16,20.231978579029274,68.84524347302883,1009.8277161177853,9.683068791343878,2.0074715655192104
2023-01-17,16.343950927809757,38.219674753084334,1026.51088946337,7.494092763427968,0.7954416603001819
2023-01-18,20.322462938638566,38.74421297621852,1022.1339109080218,3.3613387535384542,0.0
2023-01-19,16.2698763711823,68.99217592717157,1015.1229961766047,3.443488871534935,3.397938307073643
2023-01-20,19.304553728623144,50.807332496177764,1015.4058075772659,5.301866332506326,3.1066334820887596
2023-01-21,23.393381135511554,45.87747906934628,1009.9607735238462,6.542422972282168,0.15440251850495068
2023-01-22,22.935973924572323,36.53996978675741,1003.9034797416696,8.75473814804809,0.0
2023-01-23,20.830499921275408,54.061712703312416,1025.3715097547872,3.6312979861745163,6.428597208704195
2023-01-24,18.097900110321067,56.39564864011409,1026.1220799360153,0.16464480953839544,3.506175279290545
2023-01-25,23.19466717570733,37.45772280379737,1004.1589085897008,5.47090588114628,0.4464186723084229
2023-01-26,21.54977760135054,47.82235534382045,1011.4621483485381,3.6277074874748156,0.2842863288509805
2023-01-27,14.762493331414888,49.2635950139619,1011.5657678354107,1.0980988857546583,1.0341926512608826
2023-01-28,24.30114354249232,50.40919969294155,1012.6734409625969,5.893006745938383,3.015903248802964
2023-01-29,22.10830910012775,37.753343027729684,1013.6429487858758,4.360658737721632,2.2109744814259766
2023-01-30,26.013986996348876,59.512481046957134,1022.4686146164618,5.919536619409383,1.5122802523967014
2023-01-31,19.344252601253153,59.48611151534947,1005.5278269151326,2.316667399438459,3.1183862249267786
2023-02-01,13.321122670895253,49.70768307722422,1004.5365300848734,6.460131590976496,0.1704155907251778
2023-02-02,23.907329148110048,45.88214830956126,1025.3661974214297,1.0487054097350645,0.0
2023-02-03,24.161220727560217,46.55516813344373,1008.373552581187,2.5168058309102506,1.2466471989738122
2023-02-04,18.42851146154741,43.00265873916126,1000.3696464642294,4.271257306738167,0.0
2023-02-05,20.776505464207197,45.17745308554605,1008.1487005790013,10.225455244879143,0.0
2023-02-06,32.18655353557116,41.20401955546833,1009.69947264756,7.354476105645482,1.7377972433524433
2023-02-07,23.210321209265484,64.52352310243853,1028.5496272772577,8.23157751280337,2.830561389811927
2023-02-08,26.52357815574166,56.204394005433535,1022.2482621237674,9.251231100029432,3.8024276100842673
2023-02-09,22.57950503124751,58.05679455774248,1024.4752061663223,15.80849640743262,2.9866358146862235
2023-02-10,18.45853471896525,54.46998877056127,1021.1997364234678,5.124767202675302,3.0642211491839513
2023-02-11,24.413744533246458,36.619857644064425,1022.4624367161531,9.261202769389566,0.0
2023-02-12,24.319840601635867,47.42516865340828,1006.1191787341968,8.037905763205824,0.35360028834472285
2023-02-13,24.10615679234989,57.651806199958855,1011.0139784464651,7.988097509922577,2.6021413351838514
2023-02-14,25.147952399255527,34.843377506699355,1003.1008468697645,10.322718854120543,0.0
2023-02-15,26.467654149163533,53.13170499415087,1010.8951196946297,3.7420609070465707,3.6924296811684445
2023-02-16,25.404309720677265,70.52393739228903,1019.8410499093474,3.5039449281908617,3.5325366221409356
2023-02-17,22.23923684061769,59.49854803958847,1014.3458328481224,5.959296540445584,1.4647812166585532
2023-02-18,27.663135690134148,60.3087235105528,1026.1148081896029,4.451900684234339,2.9934282974912882
2023-02-19,20.526471861211167,51.92015157381603,1001.5858420777278,5.955502558994519,5.994159224797481
2023-02-20,20.390150031406463,59.48424447194667,1018.0023835069824,9.688246355159034,1.1197466105812157
2023-02-21,28.921979250166334,38.360478231376476,1000.5169719813068,3.5655598318811648,0.0
2023-02-22,28.38524566775773,53.7660152895334,1013.9417646917365,4.085963112218809,4.090338915175016
2023-02-23,26.84823022739804,53.11976622690862,1020.4033342255648,5.522933010579731,0.5441315973286848
2023-02-24,22.9867403708452,51.405741554954034,1010.8549743317578,4.315044721924492,0.22091725385885486
2023-02-25,25.198415477513986,60.56086645842799,1018.5112660408696,0.7420174840404616,1.9112951497137547
2023-02-26,26.679319152427606,41.27249204531231,1003.4026766516706,3.259617071903181,0.38461359723951805
2023-02-27,22.821594178794832,46.71862774586595,996.3631002180362,7.062119726712513,1.3572205676309728
2023-02-28,25.530170398843218,48.18953521416136,1018.570296224878,9.312640252797939,1.234664084320781
2023-03-01,29.838450388667084,34.78466509477245,1030.4401023407572,1.5361442973868198,3.3664081566138164
2023-03-02,32.2937614138116,46.12243873109667,1003.039550598301,1.5221528023074713,2.5400474827517123
2023-03-03,26.88007131918799,29.370660210867534,1025.221941801068,5.090701408152007,6.183820651297953
2023-03-04,30.530477712098747,55.20430648823272,1013.4342340881641,1.2267851946335107,1.8146968505526193
2023-03-05,22.637539985130825,49.147603673094245,999.6430847830692,3.6650893910386175,0.09095799757644979
2023-03-06,30.472816768124485,39.55466257690012,1001.6849469864784,0.20812617865418037,5.181376122620879
2023-03-07,26.193361947857095,38.55958290312024,1013.1578477336064,9.107183899527396,0.0
2023-03-08,29.633956672903913,42.83723136735617,1008.955377120759,2.692006536948787,2.2767990411888324
2023-03-09,28.07131206103039,52.84694107720894,999.8708702324176,9.95850255901708,0.3482576334880658
2023-03-10,32.874367283039454,49.04020614585588,996.059607187746,8.340564060375018,2.7683972627231337
2023-03-11,26.38425148732412,39.75249478355333,1004.5328067207349,3.0610481069077498,4.534522553184367
2023-03-12,30.980659761813925,36.049273392816694,1014.9380900833112,1.7841210894617676,0.0
2023-03-13,28.345423421517538,52.396275352437705,1012.9359924739687,4.419362752497234,0.791041921904402
2023-03-14,28.790931310398314,38.381060298650546,1007.9876204249992,4.686060127225391,0.0
2023-03-15,28.791960719400954,46.203117381094565,1015.0188719429149,6.038440831857204,0.9737480725327348
2023-03-16,26.879927444602174,47.79758270294168,1023.4002671986269,2.670370131409463,0.15455600520779625
2023-03-17,29.44380216710281,48.398720233715984,1016.9412651043415,7.2391846205666095,2.074995203310034
2023-03-18,29.363014161407143,53.90119722111515,1011.7869132861042,5.795984164999698,1.308966858077719
2023-03-19,30.335227572806495,32.20275684492352,1022.2807200666069,3.978814529852408,0.0
2023-03-20,29.92124055966344,25.927786467563408,1003.401496977837,2.8638780337459306,0.0
2023-03-21,32.113580702910845,38.26873683626106,1010.7508046044464,4.445345050703942,0.39121303307189237
2023-03-22,32.53763309942349,61.74646752861012,1010.9891206439963,2.5492962445172918,1.4807865596180414
2023-03-23,26.658371670426394,66.89255516566058,1000.6304674155715,5.175316084650762,4.1496383304719835
2023-03-24,32.45530492808261,62.084118891617564,1008.8012583771564,5.256316055659729,5.498670506774664
2023-03-25,26.324323859939422,44.90802439242339,992.250403191047,5.785121850429018,0.14222647653932663
2023-03-26,31.676836267822484,26.34043104624047,1032.1217804766295,10.298727229015562,0.0
2023-03-27,31.798001296316293,20.670608335323443,1003.6258621156369,4.602665840901283,0.0
2023-03-28,24.225923921634823,41.74665642368847,1028.8611413142132,8.013793601373447,0.0
2023-03-29,30.255469056921694,42.89152917004555,1013.380845057195,5.688762190927105,0.0
2023-03-30,28.583261828514306,58.71462309630243,1018.6486413215596,4.285267094304638,2.8026512724517856
2023-03-31,27.720231755892236,54.81793871747834,1008.1120020164907,4.642522190146298,1.0300135024943506
2023-04-01,34.052418088139866,45.24784174584627,1015.0792969196167,4.823520772495849,0.0
2023-04-02,28.037712457908814,37.08269606163418,1019.5048963998844,5.839303123184649,6.6993768695492015
2023-04-03,27.57406342295621,36.60517270607299,1019.6455241439418,2.1220377043430902,0.0
2023-04-04,30.210280553790785,47.436136593818965,1020.7477339007436,0.6039788496650988,4.418863213552061
2023-04-05,32.025526651876135,50.9577464624592,1009.3166728996082,6.962892180422826,0.4883367620413588
2023-04-06,29.524937768282175,49.15634373831476,1008.1964032750865,7.694371497743777,3.333898200832123
2023-04-07,33.42569130351822,32.94117475217434,997.0582367473239,7.236907498408408,0.0
2023-04-08,31.491779724903488,50.760786425469114,1018.2321901117693,5.464916055669418,0.23978934133095875
2023-04-09,23.332077000707528,52.59307117066035,1023.8237871132344,7.301673882359866,2.9048595401615662
2023-04-10,28.24176296296408,35.17245445661617,1029.1598167991792,7.140287078051427,2.969852746956618
2023-04-11,28.103695951402358,38.104942321296264,1016.051726345805,7.362888076864865,0.0
2023-04-12,31.181981139988004,51.29396917562166,1005.3352022709144,2.4213775359736593,2.715662565088741
2023-04-13,21.819754205560017,46.74504754576108,996.0290385671054,1.709144608536107,0.8522683519238854
2023-04-14,37.28718738563869,57.24787932354523,1023.4166673308335,3.834292259743188,3.5285824701226307
2023-04-15,31.17485123411855,49.42386714358649,995.0372343322247,4.947847671372034,2.445409855296978
2023-04-16,29.965697157114036,40.15083953955029,1009.5939592225624,4.2742366186031315,0.0
2023-04-17,32.99676137771967,43.399563307230835,1010.7569317205636,0.6300709940136269,0.0
2023-04-18,36.41172941324732,42.42796921975352,1012.3054486214899,10.165077836405427,0.5164336167288472
2023-04-19,31.917454883221893,36.75736942597195,1013.3580260003584,4.177862033342794,4.099677850483378
2023-04-20,32.071862989597435,34.838186523425016,1014.3814755636757,5.518113249730861,0.0
2023-04-21,29.53348722424946,52.24715532597027,988.8463673792147,8.733646972289176,2.2071399807199445
2023-04-22,28.62864293433063,54.13841150325564,1013.1465590987012,2.034916808563615,0.4381558453120699
2023-04-23,27.53347263355499,52.271078378752094,990.7042442588812,3.4649183842648634,2.7106435623515455
2023-04-24,26.386024857752773,61.960168514361634,1020.32218073091,3.838648179260587,3.0439987705562706
2023-04-25,26.702712091792414,41.23091159398777,1007.4487484419639,3.9910698636480664,1.6363954287237252
2023-04-26,24.607401558384296,64.43900688151916,991.4296327477665,4.479540227858141,6.144525206368071
2023-04-27,28.322722682815197,36.82942747305087,1004.8579532261463,9.341404395334534,0.0
2023-04-28,23.38358662934447,38.181351051642835,1007.2992466081535,7.020376627181667,0.0
2023-04-29,28.89360941187353,27.953606472570733,1024.9069961755501,7.874105805886488,8.731623822331125
2023-04-30,28.09119123547601,41.49645124399383,1014.9663774175025,5.141360815432772,0.0
2023-05-01,28.51640067579989,40.704576293805516,1016.4444494435058,0.8018808615634967,1.6208726210528779
2023-05-02,26.380737210688693,52.06900419720216,1024.812216342206,1.2390911054380211,2.7894209350053947
2023-05-03,37.04541365678892,43.91620258781005,1012.0385571207551,0.41177683030510703,1.6892878134528981
2023-05-04,31.759083560836892,32.19072450939018,1020.541879610324,6.079297112498058,0.0
2023-05-05,23.805254691025386,44.17011027022913,1019.8386111393199,5.0953091380929045,0.0
2023-05-06,28.09391724313934,42.238421167553476,1000.1353050643058,4.369509057331977,1.4191140558096444
2023-05-07,25.42405234287677,29.528151358942694,1027.7298357762984,3.89426927977959,0.0
2023-05-08,24.05376001469193,38.16365272252034,998.7969821992931,11.03516472632824,0.9832018710112658
2023-05-09,22.922526743367435,40.83060032217539,1022.1736664947784,2.5312892270705767,0.43968862771307937
2023-05-10,28.08139789845848,60.295551248980225,997.8292696309437,7.783458368348176,2.0071253051253586
2023-05-11,24.57911991529689,49.62494720192508,1019.0123678815168,5.005738808062982,0.6765085736359051
2023-05-12,29.361807263933752,51.94078390750812,1031.6191487815017,4.817181464642009,6.09089555226896
2023-05-13,29.271349056571445,30.377970500222162,1010.8702134344979,8.529912645850231,0.0
2023-05-14,30.240073318363287,56.82210817095827,1010.4364435714685,9.387591148074334,2.329870771438873
2023-05-15,23.386203013075,61.317919123703426,1019.1043999931685,4.281351629345485,7.093719039479092
2023-05-16,27.19125053721546,26.420925059946008,1009.7060354403745,7.3976081577264265,0.0
2023-05-17,27.481116801534572,39.20627436007423,1031.1827870374282,6.091674086450162,5.253807550746851
2023-05-18,23.97668387799277,52.96931379115872,1014.921922494587,5.022311416429744,0.5218510036597704
2023-05-19,22.896285269976616,54.99574190039351,1009.7983049177927,5.612764827971078,4.24950374840112
2023-05-20,29.84951996053092,38.29029271486232,1007.5971447210432,2.935973555465487,0.0
2023-05-21,25.509832985332437,44.190088876797255,1003.6705152982698,4.081701820006746,2.7456097394057943
2023-05-22,26.538723950683668,40.75682741420673,1006.7224501324251,3.258094160741881,2.9465261711248947
2023-05-23,21.965214183453732,50.121573377734336,1009.493266063414,7.704130149286758,0.6456593877568861
2023-05-24,20.571415599883334,61.68607751467746,1008.1236092650142,4.714396653376813,2.2199131469849966
2023-05-25,22.31601162489751,41.131572616139195,1006.418247258629,1.1068579261548845,1.7025163855678498
2023-05-26,23.444714622217106,58.28584766657559,1033.9884123035245,2.829688330510736,1.0372083002252788
2023-05-27,20.41392399811282,41.97631727747471,1002.6990492351051,4.597793935636535,2.014985996219295
2023-05-28,23.3643045102015,39.84157561993041,1014.4663258764617,3.5165221943535547,0.0
2023-05-29,18.113091013904267,59.12940067648,1018.9252100976087,5.112935195291448,5.830382639199147
2023-05-30,19.600808455019383,59.41895955256648,1019.3010799558373,4.591592453399079,1.588761222438225
2023-05-31,24.75366961006842,56.137264562592335,1012.4139292421753,10.940463054594177,2.32788112283555
2023-06-01,24.32999876252032,34.67702653655843,1010.592974281527,6.72471812274511,0.0
2023-06-02,21.11846031046975,44.78126006404462,1017.5154749123951,6.591355559267452,0.10615936056231778
2023-06-03,19.014099687877096,58.722836076094666,1015.665216499782,0.07019289628916603,1.9071619763509735
2023-06-04,18.756389748048846,51.03722353161452,1010.4104116523249,3.906073837648602,1.4388717822327415
2023-06-05,20.487977027433484,39.019083024308614,997.3812142827556,3.5400115780289134,0.0
2023-06-06,23.308560574479188,52.928899104014825,1008.3207627766675,2.641756403575976,4.683147183959912
2023-06-07,23.925076456267295,40.88938918195165,1001.5344983629254,2.6003580034599603,0.0
2023-06-08,19.414258943401094,68.23811901222157,1006.3284044993368,0.4243688618248713,4.795462928992884
2023-06-09,17.205142200105122,66.84584352413003,1013.3322323851696,1.1724403859560146,2.956526666176062
2023-06-10,21.229236874545517,55.426355826282915,1016.5873614399661,7.622280208294847,2.026806398594472
2023-06-11,17.713579778183455,64.75327715860601,1030.804527512924,4.571255924020453,1.9423860049409214
2023-06-12,18.38636931678435,51.45472884284163,1007.6259362109619,3.480792745176998,2.015239654016402
2023-06-13,23.672433885348514,55.8181580010759,1020.7462563527515,4.983765996041876,2.1228742683383555
2023-06-14,21.932038574799662,63.811183665620916,1016.0596002443783,8.502172036103453,1.7399373444155497
2023-06-15,19.677383064742592,52.61629528557183,1025.9599767063978,5.012631562627357,0.8055593390389576
2023-06-16,15.139225387581936,49.8785155910662,1018.7622871959562,6.621122392793113,0.12634514300593247
2023-06-17,19.33952240962601,33.28401921341583,1002.9151857271369,2.460185472835228,0.0
2023-06-18,21.642556925821765,48.34738627987418,995.7695397070877,3.1441101477598425,0.0
2023-06-19,17.075912734300335,59.69627547847295,1016.112616996675,6.061930655191026,1.467766855578953
2023-06-20,22.00343561686379,58.454616467244406,1007.7154900209961,10.677961125011342,3.122214004312661
2023-06-21,21.574734654438057,54.256283329965065,1003.1968625404941,9.289324578544623,1.1858529447852582
2023-06-22,22.43330369050818,43.37035720512351,1000.3242229546693,6.748484208368417,0.17636948531707852
2023-06-23,18.102717333392185,31.180425643828006,1014.6097549758715,5.454301280482155,0.0
2023-06-24,18.693397761206757,45.701150139349274,1028.0770769931337,9.203208066881512,1.2836633680278924
2023-06-25,20.9174469718187,46.49782780355114,1008.9132765429396,7.384034969135372,0.48732012377668743
2023-06-26,17.760233058464912,47.99059379886741,1018.9027031107532,1.8809860671119836,2.0550394396898435
2023-06-27,14.657094865131308,58.85701613721359,1011.9773364978241,1.8382074564343336,3.5911072210786874
2023-06-28,14.557570650903312,72.57797878469674,1000.1061791089661,6.014420976073795,4.015271824105856
2023-06-29,16.360998356389178,53.054792840216344,1020.3481134351042,0.36090269665291697,0.9515991570807543
2023-06-30,11.51559233756834,52.07488593965122,1002.0530795597263,2.3072329857294136,1.6285139753415194
2023-07-01,14.699328207237752,50.058117766340196,1013.2162663059356,2.9005551690260774,0.5863313729879365
2023-07-02,18.160536401360442,52.16357946839692,1009.584795849947,4.2315022812624985,4.880650145606443
2023-07-03,8.03896184309717,47.69758147496742,1021.9307743456569,4.137709375321377,2.6779262045560555
2023-07-04,18.95811281031559,51.72292918230276,1002.4184900752931,4.1326387184995195,1.5308047670002145
2023-07-05,17.463923495622588,55.7761616155067,1016.9086990780196,7.4759225517209416,7.30872515985001
2023-07-06,12.459908964006623,55.866906153741574,1004.602025926513,4.204328403648397,2.169337508322962
2023-07-07,15.212121236357438,56.9693587218691,1007.8889478767121,3.8461096037862985,1.4935240658169975
2023-07-08,13.334558073893565,57.67019705653857,976.647997724599,0.9524836875694511,0.9676933518691533
2023-07-09,16.758748443527338,33.90165895577189,1033.920985716179,8.073038605957475,0.0
2023-07-10,15.761061474511706,58.48817084669818,1018.5055693282624,2.9855074581575414,4.787003264409702
2023-07-11,8.357682636373225,49.11101022518885,1005.3265251406184,1.7389090159961746,3.941688138449771
2023-07-12,14.0652884545091,42.00896414270587,1001.75344311667,5.639271724606913,1.05644457541635
2023-07-13,11.433023092166614,43.23897017536673,1008.0435124712066,2.6991762128508117,0.3237948750921107
2023-07-14,12.045683979957362,58.31257411474661,1020.1687953481945,3.4221417806171175,2.932595566688711
2023-07-15,9.360899243631373,53.09380110593579,994.0791507441508,5.775380522957207,3.181529119203275
2023-07-16,16.539078500148477,34.91077291007166,1011.5841558070566,4.020552128661331,0.0
2023-07-17,14.16520306878762,57.69777661752902,1030.7064187246267,11.934828125901904,2.063275197937635
2023-07-18,8.577226380092858,41.3153055019653,1001.660536640322,4.775514370042406,1.4142547517790316
2023-07-19,6.545475890166951,58.12547564009863,1013.8038503876365,6.853514656637666,4.998048691885218
2023-07-20,9.146376493029056,57.811801010216016,1035.0330981525776,0.8250821424788359,3.9121214698883393
2023-07-21,11.362380704905965,63.17458046449747,1019.3215162969077,2.4180526042558097,1.3627497707840361
2023-07-22,10.536432841777671,72.54863144377968,1014.2592382048546,1.739258915249863,2.5204918011529713
2023-07-23,13.333692513358217,39.686390484315474,1018.06636454909,2.1368608300921137,2.8002687522648193
2023-07-24,11.704139688483089,53.62319159512796,1008.991346649903,6.2466139815110076,3.9517206772183195
2023-07-25,12.004852927411724,51.234220585851965,1025.9963128530344,8.10669520333223,1.1081063371352595
2023-07-26,9.840226819596996,59.417383449811126,1009.0066997709979,6.033891513903533,2.6972149941371844
2023-07-27,4.457098709823721,59.92813835442432,993.4081839126402,4.320066129301073,5.718439299288397
2023-07-28,7.8051226413018675,52.57197625198287,1009.0869689605954,3.1074348838627417,5.108029643434906
2023-07-29,11.341668817099112,49.92014370534189,1003.332654701233,8.340799253559528,3.048586125833046
2023-07-30,7.778038599318103,44.94647214850047,1010.1880598780257,11.213766362464586,0.0
2023-07-31,9.215180499240887,65.27102557444465,1010.4091594091936,5.405167114351072,4.147865164586514
2023-08-01,6.525127852574967,61.32947788970781,1024.9742319980492,7.8180891922147175,1.3461112718431487
2023-08-02,4.169628589136676,67.09286768338303,1019.9529272666439,6.030111049386425,6.196758332644318
2023-08-03,6.669017085432672,53.56153009252853,1015.6326548757539,7.266514719396768,0.6791890552876025
2023-08-04,7.7485357509882,49.5573774375616,1012.970545886674,1.5063596656696507,2.1272205346761517
2023-08-05,4.639097905463025,46.89730038097621,1002.41141991142,3.535591159573628,1.5741950673465068
2023-08-06,5.6862822468651295,60.746034713974026,991.1882476233433,6.186408320136752,4.074870741588679
2023-08-07,3.364831489654952,47.91965200989018,1014.1316001139278,8.637472832245937,1.396004032769706
2023-08-08,9.333373804318448,73.81994378750628,1020.9464120357366,2.545597335086976,2.50482321867385
2023-08-09,4.887363727785982,44.47989232517261,1011.9166611675541,1.0998973331203805,1.895294638324661
2023-08-10,9.926824416441033,57.773188983904504,1007.651456772133,3.5052067206762527,1.7435924723917204
2023-08-11,9.955422853074271,70.69083564560073,1017.6450216521421,8.03039214304475,2.8412469407739795
2023-08-12,4.929516747698493,63.52613921878884,1012.1666779937565,0.2483132267364514,10.929249978098754
2023-08-13,1.9536958391549515,60.77988920534032,1029.8574419197396,1.4692403236052476,2.8631361882732698
2023-08-14,-1.4692947753552499,51.04981091805867,1025.3272834206828,5.467755758153336,2.585695088219927
2023-08-15,0.18467037761496918,46.08997292551548,1022.5950805702333,4.652086241715608,1.1034697859730342
2023-08-16,0.29474137369635933,67.55313040232768,1020.577341142099,6.783399444659683,4.694427133204052
2023-08-17,8.370255177245092,70.87634481912691,1000.0983258554854,1.3138197186632627,4.876874210194558
2023-08-18,4.404110450383524,53.40944487002652,1019.629937020526,4.025064217493997,2.4818463186300757
2023-08-19,5.050483409547027,46.08414321906298,1016.7632595764658,8.585556207209294,11.79590633223979
2023-08-20,-2.9512654397855016,36.89393841440257,1019.0642472839116,1.4213114190896485,0.0
2023-08-21,-0.05222847950992726,50.21846580312958,1017.9260948681306,9.430736888930806,2.4715065236485527
2023-08-22,6.037978708833253,55.844442220592974,1017.5276258784806,1.7977490423339333,3.781222204493917
2023-08-23,4.0755745109670425,73.95344515288382,1040.008664695496,7.548144732132833,3.338665588308446
2023-08-24,2.615641207203977,65.42351631872769,1012.2381433004808,3.881124469360623,2.7642883225967174
2023-08-25,4.597327880986198,60.75219010657443,1022.3633738082933,1.5652752270830703,8.033575758310448
2023-08-26,7.659322646718708,52.16914206362934,1008.2901018973599,3.5093028585422053,0.2825619552300712
2023-08-27,1.9415596285302072,53.19756301317534,1020.9064158388767,6.634787564536982,1.1365821605359827
2023-08-28,2.6692272166946607,72.7218623667323,1022.3931989023246,4.9794380152955275,3.604079082670842
2023-08-29,2.899054895897964,60.557857959634916,1016.6442607713535,8.355408234330032,1.0587179304049872
2023-08-30,9.361496359574573,34.293244901002495,1029.692469423765,9.307220182804645,3.017112450963441
2023-08-31,-4.245200714005749,55.38720387803045,1004.1572396363958,1.4509080040464486,1.2131497327140954
2023-09-01,3.9740742637265987,49.43080255042044,1008.1277905833177,1.231192565268965,0.5390968840915854
2023-09-02,1.4554101941197746,53.80965481116546,1015.123800860235,1.085618679137475,3.81419001814855
2023-09-03,3.3794553391101436,63.939378933295785,1021.8080685348423,2.3024117118559424,2.045351715605892
2023-09-04,-0.40970702300780637,59.13040469356141,1014.7942952129494,8.312643562459233,3.056723716866465
2023-09-05,1.3027678725543872,58.57996199368619,1025.8575903651056,6.681085852000205,4.304364780995984
2023-09-06,3.475162286983242,71.39715046976075,1006.3831012903368,3.364917281232705,5.2847397834485905
2023-09-07,10.574976212240623,47.7479009960128,1001.5942151051145,4.966692228131497,2.8208586328235996
2023-09-08,3.559747735309814,76.8621213912186,1016.081283365365,9.212916515497817,2.871841385420889
2023-09-09,-1.5050557596612157,54.03945196611975,1012.228197238863,10.72403255293736,0.5703757629653575
2023-09-10,-0.324499240499583,61.0542315863755,1018.4286372035822,5.778153000328406,1.8382101507890503
2023-09-11,-0.5016594760078714,57.438793783976266,1012.7259770913349,2.977843552142196,0.8170992197650262
2023-09-12,-4.612353218072619,63.54036794404592,1009.5998020937654,5.891861284279919,2.742050840718975
2023-09-13,-0.2954855245609934,64.59366271301178,1012.2506242827627,7.804244388624043,2.4636996008498917
2023-09-14,2.817719990655788,62.92949240556087,1013.2884889479318,5.673896947568226,2.921437248502479
2023-09-15,-3.274754585692615,54.10620398664051,1009.9501870015167,7.179544756204351,1.1205119601843627
2023-09-16,3.6263812077908146,46.957662621628884,1010.9686795367658,6.071196123381153,1.0258733313877462
2023-09-17,1.881551513817097,84.09094215214856,1008.9640666301309,1.2960637475544043,4.224263217663893
2023-09-18,-1.8428582253986359,56.08158571669378,1021.5666511986941,2.341284699909612,1.0425016409426835
2023-09-19,-0.11879428669589343,67.05152153006782,1014.9402100450579,4.036543438609531,3.801180707359732
2023-09-20,5.051067143223365,41.39805332315635,1035.5675247216877,8.196244334715054,1.3780633912559583
2023-09-21,2.411421191060143,55.998162205423164,1014.6070455127846,2.702347795038138,4.1347113597143235
2023-09-22,0.196187111209338,58.6299126045709,1007.4914252967134,6.367707899502941,5.017906812206674
2023-09-23,-0.5797609107847725,65.01803115467071,1039.7067537486307,5.91107778176359,3.939718177900353
2023-09-24,0.3309744723437642,32.609971353908726,1017.1362637771433,9.75859179523739,0.5872865099037967
2023-09-25,-1.4618703403373716,62.39234130095199,1022.9012478689282,4.874960665611757,1.3559243626640087
2023-09-26,-6.264132043469594,51.63465146805587,1018.9210298320249,0.26427525482877545,0.39603675422194895
2023-09-27,6.157776318623309,60.16456895263759,1019.2301102929775,6.940611394690334,4.365078785128459
2023-09-28,0.48277926382270153,49.395318399707016,1018.3565405135247,11.414165634902014,0.46994171090342474
2023-09-29,1.2012475850572513,50.844549248215564,1001.9791543522393,7.137150034599369,0.9632177418322017
2023-09-30,-0.17247312945179383,57.34996046079321,1016.6752904756141,2.6370152245687786,1.0489993513045968
2023-10-01,-2.205211498216615,50.57931105307635,999.7513869614976,1.7541623624631058,0.49213470575429086
2023-10-02,-0.5543009725446759,55.521806018918795,1011.2563716358746,2.141093499477784,3.539202557273689
2023-10-03,-4.786934455178186,50.459709542155935,1005.7438254343672,11.009935641146138,0.653213464239776
2023-10-04,6.85472817682645,38.2409313945995,1016.5747018584873,4.018017678435692,0.016261002434948546
2023-10-05,-3.6634105918895212,72.01127582023835,1016.3412624733824,3.012069818515917,2.5301019550068573
2023-10-06,-3.0346837937492266,48.55685496863533,1017.8114589076519,4.5246900676183,2.121657646621394
2023-10-07,-1.2340462165684798,58.830214232204405,1015.8729657274909,4.049278854182894,3.488912171868697
2023-10-08,3.9808940332881466,65.53846379829378,1006.931746582136,9.70295107936251,2.4517160829106794
2023-10-09,0.19453957147766762,53.75328918910074,1010.3899651064833,1.956567526951091,3.447208027878916
2023-10-10,-3.5186490240011827,53.50766551454521,1022.2039616125448,8.54192969498134,0.899394605106626
2023-10-11,3.9959078309906344,60.2644269711789,1023.678566772944,5.366276289353254,3.381129514466744
2023-10-12,2.473404826282305,69.94263581413037,1001.5321690137345,8.621079540283056,4.6126678787387405
2023-10-13,1.9475797490645075,47.33305747460306,997.6907236748735,9.747857131202153,6.658858498988745
2023-10-14,2.535695895926212,57.2306737318625,1005.7311061679529,5.254392901739285,1.2518363100839065
2023-10-15,7.632126873974746,38.85899061333936,1023.4520758203225,4.054809171202503,0.0
2023-10-16,7.069185620285511,52.533397153035345,1025.1488403018304,5.1985364955953095,0.8637706168160317
2023-10-17,-1.4770927870943975,61.08059323892795,1003.7528811959883,4.715687983984605,1.3702416608699273
2023-10-18,5.528132579554869,48.68968729267191,1016.0730935373634,0.02910063278381614,0.2408914152261869
2023-10-19,1.8836568248493963,54.48825324932299,1031.3443133314008,9.65744112135522,1.262100450829823
2023-10-20,2.313341637006106,44.76106149842245,1017.1531147724033,5.737355052143571,0.544945547748253
2023-10-21,-4.174653364058415,62.85811279584414,1027.215032852331,1.5107024448468378,5.966888394106085
2023-10-22,0.4812842714915345,70.31630035308574,1022.987265700831,1.202569960595226,2.4669864909383983
2023-10-23,-1.3515960246976428,49.704359314644186,1003.8980129377209,1.982797698791047,7.104395138667564
2023-10-24,3.6696071289304064,51.93847877001097,1011.1001857650292,7.31144131006251,3.5169236769724836
2023-10-25,4.501321678428409,62.77480162532761,1013.3475447829185,3.143067294778714,5.542681986631606
2023-10-26,-4.828666245088476,74.5352403157716,1014.0413338802134,3.6352979956846,7.756220857217081
2023-10-27,1.4394323632035384,44.34838569630892,1022.1632895343857,6.4644627936164705,2.233526421814094
2023-10-28,4.985864317489526,55.81922046709574,1017.0868476227541,3.4518555316946644,3.691630521653404
2023-10-29,1.1789504639092099,62.24183299124065,983.6379905622189,6.63957324816054,2.3760436305147117
2023-10-30,4.048815357843443,56.9550284147898,999.8715972690727,5.2857921931301455,2.1240411545860214
2023-10-31,3.041651081937295,33.711253790260486,991.1261908502396,4.747611250552291,3.761948988332217
2023-11-01,3.1435213217208346,63.4391394322273,1014.7536524065533,0.28174878292553274,2.2943673517612804
2023-11-02,1.4387986928821928,74.47396416446534,1015.4048764946776,2.540805930683421,2.533100926874493
2023-11-03,-1.2590184969243037,61.796126760157186,1015.8322495861072,6.807606096760598,4.0569313285704585
2023-11-04,-0.8321498377622003,50.10501438593847,1003.4107173228539,2.953934555407846,1.7131818660077478
2023-11-05,4.805909243829733,52.465772914442304,1019.7414400511999,8.616108667353473,3.62003570094629
2023-11-06,2.885288881446232,76.25648623583282,1020.1626249646853,12.039203971980196,2.7827639896443435
2023-11-07,2.5640469435581705,67.8176019368265,1000.4485093279484,6.969155902523967,3.7234229404628785
2023-11-08,1.8641450216812814,65.46819367300265,998.3396179855113,9.478495674095473,2.116075217498662
2023-11-09,2.3799956974961036,62.37412798659571,1012.9986831377306,7.162181714888205,5.909047112061153
2023-11-10,6.599512980205347,50.08887238798761,1030.9178227361335,3.397213931983436,0.2417524989468338
2023-11-11,2.6196806272174813,56.68444787983358,1029.9974274219865,5.600454994422274,4.372346385086395
2023-11-12,-0.2277754553530329,59.334660370891356,1018.6340436044806,11.039962838292325,1.118912449243836
2023-11-13,6.199699982160733,62.39589316956407,1005.7000332841992,3.4293387721176467,1.2904246464796165
2023-11-14,3.5307094339671625,73.32383422568546,1021.8684265948858,1.8820181033657781,2.868297691573847
2023-11-15,4.419338262371705,68.97371223674543,1008.4757573519096,1.5974167306541918,2.70743525026912
2023-11-16,9.330860013423825,41.14072643532768,1005.324929633262,4.347411848499353,1.083901264212701
2023-11-17,4.632526819593466,59.923686279213754,991.5603316837801,1.9895837340708136,1.2748612889203872
2023-11-18,5.750896736861991,64.49218508324797,1014.0238219834765,10.022058282311711,2.59934220895808
2023-11-19,1.5387102524708385,65.41924817521094,1006.7013265086263,5.649069603773863,1.9988994303281102
2023-11-20,4.611548227422392,51.40188825241461,1013.964303795285,7.915178929281509,4.006420025885059
2023-11-21,7.297093622273142,85.49254534654705,990.0064230376294,4.104003828260905,3.641272272471294
2023-11-22,1.0031775718632518,46.72756559075719,1014.6982667258369,1.5794084067316452,0.5526762788038622
2023-11-23,6.475382227620233,45.93042441952939,988.6887883602838,1.0718181637001685,1.5889882739624095
2023-11-24,6.381472913522958,59.145214355854286,1023.8794025326855,2.2760247734656374,5.8002438658539575
2023-11-25,6.4118582649553,77.96210141716088,1018.2189123413508,6.042576482080133,6.846017200837273
2023-11-26,9.610950351607954,46.83257631715431,1010.2133522857541,6.559648795303843,4.194507970763234
2023-11-27,7.716785847031261,53.48332342001444,1018.6271986008207,6.809588219176055,0.47816321951599305
2023-11-28,11.364138121994843,65.09086766915951,1003.2192573733645,0.5339819486544286,5.185823888688212
2023-11-29,4.167997342734637,57.737379779755344,1013.723755156149,4.99877244230519,3.8011988605883777
2023-11-30,7.777709543873481,52.765106682760305,1020.9477403846033,1.9218145073228223,4.930914895309357
2023-12-01,7.846767106770182,61.7329454654821,982.0571075090861,6.204397902753585,1.9199960265846294
2023-12-02,4.611228916997936,60.41956544379697,1008.5277564032248,6.4372311664923565,5.8974620918260365
2023-12-03,10.91563094273127,64.84657238500228,1012.7735586986363,1.4834808589206854,2.51513153595267
2023-12-04,15.250579791452296,65.28939899492748,1011.0370638225423,7.904088821589044,3.53972859449954
2023-12-05,8.45734788829203,58.8413566559076,1027.571018262274,12.016468824584734,1.9880524959944903
2023-12-06,10.257159225636546,57.78874764096482,1001.7609887507712,7.504507212753987,1.8948784529876013
2023-12-07,9.231235589356375,57.52549202818315,1006.7884075655477,4.511497881346686,2.334673585501292
2023-12-08,7.074294896624361,61.35415811818069,993.8413097369155,4.050362890370773,2.015301320650995
2023-12-09,3.9918510232338535,58.55578086709772,1028.1028665127315,4.372808054982475,4.003111552925971
2023-12-10,7.5775377180683225,56.205146317742944,1010.537098573912,2.717798459668968,2.628785373172005
2023-12-11,5.761281363233104,69.08563052665588,1008.615911119633,5.757194619956148,4.249353904071672
2023-12-12,15.293261308791877,67.5145311491545,1012.4751731768929,1.5846122265370872,2.2768722436453137
2023-12-13,10.080852548385941,39.884044279472825,1019.3623582843032,0.6690933597937008,5.973404671698314
2023-12-14,9.63500551964934,55.28270875758102,1016.4736340351612,5.658805045440646,2.686926336103639
2023-12-15,13.588089111351838,46.31901110987174,1039.4788421355709,5.063699197327463,0.07119013251874867
2023-12-16,7.8044472646895136,52.98806170279452,1017.5393588840377,3.2864899506884173,3.0753206907406594
2023-12-17,9.119316395897094,59.465503899404666,1008.3475457083092,1.1519101321688998,1.3281792765862643
2023-12-18,11.875394112683363,60.756686659083,1007.3864326247606,5.869232080742105,1.206634378443922
2023-12-19,15.009739476241155,51.373865825765975,1009.0724104758319,2.0294748842886476,1.6370476748770855
2023-12-20,13.681654487857706,34.02576940884312,997.9816307537017,4.583166947403996,0.015315998573487422
2023-12-21,13.17557826482548,43.76175506182547,1013.3986420749159,10.294915562379334,0.0
2023-12-22,12.919720895743833,62.50513625412974,1020.8346810620892,6.953569308726152,2.1070978032558667
2023-12-23,14.141525984881348,25.52497278721001,1006.8663639937677,0.8926020128549101,3.381513339809528
2023-12-24,13.801838041897472,64.97335249587127,1004.9261994371589,1.1754452869630923,2.168289762987987
2023-12-25,10.363557713957661,60.030521049466586,1028.1594514629423,5.455457278231276,1.3412343828560183
2023-12-26,13.848765683837755,66.23737797338134,998.7351684337883,0.8740379538229375,11.426033249902702
2023-12-27,10.746897621211934,52.64085932058443,992.321816235227,1.0051764437028599,0.9840339385707275
2023-12-28,14.46895262035366,32.15146944959412,1001.4709805635262,6.59711603389017,0.4956015972500445
2023-12-29,13.041732001194088,57.78276041446794,997.5956728287571,5.9628072629626026,1.3050621001181821
2023-12-30,22.359944526011056,61.56655897737789,1016.8622606410459,6.351794993837397,2.7542100159960374
2023-12-31,14.880316848744872,61.80705963076178,1009.3929549955043,5.789105545453712,2.157145398890323
